po_id,po_date,vendor_id,vendor_cluster,vendor_is_new,vendor_reliability,fabric_type,garment_category,order_qty,destination_city,destination_tier,payment_mode,season,sampling_delay_days,fabric_arrival_delay_days,trims_confirmation_lag_days,factory_ncr_count,buyer_change_frequency,planned_lead_time_days,actual_lead_time_days,delivery_date,delay_days,is_delayed,return_probability,is_returned,delay_score,return_score,delay_band,return_band
PO000029,2025-04-01,V02,Tirupur,False,0.88,woven,overshirt,191,Kolkata,Tier-1,Prepaid,normal,3,5,1,1,1,34,41,2025-05-12,7,True,0.275,False,50,31,Medium (35-65),Low (0-35)
PO000470,2025-04-01,V02,Tirupur,False,0.88,knit,hoodie,399,Indore,Tier-2,Prepaid,normal,1,1,1,1,1,22,22,2025-04-23,0,False,0.22,True,37,25,Medium (35-65),Low (0-35)
PO000764,2025-04-01,V03,Tirupur,False,0.85,knit,hoodie,230,Coimbatore,Tier-2,COD,normal,5,1,2,0,1,22,26,2025-04-27,4,False,0.275,True,37,47,Medium (35-65),Medium (35-65)
PO001465,2025-04-01,V05,Bengaluru,False,0.93,knit,t-shirt,94,Jaipur,Tier-2,COD,normal,1,4,3,1,3,22,25,2025-04-26,3,False,0.373,True,32,60,Low (0-35),Medium (35-65)
PO001928,2025-04-01,V04,Tirupur,False,0.9,woven,overshirt,199,Jaipur,Tier-2,COD,normal,1,2,0,1,2,35,43,2025-05-14,8,True,0.344,True,43,60,Medium (35-65),Medium (35-65)
PO002447,2025-04-01,V02,Tirupur,False,0.88,knit,sweatshirt,262,Nagpur,Tier-3,COD,normal,2,2,2,1,1,24,25,2025-04-26,1,False,0.33,False,36,54,Medium (35-65),Medium (35-65)
PO002757,2025-04-01,V02,Tirupur,False,0.88,knit,polo,175,Vijayawada,Tier-3,COD,normal,4,0,1,1,1,24,28,2025-04-29,4,False,0.33,False,42,62,Medium (35-65),Medium (35-65)
PO003604,2025-04-01,V04,Tirupur,False,0.9,knit,sweatshirt,256,Coimbatore,Tier-2,Prepaid,normal,1,1,0,0,2,22,24,2025-04-25,2,False,0.22,False,29,25,Low (0-35),Low (0-35)
PO003622,2025-04-01,V09,Delhi NCR,False,0.86,woven,denim-jacket,50,Vadodara,Tier-2,COD,normal,1,7,1,0,1,35,42,2025-05-13,7,True,0.344,False,37,49,Medium (35-65),Medium (35-65)
PO003675,2025-04-01,V02,Tirupur,False,0.88,woven,shirt,169,Raipur,Tier-3,COD,normal,4,1,1,2,2,37,41,2025-05-12,4,False,0.33,False,54,67,Medium (35-65),High (65-100)
PO003692,2025-04-01,V05,Bengaluru,False,0.93,woven,chinos,165,Nagpur,Tier-3,COD,normal,1,1,3,3,1,37,39,2025-05-10,2,False,0.38,False,43,70,Medium (35-65),High (65-100)
PO003751,2025-04-01,V05,Bengaluru,False,0.93,knit,sweatshirt,283,Ahmedabad,Tier-2,COD,normal,1,0,1,1,2,22,21,2025-04-22,-1,False,0.275,True,21,44,Low (0-35),Medium (35-65)
PO004149,2025-04-01,V08,Ludhiana,False,0.84,woven,trouser,212,Tiruchirappalli,Tier-3,Prepaid,normal,5,2,2,3,3,37,42,2025-05-13,5,False,0.312,False,56,58,Medium (35-65),Medium (35-65)
PO004545,2025-04-01,V04,Tirupur,False,0.9,knit,sweatshirt,101,Bengaluru,Tier-1,Prepaid,normal,4,1,1,2,3,21,22,2025-04-23,1,False,0.26,True,36,28,Medium (35-65),Low (0-35)
PO004795,2025-04-01,V02,Tirupur,False,0.88,knit,polo,219,Chandigarh,Tier-2,COD,normal,2,7,3,1,1,22,25,2025-04-26,3,False,0.316,False,44,61,Medium (35-65),Medium (35-65)
PO000878,2025-04-02,V06,Bengaluru,False,0.89,knit,t-shirt,351,Chennai,Tier-1,Prepaid,normal,2,2,1,0,1,21,24,2025-04-26,3,False,0.22,False,22,15,Low (0-35),Low (0-35)
PO001054,2025-04-02,V07,Ludhiana,False,0.87,knit,hoodie,52,Kochi,Tier-2,Prepaid,normal,1,1,1,2,2,22,23,2025-04-25,1,False,0.22,False,15,22,Low (0-35),Low (0-35)
PO001629,2025-04-02,V02,Tirupur,False,0.88,knit,henley,347,Ahmedabad,Tier-2,Prepaid,normal,2,3,2,0,2,22,25,2025-04-27,3,False,0.22,True,29,25,Low (0-35),Low (0-35)
PO001880,2025-04-02,V01,Tirupur,False,0.92,knit,hoodie,344,Bhubaneswar,Tier-3,Prepaid,normal,1,0,2,4,1,24,29,2025-05-01,5,False,0.317,False,37,46,Medium (35-65),Medium (35-65)
PO002164,2025-04-02,V02,Tirupur,False,0.88,woven,trouser,115,Mumbai,Tier-1,COD,normal,1,3,4,2,1,34,44,2025-05-16,10,True,0.395,False,43,59,Medium (35-65),Medium (35-65)
PO002299,2025-04-02,V11,Tirupur,True,0.75,knit,henley,134,Chennai,Tier-1,COD,normal,1,5,1,4,1,21,32,2025-05-04,11,True,0.474,True,81,87,High (65-100),High (65-100)
PO002333,2025-04-02,V02,Tirupur,False,0.88,knit,t-shirt,207,Tiruchirappalli,Tier-3,Prepaid,normal,1,1,2,2,1,24,25,2025-04-27,1,False,0.264,False,34,32,Low (0-35),Low (0-35)
PO002446,2025-04-02,V03,Tirupur,False,0.85,knit,polo,293,Hyderabad,Tier-1,Prepaid,normal,1,1,1,3,2,21,26,2025-04-28,5,False,0.22,False,24,18,Low (0-35),Low (0-35)
PO002537,2025-04-02,V01,Tirupur,False,0.92,knit,hoodie,260,Jodhpur,Tier-3,COD,normal,2,0,3,0,3,24,27,2025-04-29,3,False,0.448,True,47,78,Medium (35-65),High (65-100)
PO002810,2025-04-02,V02,Tirupur,False,0.88,knit,t-shirt,366,Dehradun,Tier-3,Prepaid,normal,4,0,2,1,3,24,25,2025-04-27,1,False,0.312,True,54,50,Medium (35-65),Medium (35-65)
PO003127,2025-04-02,V05,Bengaluru,False,0.93,woven,shirt,209,Vadodara,Tier-2,Prepaid,normal,15,9,3,3,1,35,42,2025-05-14,7,True,0.316,True,50,41,Medium (35-65),Medium (35-65)
PO003678,2025-04-02,V01,Tirupur,False,0.92,knit,hoodie,174,Mumbai,Tier-1,Prepaid,normal,2,0,3,3,1,21,24,2025-04-26,3,False,0.253,False,29,24,Low (0-35),Low (0-35)
PO003782,2025-04-02,V02,Tirupur,False,0.88,knit,polo,114,Indore,Tier-2,Prepaid,normal,1,1,1,3,1,22,21,2025-04-23,-1,False,0.22,True,29,25,Low (0-35),Low (0-35)
PO004668,2025-04-02,V01,Tirupur,False,0.92,woven,denim-jacket,176,Bengaluru,Tier-1,COD,normal,1,20,2,1,1,34,48,2025-05-20,14,True,0.344,True,46,53,Medium (35-65),Medium (35-65)
PO000365,2025-04-03,V02,Tirupur,False,0.88,knit,hoodie,144,Pune,Tier-2,Prepaid,normal,3,1,1,3,1,22,25,2025-04-28,3,False,0.22,True,35,25,Low (0-35),Low (0-35)
PO001047,2025-04-03,V07,Ludhiana,False,0.87,knit,polo,147,Delhi,Tier-1,Prepaid,normal,4,2,1,0,2,21,22,2025-04-25,1,False,0.22,True,16,15,Low (0-35),Low (0-35)
PO001069,2025-04-03,V03,Tirupur,False,0.85,woven,chinos,138,Ranchi,Tier-3,Prepaid,normal,0,1,1,1,3,37,38,2025-05-11,1,False,0.312,False,52,55,Medium (35-65),Medium (35-65)
PO001472,2025-04-03,V09,Delhi NCR,False,0.86,woven,chinos,129,Hyderabad,Tier-1,Prepaid,normal,1,12,4,0,2,34,41,2025-05-14,7,True,0.316,False,35,26,Low (0-35),Low (0-35)
PO001660,2025-04-03,V01,Tirupur,False,0.92,knit,sweatshirt,413,Bhubaneswar,Tier-3,Prepaid,normal,1,2,1,4,1,24,30,2025-05-03,6,True,0.396,False,45,54,Medium (35-65),Medium (35-65)
PO002071,2025-04-03,V02,Tirupur,False,0.88,knit,polo,208,Vijayawada,Tier-3,COD,normal,15,0,1,0,1,24,34,2025-05-07,10,True,0.413,False,42,62,Medium (35-65),Medium (35-65)
PO002183,2025-04-03,V08,Ludhiana,False,0.84,woven,shirt,322,Surat,Tier-2,Prepaid,normal,1,1,1,7,1,35,33,2025-05-06,-2,False,0.264,False,42,55,Medium (35-65),Medium (35-65)
PO002445,2025-04-03,V09,Delhi NCR,False,0.86,woven,denim-jacket,331,Hyderabad,Tier-1,COD,normal,2,3,1,0,1,34,33,2025-05-06,-1,False,0.275,False,24,42,Low (0-35),Medium (35-65)
PO002823,2025-04-03,V05,Bengaluru,False,0.93,knit,hoodie,162,Kolkata,Tier-1,Prepaid,normal,5,1,2,0,3,21,20,2025-04-23,-1,False,0.26,False,26,25,Low (0-35),Low (0-35)
PO002850,2025-04-03,V04,Tirupur,False,0.9,knit,polo,270,Madurai,Tier-3,Prepaid,normal,0,1,0,0,3,24,29,2025-05-02,5,False,0.312,False,40,50,Medium (35-65),Medium (35-65)
PO003237,2025-04-03,V02,Tirupur,False,0.88,knit,henley,191,Nagpur,Tier-3,COD,normal,9,1,0,0,2,24,33,2025-05-06,9,True,0.413,False,42,62,Medium (35-65),Medium (35-65)
PO004067,2025-04-03,V01,Tirupur,False,0.92,knit,henley,158,Kochi,Tier-2,COD,normal,1,2,2,1,1,22,28,2025-05-01,6,True,0.344,True,31,47,Low (0-35),Medium (35-65)
PO004369,2025-04-03,V02,Tirupur,False,0.88,knit,hoodie,183,Bengaluru,Tier-1,Prepaid,normal,4,0,2,1,2,21,21,2025-04-24,0,False,0.22,False,30,18,Low (0-35),Low (0-35)
PO004394,2025-04-03,V02,Tirupur,False,0.88,woven,denim-jacket,223,Ahmedabad,Tier-2,COD,normal,3,3,1,3,1,35,47,2025-05-20,12,True,0.344,True,49,60,Medium (35-65),Medium (35-65)
PO000578,2025-04-04,V05,Bengaluru,False,0.93,knit,polo,274,Jodhpur,Tier-3,COD,normal,3,1,1,1,1,24,27,2025-05-01,3,False,0.33,False,32,51,Low (0-35),Medium (35-65)
PO000590,2025-04-04,V01,Tirupur,False,0.92,knit,sweatshirt,294,Jaipur,Tier-2,COD,normal,2,1,1,1,1,22,27,2025-05-01,5,False,0.275,True,31,47,Low (0-35),Medium (35-65)
PO001086,2025-04-04,V07,Ludhiana,False,0.87,knit,hoodie,108,Ranchi,Tier-3,Prepaid,normal,1,2,2,1,2,24,29,2025-05-03,5,False,0.264,True,20,29,Low (0-35),Low (0-35)
PO001252,2025-04-04,V04,Tirupur,False,0.9,knit,polo,211,Indore,Tier-2,Prepaid,normal,1,0,0,1,1,22,23,2025-04-27,1,False,0.22,False,29,25,Low (0-35),Low (0-35)
PO002074,2025-04-04,V01,Tirupur,False,0.92,knit,hoodie,208,Lucknow,Tier-2,Prepaid,normal,1,2,0,3,1,22,25,2025-04-29,3,False,0.22,False,29,25,Low (0-35),Low (0-35)
PO002582,2025-04-04,V06,Bengaluru,False,0.89,knit,henley,219,Bhubaneswar,Tier-3,Prepaid,normal,4,2,1,1,1,24,27,2025-05-01,3,False,0.264,False,30,29,Low (0-35),Low (0-35)
PO002594,2025-04-04,V01,Tirupur,False,0.92,knit,henley,192,Jodhpur,Tier-3,Prepaid,normal,3,2,3,2,1,24,27,2025-05-01,3,False,0.304,True,45,46,Medium (35-65),Medium (35-65)
PO003881,2025-04-04,V01,Tirupur,False,0.92,knit,t-shirt,316,Chandigarh,Tier-2,COD,normal,3,1,1,1,3,22,30,2025-05-04,8,True,0.406,True,43,65,Medium (35-65),Medium (35-65)
PO000808,2025-04-05,V01,Tirupur,False,0.92,knit,henley,276,Delhi,Tier-1,COD,normal,4,1,1,1,1,21,27,2025-05-02,6,True,0.344,False,32,40,Low (0-35),Medium (35-65)
PO002831,2025-04-05,V01,Tirupur,False,0.92,knit,t-shirt,95,Patna,Tier-3,Prepaid,normal,2,1,1,1,1,24,27,2025-05-02,3,False,0.264,True,34,32,Low (0-35),Low (0-35)
PO003277,2025-04-05,V09,Delhi NCR,False,0.86,woven,trouser,320,Coimbatore,Tier-2,COD,normal,1,3,1,0,1,35,41,2025-05-16,6,True,0.344,False,29,49,Low (0-35),Medium (35-65)
PO003912,2025-04-05,V09,Delhi NCR,False,0.86,woven,overshirt,230,Vijayawada,Tier-3,Prepaid,normal,2,9,1,1,3,37,43,2025-05-18,6,True,0.389,True,46,52,Medium (35-65),Medium (35-65)
PO004087,2025-04-05,V02,Tirupur,False,0.88,woven,chinos,111,Kochi,Tier-2,Prepaid,normal,1,1,7,1,2,35,37,2025-05-12,2,False,0.253,False,46,44,Medium (35-65),Medium (35-65)
PO004089,2025-04-05,V01,Tirupur,False,0.92,knit,henley,236,Kolkata,Tier-1,Prepaid,normal,7,2,2,3,2,21,26,2025-05-01,5,False,0.22,False,30,18,Low (0-35),Low (0-35)
PO004367,2025-04-05,V10,Delhi NCR,False,0.82,woven,shirt,335,Patna,Tier-3,COD,normal,8,1,2,3,1,37,35,2025-05-10,-2,False,0.33,False,52,70,Medium (35-65),High (65-100)
PO004645,2025-04-05,V09,Delhi NCR,False,0.86,woven,overshirt,237,Raipur,Tier-3,Prepaid,normal,3,2,1,2,2,37,37,2025-05-12,0,False,0.264,False,38,34,Medium (35-65),Low (0-35)
PO004740,2025-04-05,V10,Delhi NCR,False,0.82,woven,chinos,253,Bengaluru,Tier-1,COD,normal,3,5,0,1,3,34,39,2025-05-14,5,False,0.325,False,56,66,Medium (35-65),High (65-100)
PO000297,2025-04-06,V02,Tirupur,False,0.88,knit,henley,200,Mysuru,Tier-3,COD,normal,1,1,2,1,1,24,25,2025-05-01,1,False,0.33,True,36,54,Medium (35-65),Medium (35-65)
PO000601,2025-04-06,V09,Delhi NCR,False,0.86,woven,shirt,160,Pune,Tier-2,COD,normal,3,2,1,0,2,35,41,2025-05-17,6,True,0.344,False,35,49,Low (0-35),Medium (35-65)
PO000712,2025-04-06,V01,Tirupur,False,0.92,knit,henley,199,Tiruchirappalli,Tier-3,COD,normal,2,1,1,1,1,24,28,2025-05-04,4,False,0.33,False,36,54,Medium (35-65),Medium (35-65)
PO001222,2025-04-06,V06,Bengaluru,False,0.89,knit,hoodie,216,Ahmedabad,Tier-2,Prepaid,normal,6,1,2,1,1,22,23,2025-04-29,1,False,0.22,False,25,22,Low (0-35),Low (0-35)
PO001267,2025-04-06,V01,Tirupur,False,0.92,woven,trouser,124,Indore,Tier-2,COD,normal,7,6,0,3,1,35,41,2025-05-17,6,True,0.344,False,57,60,Medium (35-65),Medium (35-65)
PO001514,2025-04-06,V09,Delhi NCR,False,0.86,woven,chinos,108,Delhi,Tier-1,COD,normal,1,7,3,0,1,34,31,2025-05-07,-3,False,0.316,False,37,48,Medium (35-65),Medium (35-65)
PO002296,2025-04-06,V01,Tirupur,False,0.92,knit,t-shirt,139,Kolkata,Tier-1,Prepaid,normal,2,2,3,4,1,21,22,2025-04-28,1,False,0.304,True,32,38,Low (0-35),Medium (35-65)
PO002557,2025-04-06,V06,Bengaluru,False,0.89,knit,sweatshirt,244,Mumbai,Tier-1,Prepaid,normal,1,1,2,1,3,21,25,2025-05-01,4,False,0.26,True,20,25,Low (0-35),Low (0-35)
PO003902,2025-04-06,V04,Tirupur,False,0.9,knit,t-shirt,182,Madurai,Tier-3,COD,normal,15,1,3,2,1,24,28,2025-05-04,4,False,0.38,False,47,68,Medium (35-65),High (65-100)
PO000289,2025-04-07,V01,Tirupur,False,0.92,knit,sweatshirt,274,Vijayawada,Tier-3,COD,normal,1,3,4,1,3,24,28,2025-05-05,4,False,0.448,True,47,78,Medium (35-65),High (65-100)
PO000500,2025-04-07,V03,Tirupur,False,0.85,knit,henley,53,Kolkata,Tier-1,COD,normal,2,0,2,1,1,21,25,2025-05-02,4,False,0.275,False,26,40,Low (0-35),Medium (35-65)
PO000744,2025-04-07,V05,Bengaluru,False,0.93,knit,polo,149,Madurai,Tier-3,Prepaid,normal,0,1,1,2,3,24,26,2025-05-03,2,False,0.312,False,30,39,Low (0-35),Medium (35-65)
PO001922,2025-04-07,V01,Tirupur,False,0.92,knit,polo,264,Mumbai,Tier-1,COD,normal,2,2,1,0,1,21,21,2025-04-28,0,False,0.275,False,26,40,Low (0-35),Medium (35-65)
PO002052,2025-04-07,V02,Tirupur,False,0.88,knit,hoodie,119,Mysuru,Tier-3,COD,normal,2,1,4,1,1,24,27,2025-05-04,3,False,0.38,True,41,68,Medium (35-65),High (65-100)
PO002221,2025-04-07,V06,Bengaluru,False,0.89,knit,sweatshirt,246,Lucknow,Tier-2,COD,normal,2,2,1,1,1,22,22,2025-04-29,0,False,0.275,True,21,44,Low (0-35),Medium (35-65)
PO002631,2025-04-07,V04,Tirupur,False,0.9,knit,hoodie,266,Surat,Tier-2,COD,normal,4,0,2,2,1,22,25,2025-05-02,3,False,0.275,True,37,47,Medium (35-65),Medium (35-65)
PO002640,2025-04-07,V07,Ludhiana,False,0.87,knit,t-shirt,193,Ahmedabad,Tier-2,COD,normal,3,1,1,2,1,22,23,2025-04-30,1,False,0.275,False,23,44,Low (0-35),Medium (35-65)
PO002744,2025-04-07,V05,Bengaluru,False,0.93,knit,henley,145,Lucknow,Tier-2,COD,normal,5,1,2,2,3,22,23,2025-04-30,1,False,0.325,False,33,54,Low (0-35),Medium (35-65)
PO002828,2025-04-07,V02,Tirupur,False,0.88,woven,overshirt,229,Chennai,Tier-1,COD,normal,4,2,1,3,3,34,34,2025-05-11,0,False,0.325,True,50,63,Medium (35-65),Medium (35-65)
PO002892,2025-04-07,V06,Bengaluru,False,0.89,woven,overshirt,55,Madurai,Tier-3,COD,normal,2,1,1,0,1,37,38,2025-05-15,1,False,0.33,True,38,56,Medium (35-65),Medium (35-65)
PO003924,2025-04-07,V10,Delhi NCR,False,0.82,woven,chinos,226,Indore,Tier-2,COD,normal,1,5,2,4,1,35,33,2025-05-10,-2,False,0.33,False,52,77,Medium (35-65),High (65-100)
PO004221,2025-04-07,V01,Tirupur,False,0.92,knit,henley,271,Vadodara,Tier-2,COD,normal,1,1,1,2,1,22,25,2025-05-02,3,False,0.275,False,31,47,Low (0-35),Medium (35-65)
PO000526,2025-04-08,V04,Tirupur,False,0.9,knit,hoodie,216,Mysuru,Tier-3,COD,normal,7,0,1,3,2,24,29,2025-05-07,5,False,0.33,False,42,62,Medium (35-65),Medium (35-65)
PO000671,2025-04-08,V05,Bengaluru,False,0.93,knit,hoodie,184,Delhi,Tier-1,COD,normal,1,1,10,1,1,21,22,2025-04-30,1,False,0.316,True,21,43,Low (0-35),Medium (35-65)
PO001550,2025-04-08,V01,Tirupur,False,0.92,knit,hoodie,304,Nagpur,Tier-3,Prepaid,normal,1,3,1,1,2,24,27,2025-05-05,3,False,0.264,False,34,32,Low (0-35),Low (0-35)
PO001659,2025-04-08,V04,Tirupur,False,0.9,knit,hoodie,225,Jaipur,Tier-2,Prepaid,normal,15,3,2,6,3,22,28,2025-05-06,6,True,0.389,False,44,57,Medium (35-65),Medium (35-65)
PO002122,2025-04-08,V05,Bengaluru,False,0.93,knit,henley,82,Chandigarh,Tier-2,COD,normal,3,1,0,1,2,22,22,2025-04-30,0,False,0.275,False,27,44,Low (0-35),Medium (35-65)
PO002258,2025-04-08,V02,Tirupur,False,0.88,knit,sweatshirt,327,Pune,Tier-2,Prepaid,normal,1,0,2,0,2,22,26,2025-05-04,4,False,0.22,True,29,25,Low (0-35),Low (0-35)
PO002394,2025-04-08,V01,Tirupur,False,0.92,knit,henley,183,Kochi,Tier-2,Prepaid,normal,1,1,2,2,2,22,23,2025-05-01,1,False,0.22,False,29,25,Low (0-35),Low (0-35)
PO002426,2025-04-08,V01,Tirupur,False,0.92,knit,henley,285,Hyderabad,Tier-1,COD,normal,1,0,1,1,1,21,22,2025-04-30,1,False,0.275,False,26,40,Low (0-35),Medium (35-65)
PO002471,2025-04-08,V05,Bengaluru,False,0.93,knit,hoodie,166,Ahmedabad,Tier-2,Prepaid,normal,3,0,2,2,3,22,27,2025-05-05,5,False,0.26,True,31,32,Low (0-35),Low (0-35)
PO002616,2025-04-08,V07,Ludhiana,False,0.87,woven,shirt,124,Delhi,Tier-1,Prepaid,normal,3,6,3,1,2,34,35,2025-05-13,1,False,0.253,False,41,34,Medium (35-65),Low (0-35)
PO002670,2025-04-08,V01,Tirupur,False,0.92,woven,overshirt,116,Ranchi,Tier-3,Prepaid,normal,2,4,1,3,2,37,46,2025-05-24,9,True,0.33,True,46,45,Medium (35-65),Medium (35-65)
PO002707,2025-04-08,V05,Bengaluru,False,0.93,knit,polo,200,Jaipur,Tier-2,COD,normal,7,2,3,1,1,22,26,2025-05-04,4,False,0.316,False,32,50,Low (0-35),Medium (35-65)
PO003136,2025-04-08,V04,Tirupur,False,0.9,knit,hoodie,242,Tiruchirappalli,Tier-3,COD,normal,0,1,2,0,3,24,27,2025-05-05,3,False,0.389,False,42,72,Medium (35-65),High (65-100)
PO003313,2025-04-08,V07,Ludhiana,False,0.87,knit,t-shirt,294,Guwahati,Tier-3,COD,normal,2,4,1,1,1,24,25,2025-05-03,1,False,0.33,False,22,51,Low (0-35),Medium (35-65)
PO003521,2025-04-08,V06,Bengaluru,False,0.89,knit,sweatshirt,214,Mumbai,Tier-1,Prepaid,normal,2,5,1,1,1,21,26,2025-05-04,5,False,0.22,False,22,15,Low (0-35),Low (0-35)
PO003578,2025-04-08,V01,Tirupur,False,0.92,knit,henley,134,Vadodara,Tier-2,Prepaid,normal,1,4,3,2,1,22,24,2025-05-02,2,False,0.253,False,34,31,Low (0-35),Low (0-35)
PO004485,2025-04-08,V07,Ludhiana,False,0.87,knit,sweatshirt,167,Indore,Tier-2,COD,normal,1,5,1,1,2,22,30,2025-05-08,8,True,0.344,False,25,44,Low (0-35),Medium (35-65)
PO004944,2025-04-08,V04,Tirupur,False,0.9,woven,denim-jacket,233,Jodhpur,Tier-3,Prepaid,normal,3,1,2,2,2,37,39,2025-05-17,2,False,0.264,False,52,45,Medium (35-65),Medium (35-65)
PO001102,2025-04-09,V05,Bengaluru,False,0.93,knit,henley,109,Surat,Tier-2,Prepaid,normal,1,1,1,0,2,22,21,2025-04-30,-1,False,0.22,False,19,22,Low (0-35),Low (0-35)
PO001153,2025-04-09,V05,Bengaluru,False,0.93,knit,polo,224,Hyderabad,Tier-1,COD,normal,3,4,3,4,1,21,26,2025-05-05,5,False,0.38,False,30,57,Low (0-35),Medium (35-65)
PO001285,2025-04-09,V10,Delhi NCR,False,0.82,knit,polo,274,Pune,Tier-2,COD,normal,0,0,2,4,2,22,23,2025-05-02,1,False,0.33,False,32,64,Low (0-35),Medium (35-65)
PO001308,2025-04-09,V01,Tirupur,False,0.92,knit,polo,226,Kolkata,Tier-1,Prepaid,normal,2,1,2,1,2,21,25,2025-05-04,4,False,0.22,True,24,18,Low (0-35),Low (0-35)
PO002726,2025-04-09,V01,Tirupur,False,0.92,woven,denim-jacket,176,Lucknow,Tier-2,COD,normal,1,0,0,2,1,35,42,2025-05-21,7,True,0.344,False,43,60,Medium (35-65),Medium (35-65)
PO002814,2025-04-09,V05,Bengaluru,False,0.93,knit,polo,194,Jaipur,Tier-2,Prepaid,normal,3,0,1,1,2,22,22,2025-05-01,0,False,0.22,False,25,22,Low (0-35),Low (0-35)
PO003547,2025-04-09,V05,Bengaluru,False,0.93,knit,polo,65,Lucknow,Tier-2,COD,normal,9,5,1,0,3,22,29,2025-05-08,7,True,0.406,False,41,62,Medium (35-65),Medium (35-65)
PO003555,2025-04-09,V04,Tirupur,False,0.9,knit,hoodie,151,Coimbatore,Tier-2,Prepaid,normal,3,1,0,2,1,22,27,2025-05-06,5,False,0.22,False,35,25,Low (0-35),Low (0-35)
PO004154,2025-04-09,V02,Tirupur,False,0.88,knit,t-shirt,202,Bengaluru,Tier-1,Prepaid,normal,1,1,2,2,1,21,21,2025-04-30,0,False,0.22,False,24,18,Low (0-35),Low (0-35)
PO004666,2025-04-09,V01,Tirupur,False,0.92,knit,polo,97,Hyderabad,Tier-1,Prepaid,normal,1,1,1,0,1,21,23,2025-05-02,2,False,0.22,False,24,18,Low (0-35),Low (0-35)
PO000570,2025-04-10,V04,Tirupur,False,0.9,knit,t-shirt,314,Chennai,Tier-1,COD,normal,1,0,1,3,1,21,23,2025-05-03,2,False,0.275,True,26,40,Low (0-35),Medium (35-65)
PO000622,2025-04-10,V02,Tirupur,False,0.88,woven,denim-jacket,158,Ranchi,Tier-3,Prepaid,normal,2,11,2,2,1,37,41,2025-05-21,4,False,0.264,False,54,45,Medium (35-65),Medium (35-65)
PO001045,2025-04-10,V07,Ludhiana,False,0.87,knit,polo,131,Mumbai,Tier-1,Prepaid,normal,2,2,1,1,1,21,26,2025-05-06,5,False,0.22,False,10,15,Low (0-35),Low (0-35)
PO001828,2025-04-10,V05,Bengaluru,False,0.93,knit,polo,79,Jaipur,Tier-2,COD,normal,2,1,1,0,1,22,24,2025-05-04,2,False,0.275,False,21,44,Low (0-35),Medium (35-65)
PO002075,2025-04-10,V01,Tirupur,False,0.92,knit,henley,202,Tiruchirappalli,Tier-3,COD,normal,15,1,0,0,1,24,27,2025-05-07,3,False,0.33,False,42,62,Medium (35-65),Medium (35-65)
PO002103,2025-04-10,V05,Bengaluru,False,0.93,knit,henley,246,Bengaluru,Tier-1,Prepaid,normal,1,0,2,0,2,21,23,2025-05-03,2,False,0.22,False,14,15,Low (0-35),Low (0-35)
PO002111,2025-04-10,V01,Tirupur,False,0.92,knit,hoodie,134,Ahmedabad,Tier-2,COD,normal,0,4,1,0,1,22,28,2025-05-08,6,True,0.344,True,31,47,Low (0-35),Medium (35-65)
PO003145,2025-04-10,V01,Tirupur,False,0.92,woven,overshirt,214,Kochi,Tier-2,COD,normal,3,0,1,5,3,35,33,2025-05-13,-2,False,0.389,True,58,84,Medium (35-65),High (65-100)
PO003370,2025-04-10,V09,Delhi NCR,False,0.86,knit,henley,352,Kochi,Tier-2,COD,normal,1,2,1,1,1,22,23,2025-05-03,1,False,0.275,False,25,44,Low (0-35),Medium (35-65)
PO003815,2025-04-10,V05,Bengaluru,False,0.93,knit,t-shirt,88,Kolkata,Tier-1,COD,normal,3,4,1,1,1,21,21,2025-05-01,0,False,0.275,False,22,37,Low (0-35),Medium (35-65)
PO003945,2025-04-10,V01,Tirupur,False,0.92,knit,sweatshirt,102,Kolkata,Tier-1,Prepaid,normal,2,0,3,0,1,21,24,2025-05-04,3,False,0.253,False,29,24,Low (0-35),Low (0-35)
PO004282,2025-04-10,V01,Tirupur,False,0.92,knit,henley,279,Chennai,Tier-1,COD,normal,0,5,0,0,2,21,23,2025-05-03,2,False,0.275,False,34,40,Low (0-35),Medium (35-65)
PO000096,2025-04-11,V01,Tirupur,False,0.92,knit,henley,241,Pune,Tier-2,Prepaid,normal,1,1,2,0,1,22,28,2025-05-09,6,True,0.275,False,29,25,Low (0-35),Low (0-35)
PO000128,2025-04-11,V08,Ludhiana,False,0.84,woven,denim-jacket,223,Mumbai,Tier-1,Prepaid,normal,1,2,3,4,2,34,43,2025-05-24,9,True,0.38,False,42,54,Medium (35-65),Medium (35-65)
PO000879,2025-04-11,V04,Tirupur,False,0.9,knit,sweatshirt,158,Ahmedabad,Tier-2,Prepaid,normal,1,0,6,2,1,22,26,2025-05-07,4,False,0.253,True,34,31,Low (0-35),Low (0-35)
PO000942,2025-04-11,V03,Tirupur,False,0.85,knit,hoodie,69,Ahmedabad,Tier-2,Prepaid,normal,1,1,3,0,1,22,25,2025-05-06,3,False,0.253,True,34,31,Low (0-35),Low (0-35)
PO001185,2025-04-11,V10,Delhi NCR,False,0.82,woven,shirt,297,Ahmedabad,Tier-2,COD,normal,1,3,6,5,3,35,40,2025-05-21,5,False,0.448,False,55,93,Medium (35-65),High (65-100)
PO001555,2025-04-11,V07,Ludhiana,False,0.87,woven,trouser,95,Chandigarh,Tier-2,COD,normal,3,5,1,5,3,35,37,2025-05-18,2,False,0.389,True,52,81,Medium (35-65),High (65-100)
PO001893,2025-04-11,V02,Tirupur,False,0.88,knit,t-shirt,100,Jodhpur,Tier-3,Prepaid,normal,2,2,1,1,1,24,25,2025-05-06,1,False,0.264,False,34,32,Low (0-35),Low (0-35)
PO001973,2025-04-11,V06,Bengaluru,False,0.89,knit,hoodie,297,Bhubaneswar,Tier-3,COD,normal,3,0,2,2,3,24,28,2025-05-09,4,False,0.389,False,38,61,Medium (35-65),Medium (35-65)
PO001978,2025-04-11,V01,Tirupur,False,0.92,woven,trouser,301,Kolkata,Tier-1,COD,normal,1,1,1,0,2,34,37,2025-05-18,3,False,0.275,True,38,45,Medium (35-65),Medium (35-65)
PO002109,2025-04-11,V12,Bengaluru,True,0.78,woven,overshirt,132,Hyderabad,Tier-1,COD,normal,1,3,1,1,1,34,44,2025-05-25,10,True,0.395,True,62,73,Medium (35-65),High (65-100)
PO002335,2025-04-11,V01,Tirupur,False,0.92,woven,trouser,105,Bhubaneswar,Tier-3,COD,normal,12,3,1,4,1,37,44,2025-05-25,7,True,0.495,True,57,81,Medium (35-65),High (65-100)
PO002602,2025-04-11,V03,Tirupur,False,0.85,knit,t-shirt,240,Lucknow,Tier-2,Prepaid,normal,4,1,2,0,1,22,23,2025-05-04,1,False,0.22,False,35,25,Low (0-35),Low (0-35)
PO002659,2025-04-11,V05,Bengaluru,False,0.93,woven,trouser,50,Vadodara,Tier-2,COD,normal,1,14,0,1,2,35,40,2025-05-21,5,False,0.275,True,41,57,Medium (35-65),Medium (35-65)
PO003156,2025-04-11,V06,Bengaluru,False,0.89,knit,polo,160,Kochi,Tier-2,COD,normal,3,4,4,3,2,22,24,2025-05-05,2,False,0.316,False,32,50,Low (0-35),Medium (35-65)
PO003325,2025-04-11,V08,Ludhiana,False,0.84,woven,overshirt,95,Indore,Tier-2,COD,normal,1,1,3,3,2,35,44,2025-05-25,9,True,0.395,False,46,69,Medium (35-65),High (65-100)
PO003441,2025-04-11,V01,Tirupur,False,0.92,woven,trouser,194,Tiruchirappalli,Tier-3,COD,normal,3,4,1,1,1,37,37,2025-05-18,0,False,0.33,False,54,67,Medium (35-65),High (65-100)
PO003630,2025-04-11,V04,Tirupur,False,0.9,knit,henley,207,Bengaluru,Tier-1,Prepaid,normal,1,1,2,2,1,21,21,2025-05-02,0,False,0.22,False,24,18,Low (0-35),Low (0-35)
PO004012,2025-04-11,V01,Tirupur,False,0.92,knit,hoodie,99,Surat,Tier-2,Prepaid,normal,1,1,1,1,3,22,27,2025-05-08,5,False,0.26,True,35,35,Low (0-35),Low (0-35)
PO004051,2025-04-11,V05,Bengaluru,False,0.93,woven,overshirt,142,Lucknow,Tier-2,COD,normal,3,10,4,2,3,35,39,2025-05-20,4,False,0.373,True,58,73,Medium (35-65),High (65-100)
PO004191,2025-04-11,V01,Tirupur,False,0.92,woven,overshirt,50,Bhubaneswar,Tier-3,COD,normal,2,1,3,1,1,37,50,2025-05-31,13,True,0.474,True,53,73,Medium (35-65),High (65-100)
PO004357,2025-04-11,V01,Tirupur,False,0.92,knit,henley,61,Hyderabad,Tier-1,COD,normal,1,3,1,2,2,21,27,2025-05-08,6,True,0.344,True,26,40,Low (0-35),Medium (35-65)
PO004539,2025-04-11,V05,Bengaluru,False,0.93,knit,sweatshirt,184,Mysuru,Tier-3,Prepaid,normal,1,1,2,1,2,24,27,2025-05-08,3,False,0.264,False,24,29,Low (0-35),Low (0-35)
PO004655,2025-04-11,V09,Delhi NCR,False,0.86,woven,shirt,253,Surat,Tier-2,COD,normal,2,1,4,2,1,35,38,2025-05-19,3,False,0.316,False,34,55,Low (0-35),Medium (35-65)
PO000065,2025-04-12,V02,Tirupur,False,0.88,knit,sweatshirt,159,Ranchi,Tier-3,Prepaid,normal,0,3,2,3,2,24,24,2025-05-06,0,False,0.264,False,34,32,Low (0-35),Low (0-35)
PO000078,2025-04-12,V07,Ludhiana,False,0.87,knit,polo,281,Coimbatore,Tier-2,COD,normal,1,1,2,0,1,22,25,2025-05-07,3,False,0.275,False,17,44,Low (0-35),Medium (35-65)
PO000347,2025-04-12,V07,Ludhiana,False,0.87,woven,trouser,293,Surat,Tier-2,COD,normal,1,2,2,1,1,35,36,2025-05-18,1,False,0.275,False,29,49,Low (0-35),Medium (35-65)
PO001033,2025-04-12,V01,Tirupur,False,0.92,woven,shirt,113,Mumbai,Tier-1,Prepaid,normal,0,3,1,3,2,34,31,2025-05-13,-3,False,0.22,False,36,23,Medium (35-65),Low (0-35)
PO001984,2025-04-12,V01,Tirupur,False,0.92,knit,hoodie,215,Mysuru,Tier-3,COD,normal,1,1,2,3,1,24,23,2025-05-05,-1,False,0.33,True,36,54,Medium (35-65),Medium (35-65)
PO002395,2025-04-12,V05,Bengaluru,False,0.93,woven,chinos,324,Guwahati,Tier-3,COD,normal,1,5,5,1,2,37,45,2025-05-27,8,True,0.474,True,51,70,Medium (35-65),High (65-100)
PO002649,2025-04-12,V01,Tirupur,False,0.92,woven,overshirt,125,Chennai,Tier-1,Prepaid,normal,3,1,3,4,1,34,36,2025-05-18,2,False,0.304,False,50,51,Medium (35-65),Medium (35-65)
PO002832,2025-04-12,V02,Tirupur,False,0.88,knit,hoodie,397,Kolkata,Tier-1,COD,normal,0,0,1,2,2,21,25,2025-05-07,4,False,0.275,False,34,40,Low (0-35),Medium (35-65)
PO002949,2025-04-12,V01,Tirupur,False,0.92,woven,chinos,233,Madurai,Tier-3,COD,normal,4,9,1,1,1,37,50,2025-06-01,13,True,0.413,False,62,74,Medium (35-65),High (65-100)
PO003286,2025-04-12,V01,Tirupur,False,0.92,knit,henley,236,Kolkata,Tier-1,COD,normal,1,1,2,1,1,21,23,2025-05-05,2,False,0.275,False,26,40,Low (0-35),Medium (35-65)
PO004330,2025-04-12,V06,Bengaluru,False,0.89,knit,sweatshirt,317,Jodhpur,Tier-3,COD,normal,0,1,1,0,1,24,21,2025-05-03,-3,False,0.33,False,26,51,Low (0-35),Medium (35-65)
PO004644,2025-04-12,V07,Ludhiana,False,0.87,knit,polo,123,Surat,Tier-2,COD,normal,6,1,0,0,1,22,24,2025-05-06,2,False,0.275,True,23,44,Low (0-35),Medium (35-65)
PO000151,2025-04-13,V04,Tirupur,False,0.9,knit,sweatshirt,288,Jaipur,Tier-2,COD,normal,10,0,2,1,1,22,25,2025-05-08,3,False,0.275,False,37,47,Medium (35-65),Medium (35-65)
PO000230,2025-04-13,V09,Delhi NCR,False,0.86,woven,shirt,111,Kochi,Tier-2,COD,normal,4,2,1,1,2,35,34,2025-05-17,-1,False,0.275,False,35,49,Low (0-35),Medium (35-65)
PO000324,2025-04-13,V06,Bengaluru,False,0.89,knit,hoodie,129,Bengaluru,Tier-1,COD,normal,9,0,5,1,2,21,22,2025-05-05,1,False,0.316,False,27,43,Low (0-35),Medium (35-65)
PO001744,2025-04-13,V09,Delhi NCR,False,0.86,woven,shirt,136,Kolkata,Tier-1,COD,normal,2,2,0,2,1,34,38,2025-05-21,4,False,0.275,False,24,42,Low (0-35),Medium (35-65)
PO001764,2025-04-13,V02,Tirupur,False,0.88,knit,sweatshirt,177,Raipur,Tier-3,Prepaid,normal,1,1,1,2,3,24,28,2025-05-11,4,False,0.312,False,40,50,Medium (35-65),Medium (35-65)
PO001849,2025-04-13,V09,Delhi NCR,False,0.86,woven,trouser,139,Chandigarh,Tier-2,Prepaid,normal,5,2,2,0,1,35,37,2025-05-20,2,False,0.22,False,33,27,Low (0-35),Low (0-35)
PO002006,2025-04-13,V10,Delhi NCR,False,0.82,woven,trouser,189,Kolkata,Tier-1,Prepaid,normal,1,2,0,2,1,34,31,2025-05-14,-3,False,0.22,False,34,26,Low (0-35),Low (0-35)
PO002119,2025-04-13,V04,Tirupur,False,0.9,woven,shirt,274,Lucknow,Tier-2,COD,normal,2,9,0,1,1,35,38,2025-05-21,3,False,0.275,False,51,60,Medium (35-65),Medium (35-65)
PO002470,2025-04-13,V02,Tirupur,False,0.88,woven,shirt,50,Coimbatore,Tier-2,COD,normal,2,2,3,2,2,35,37,2025-05-20,2,False,0.316,False,48,66,Medium (35-65),High (65-100)
PO002599,2025-04-13,V08,Ludhiana,False,0.84,knit,hoodie,211,Kolkata,Tier-1,COD,normal,9,1,1,4,3,21,27,2025-05-10,6,True,0.487,False,39,67,Medium (35-65),High (65-100)
PO002861,2025-04-13,V04,Tirupur,False,0.9,knit,hoodie,250,Mysuru,Tier-3,Prepaid,normal,1,15,0,1,1,24,30,2025-05-13,6,True,0.33,True,42,40,Medium (35-65),Medium (35-65)
PO002895,2025-04-13,V03,Tirupur,False,0.85,woven,shirt,315,Kolkata,Tier-1,COD,normal,1,1,1,3,2,34,35,2025-05-18,1,False,0.275,False,38,45,Medium (35-65),Medium (35-65)
PO002977,2025-04-13,V02,Tirupur,False,0.88,woven,denim-jacket,204,Kolkata,Tier-1,COD,normal,2,8,0,2,2,34,40,2025-05-23,6,True,0.344,False,46,53,Medium (35-65),Medium (35-65)
PO003365,2025-04-13,V01,Tirupur,False,0.92,knit,henley,96,Madurai,Tier-3,COD,normal,1,3,1,1,2,24,24,2025-05-07,0,False,0.33,True,36,54,Medium (35-65),Medium (35-65)
PO003584,2025-04-13,V01,Tirupur,False,0.92,knit,polo,166,Vadodara,Tier-2,Prepaid,normal,1,1,1,3,1,22,26,2025-05-09,4,False,0.22,False,29,25,Low (0-35),Low (0-35)
PO003787,2025-04-13,V02,Tirupur,False,0.88,knit,sweatshirt,116,Kolkata,Tier-1,COD,normal,1,1,1,1,3,21,30,2025-05-13,9,True,0.406,False,32,50,Low (0-35),Medium (35-65)
PO003853,2025-04-13,V01,Tirupur,False,0.92,knit,henley,230,Patna,Tier-3,COD,normal,1,2,0,1,1,24,30,2025-05-13,6,True,0.413,False,36,54,Medium (35-65),Medium (35-65)
PO004242,2025-04-13,V05,Bengaluru,False,0.93,woven,trouser,250,Hyderabad,Tier-1,Prepaid,normal,4,8,1,2,1,34,32,2025-05-15,-2,False,0.22,False,40,28,Medium (35-65),Low (0-35)
PO004272,2025-04-13,V01,Tirupur,False,0.92,knit,polo,239,Bengaluru,Tier-1,COD,normal,2,2,1,1,1,21,24,2025-05-07,3,False,0.275,False,26,40,Low (0-35),Medium (35-65)
PO000123,2025-04-14,V02,Tirupur,False,0.88,knit,hoodie,175,Chennai,Tier-1,COD,normal,7,1,1,0,3,21,22,2025-05-06,1,False,0.325,True,38,50,Medium (35-65),Medium (35-65)
PO001097,2025-04-14,V01,Tirupur,False,0.92,knit,henley,212,Tiruchirappalli,Tier-3,Prepaid,normal,3,2,1,0,3,24,25,2025-05-09,1,False,0.312,False,46,50,Medium (35-65),Medium (35-65)
PO001502,2025-04-14,V03,Tirupur,False,0.85,woven,overshirt,200,Bhubaneswar,Tier-3,Prepaid,normal,1,2,1,1,2,37,43,2025-05-27,6,True,0.33,False,46,45,Medium (35-65),Medium (35-65)
PO001944,2025-04-14,V01,Tirupur,False,0.92,knit,t-shirt,277,Madurai,Tier-3,COD,normal,1,1,1,2,2,24,27,2025-05-11,3,False,0.33,True,36,54,Medium (35-65),Medium (35-65)
PO002100,2025-04-14,V01,Tirupur,False,0.92,knit,henley,50,Mysuru,Tier-3,COD,normal,7,20,1,1,1,24,26,2025-05-10,2,False,0.33,False,50,62,Medium (35-65),Medium (35-65)
PO002592,2025-04-14,V02,Tirupur,False,0.88,woven,overshirt,216,Bengaluru,Tier-1,Prepaid,normal,4,2,1,2,2,34,37,2025-05-21,3,False,0.22,False,42,31,Medium (35-65),Low (0-35)
PO002621,2025-04-14,V01,Tirupur,False,0.92,knit,sweatshirt,206,Mysuru,Tier-3,COD,normal,1,1,3,2,2,24,24,2025-05-08,0,False,0.38,False,41,68,Medium (35-65),High (65-100)
PO003717,2025-04-14,V01,Tirupur,False,0.92,knit,hoodie,206,Chandigarh,Tier-2,Prepaid,normal,1,2,1,3,2,22,24,2025-05-08,2,False,0.22,True,29,25,Low (0-35),Low (0-35)
PO003876,2025-04-14,V01,Tirupur,False,0.92,knit,hoodie,139,Patna,Tier-3,COD,normal,4,1,1,1,1,24,30,2025-05-14,6,True,0.413,False,42,62,Medium (35-65),Medium (35-65)
PO003920,2025-04-14,V04,Tirupur,False,0.9,knit,polo,207,Delhi,Tier-1,Prepaid,normal,0,4,1,0,2,21,24,2025-05-08,3,False,0.22,False,24,18,Low (0-35),Low (0-35)
PO004549,2025-04-14,V01,Tirupur,False,0.92,knit,t-shirt,267,Bengaluru,Tier-1,COD,normal,1,3,2,2,2,21,23,2025-05-07,2,False,0.275,False,26,40,Low (0-35),Medium (35-65)
PO001388,2025-04-15,V03,Tirupur,False,0.85,knit,polo,290,Lucknow,Tier-2,Prepaid,normal,1,3,3,1,2,22,26,2025-05-11,4,False,0.253,False,34,31,Low (0-35),Low (0-35)
PO001413,2025-04-15,V04,Tirupur,False,0.9,knit,t-shirt,94,Delhi,Tier-1,Prepaid,normal,2,1,3,2,1,21,23,2025-05-08,2,False,0.253,False,29,24,Low (0-35),Low (0-35)
PO001653,2025-04-15,V05,Bengaluru,False,0.93,knit,t-shirt,217,Guwahati,Tier-3,COD,normal,3,1,1,3,2,24,28,2025-05-13,4,False,0.33,False,32,51,Low (0-35),Medium (35-65)
PO001661,2025-04-15,V05,Bengaluru,False,0.93,knit,sweatshirt,190,Tiruchirappalli,Tier-3,COD,normal,1,7,0,4,2,24,26,2025-05-11,2,False,0.396,False,37,65,Medium (35-65),Medium (35-65)
PO001815,2025-04-15,V02,Tirupur,False,0.88,knit,polo,85,Delhi,Tier-1,COD,normal,1,7,3,3,1,21,26,2025-05-11,5,False,0.316,False,39,46,Medium (35-65),Medium (35-65)
PO001980,2025-04-15,V04,Tirupur,False,0.9,knit,polo,210,Kochi,Tier-2,Prepaid,normal,9,2,3,1,2,22,25,2025-05-10,3,False,0.253,True,40,39,Medium (35-65),Medium (35-65)
PO002363,2025-04-15,V10,Delhi NCR,False,0.82,woven,shirt,231,Chennai,Tier-1,Prepaid,normal,14,0,6,3,3,34,34,2025-05-19,0,False,0.299,True,51,50,Medium (35-65),Medium (35-65)
PO003287,2025-04-15,V10,Delhi NCR,False,0.82,woven,overshirt,217,Raipur,Tier-3,COD,normal,15,1,1,2,1,37,40,2025-05-25,3,False,0.33,False,52,70,Medium (35-65),High (65-100)
PO003502,2025-04-15,V08,Ludhiana,False,0.84,woven,chinos,304,Kochi,Tier-2,Prepaid,normal,2,9,1,0,1,35,39,2025-05-24,4,False,0.22,False,47,41,Medium (35-65),Medium (35-65)
PO003567,2025-04-15,V05,Bengaluru,False,0.93,knit,sweatshirt,227,Jodhpur,Tier-3,Prepaid,normal,1,1,1,1,1,24,24,2025-05-09,0,False,0.264,False,24,29,Low (0-35),Low (0-35)
PO000165,2025-04-16,V02,Tirupur,False,0.88,knit,t-shirt,393,Surat,Tier-2,COD,normal,4,1,1,3,2,22,28,2025-05-14,6,True,0.344,False,45,55,Medium (35-65),Medium (35-65)
PO000729,2025-04-16,V02,Tirupur,False,0.88,knit,hoodie,206,Nagpur,Tier-3,COD,normal,1,3,1,2,2,24,28,2025-05-14,4,False,0.33,False,36,54,Medium (35-65),Medium (35-65)
PO002044,2025-04-16,V03,Tirupur,False,0.85,knit,henley,299,Kolkata,Tier-1,COD,normal,2,1,1,1,1,21,25,2025-05-11,4,False,0.275,False,26,40,Low (0-35),Medium (35-65)
PO002345,2025-04-16,V01,Tirupur,False,0.92,knit,sweatshirt,234,Kolkata,Tier-1,Prepaid,normal,5,0,1,2,2,21,27,2025-05-13,6,True,0.275,False,30,18,Low (0-35),Low (0-35)
PO002779,2025-04-16,V02,Tirupur,False,0.88,knit,henley,236,Raipur,Tier-3,COD,normal,1,1,2,3,1,24,28,2025-05-14,4,False,0.33,True,36,54,Medium (35-65),Medium (35-65)
PO003459,2025-04-16,V04,Tirupur,False,0.9,knit,polo,157,Pune,Tier-2,COD,normal,1,8,1,3,2,22,20,2025-05-06,-2,False,0.275,False,39,47,Medium (35-65),Medium (35-65)
PO004052,2025-04-16,V03,Tirupur,False,0.85,knit,polo,246,Ranchi,Tier-3,COD,normal,2,1,3,1,3,24,27,2025-05-13,3,False,0.448,True,47,78,Medium (35-65),High (65-100)
PO004305,2025-04-16,V06,Bengaluru,False,0.89,knit,t-shirt,215,Patna,Tier-3,Prepaid,normal,2,0,1,0,2,24,25,2025-05-11,1,False,0.264,False,24,29,Low (0-35),Low (0-35)
PO004350,2025-04-16,V06,Bengaluru,False,0.89,knit,hoodie,263,Jaipur,Tier-2,Prepaid,normal,1,0,2,1,1,22,23,2025-05-09,1,False,0.22,False,19,22,Low (0-35),Low (0-35)
PO004569,2025-04-16,V01,Tirupur,False,0.92,knit,t-shirt,120,Ahmedabad,Tier-2,Prepaid,normal,1,5,7,1,1,22,29,2025-05-15,7,True,0.316,True,42,39,Medium (35-65),Medium (35-65)
PO000455,2025-04-17,V02,Tirupur,False,0.88,woven,chinos,181,Ahmedabad,Tier-2,COD,normal,2,1,3,0,2,35,35,2025-05-22,0,False,0.316,False,48,66,Medium (35-65),High (65-100)
PO000718,2025-04-17,V09,Delhi NCR,False,0.86,woven,overshirt,297,Coimbatore,Tier-2,COD,normal,3,1,3,3,1,35,35,2025-05-22,0,False,0.316,True,40,63,Medium (35-65),Medium (35-65)
PO001897,2025-04-17,V09,Delhi NCR,False,0.86,woven,chinos,260,Mumbai,Tier-1,COD,normal,4,16,1,2,3,34,38,2025-05-25,4,False,0.325,True,44,60,Medium (35-65),Medium (35-65)
PO002432,2025-04-17,V02,Tirupur,False,0.88,knit,polo,294,Guwahati,Tier-3,COD,normal,0,2,4,0,1,24,31,2025-05-18,7,True,0.474,False,41,68,Medium (35-65),High (65-100)
PO002545,2025-04-17,V02,Tirupur,False,0.88,knit,polo,269,Mysuru,Tier-3,Prepaid,normal,2,0,2,0,1,24,28,2025-05-15,4,False,0.264,False,34,32,Low (0-35),Low (0-35)
PO002727,2025-04-17,V01,Tirupur,False,0.92,knit,sweatshirt,366,Bengaluru,Tier-1,COD,normal,2,1,1,4,1,21,26,2025-05-13,5,False,0.33,False,37,54,Medium (35-65),Medium (35-65)
PO002813,2025-04-17,V05,Bengaluru,False,0.93,woven,denim-jacket,233,Coimbatore,Tier-2,Prepaid,normal,2,2,1,1,1,35,42,2025-05-29,7,True,0.275,False,31,27,Low (0-35),Low (0-35)
PO003082,2025-04-17,V09,Delhi NCR,False,0.86,woven,chinos,220,Mysuru,Tier-3,COD,normal,1,13,4,0,2,37,29,2025-05-16,-8,False,0.38,False,47,70,Medium (35-65),High (65-100)
PO003135,2025-04-17,V03,Tirupur,False,0.85,knit,henley,202,Mysuru,Tier-3,COD,normal,3,3,2,3,2,24,31,2025-05-18,7,True,0.413,True,42,62,Medium (35-65),Medium (35-65)
PO003356,2025-04-17,V01,Tirupur,False,0.92,knit,t-shirt,85,Surat,Tier-2,COD,normal,2,2,1,0,1,22,26,2025-05-13,4,False,0.275,False,31,47,Low (0-35),Medium (35-65)
PO003431,2025-04-17,V01,Tirupur,False,0.92,knit,sweatshirt,213,Coimbatore,Tier-2,COD,normal,1,0,1,0,1,22,27,2025-05-14,5,False,0.275,False,31,47,Low (0-35),Medium (35-65)
PO003685,2025-04-17,V01,Tirupur,False,0.92,knit,henley,134,Lucknow,Tier-2,COD,normal,2,1,3,3,1,22,23,2025-05-10,1,False,0.316,False,36,53,Medium (35-65),Medium (35-65)
PO004261,2025-04-17,V01,Tirupur,False,0.92,woven,chinos,50,Ranchi,Tier-3,Prepaid,normal,1,4,1,2,1,37,47,2025-06-03,10,True,0.33,True,46,45,Medium (35-65),Medium (35-65)
PO000157,2025-04-18,V01,Tirupur,False,0.92,woven,chinos,266,Vadodara,Tier-2,COD,normal,2,2,0,1,3,35,37,2025-05-25,2,False,0.325,False,49,70,Medium (35-65),High (65-100)
PO000197,2025-04-18,V08,Ludhiana,False,0.84,woven,overshirt,100,Mumbai,Tier-1,COD,normal,2,1,0,1,1,34,30,2025-05-18,-4,False,0.275,False,36,48,Medium (35-65),Medium (35-65)
PO001358,2025-04-18,V04,Tirupur,False,0.9,knit,hoodie,299,Patna,Tier-3,Prepaid,normal,2,5,3,0,1,24,29,2025-05-17,5,False,0.304,False,47,46,Medium (35-65),Medium (35-65)
PO001962,2025-04-18,V02,Tirupur,False,0.88,knit,hoodie,235,Kolkata,Tier-1,COD,normal,3,3,2,4,2,21,28,2025-05-16,7,True,0.412,True,35,54,Low (0-35),Medium (35-65)
PO002130,2025-04-18,V03,Tirupur,False,0.85,knit,henley,167,Hyderabad,Tier-1,Prepaid,normal,2,0,1,3,1,21,24,2025-05-12,3,False,0.22,False,24,18,Low (0-35),Low (0-35)
PO002298,2025-04-18,V06,Bengaluru,False,0.89,knit,t-shirt,265,Pune,Tier-2,COD,normal,5,0,1,1,3,22,26,2025-05-14,4,False,0.325,False,33,54,Low (0-35),Medium (35-65)
PO002456,2025-04-18,V04,Tirupur,False,0.9,knit,henley,207,Kolkata,Tier-1,Prepaid,normal,0,2,1,1,2,21,23,2025-05-11,2,False,0.22,False,24,18,Low (0-35),Low (0-35)
PO002480,2025-04-18,V05,Bengaluru,False,0.93,knit,sweatshirt,59,Kochi,Tier-2,Prepaid,normal,1,1,3,2,2,22,23,2025-05-11,1,False,0.253,False,24,28,Low (0-35),Low (0-35)
PO003951,2025-04-18,V06,Bengaluru,False,0.89,knit,henley,196,Mumbai,Tier-1,COD,normal,3,1,3,0,2,21,24,2025-05-12,3,False,0.316,False,27,43,Low (0-35),Medium (35-65)
PO004166,2025-04-18,V01,Tirupur,False,0.92,knit,sweatshirt,168,Dehradun,Tier-3,COD,normal,1,0,1,3,1,24,26,2025-05-14,2,False,0.33,False,36,54,Medium (35-65),Medium (35-65)
PO000456,2025-04-19,V07,Ludhiana,False,0.87,knit,polo,80,Chennai,Tier-1,Prepaid,normal,0,2,1,2,1,21,20,2025-05-09,-1,False,0.22,False,10,15,Low (0-35),Low (0-35)
PO000461,2025-04-19,V02,Tirupur,False,0.88,knit,henley,137,Nagpur,Tier-3,Prepaid,normal,9,1,2,1,1,24,29,2025-05-18,5,False,0.264,True,40,40,Medium (35-65),Medium (35-65)
PO000678,2025-04-19,V07,Ludhiana,False,0.87,woven,chinos,110,Pune,Tier-2,COD,normal,6,19,1,2,3,35,43,2025-06-01,8,True,0.406,False,49,67,Medium (35-65),High (65-100)
PO001398,2025-04-19,V05,Bengaluru,False,0.93,knit,polo,157,Ahmedabad,Tier-2,Prepaid,normal,5,1,2,0,1,22,26,2025-05-15,4,False,0.22,False,25,22,Low (0-35),Low (0-35)
PO001643,2025-04-19,V01,Tirupur,False,0.92,knit,polo,90,Madurai,Tier-3,COD,normal,5,3,2,1,1,24,31,2025-05-20,7,True,0.413,False,42,62,Medium (35-65),Medium (35-65)
PO002681,2025-04-19,V01,Tirupur,False,0.92,knit,t-shirt,176,Jaipur,Tier-2,COD,normal,0,1,1,2,1,22,23,2025-05-12,1,False,0.275,True,31,47,Low (0-35),Medium (35-65)
PO002725,2025-04-19,V02,Tirupur,False,0.88,knit,t-shirt,50,Indore,Tier-2,COD,normal,1,1,2,2,2,22,23,2025-05-12,1,False,0.275,False,31,47,Low (0-35),Medium (35-65)
PO002801,2025-04-19,V04,Tirupur,False,0.9,woven,denim-jacket,50,Ahmedabad,Tier-2,COD,normal,3,2,1,0,1,35,41,2025-05-30,6,True,0.344,False,49,60,Medium (35-65),Medium (35-65)
PO002960,2025-04-19,V01,Tirupur,False,0.92,woven,denim-jacket,138,Delhi,Tier-1,Prepaid,normal,2,1,0,2,1,34,35,2025-05-24,1,False,0.22,False,36,23,Medium (35-65),Low (0-35)
PO003140,2025-04-19,V02,Tirupur,False,0.88,woven,trouser,212,Pune,Tier-2,COD,normal,3,1,2,3,1,35,38,2025-05-27,3,False,0.275,True,49,60,Medium (35-65),Medium (35-65)
PO003797,2025-04-19,V01,Tirupur,False,0.92,knit,polo,147,Jodhpur,Tier-3,COD,normal,2,1,10,1,2,24,29,2025-05-18,5,False,0.38,False,41,68,Medium (35-65),High (65-100)
PO003958,2025-04-19,V04,Tirupur,False,0.9,knit,sweatshirt,102,Indore,Tier-2,COD,normal,1,5,2,2,1,22,24,2025-05-13,2,False,0.275,False,39,47,Medium (35-65),Medium (35-65)
PO004014,2025-04-19,V01,Tirupur,False,0.92,knit,sweatshirt,278,Kolkata,Tier-1,Prepaid,normal,4,1,1,1,2,21,22,2025-05-11,1,False,0.22,False,30,18,Low (0-35),Low (0-35)
PO004026,2025-04-19,V09,Delhi NCR,False,0.86,woven,trouser,170,Delhi,Tier-1,Prepaid,normal,1,3,2,0,1,34,36,2025-05-25,2,False,0.22,False,22,20,Low (0-35),Low (0-35)
PO004286,2025-04-19,V01,Tirupur,False,0.92,woven,shirt,168,Kolkata,Tier-1,COD,normal,1,1,4,2,1,34,29,2025-05-18,-5,False,0.316,True,43,59,Medium (35-65),Medium (35-65)
PO004387,2025-04-19,V10,Delhi NCR,False,0.82,woven,chinos,84,Delhi,Tier-1,Prepaid,normal,2,15,2,4,1,34,36,2025-05-25,2,False,0.264,False,45,48,Medium (35-65),Medium (35-65)
PO004444,2025-04-19,V04,Tirupur,False,0.9,woven,trouser,227,Lucknow,Tier-2,COD,normal,3,4,0,4,1,35,38,2025-05-27,3,False,0.33,True,52,74,Medium (35-65),High (65-100)
PO000013,2025-04-20,V01,Tirupur,False,0.92,knit,sweatshirt,174,Kochi,Tier-2,COD,normal,1,0,3,3,2,22,26,2025-05-16,4,False,0.316,False,36,53,Medium (35-65),Medium (35-65)
PO000288,2025-04-20,V01,Tirupur,False,0.92,woven,denim-jacket,248,Pune,Tier-2,COD,normal,1,20,2,4,2,35,48,2025-06-07,13,True,0.412,False,54,74,Medium (35-65),High (65-100)
PO000563,2025-04-20,V01,Tirupur,False,0.92,knit,polo,203,Ranchi,Tier-3,Prepaid,normal,3,0,7,1,2,24,32,2025-05-22,8,True,0.38,True,45,46,Medium (35-65),Medium (35-65)
PO000937,2025-04-20,V08,Ludhiana,False,0.84,knit,polo,146,Kolkata,Tier-1,COD,normal,6,0,1,7,2,21,26,2025-05-16,5,False,0.33,True,33,57,Low (0-35),Medium (35-65)
PO001032,2025-04-20,V02,Tirupur,False,0.88,knit,polo,240,Lucknow,Tier-2,COD,normal,4,1,1,1,3,22,30,2025-05-20,8,True,0.406,True,43,65,Medium (35-65),Medium (35-65)
PO001117,2025-04-20,V02,Tirupur,False,0.88,knit,polo,144,Surat,Tier-2,COD,normal,4,6,2,1,1,22,27,2025-05-17,5,False,0.275,False,45,55,Medium (35-65),Medium (35-65)
PO001259,2025-04-20,V02,Tirupur,False,0.88,woven,overshirt,87,Bhubaneswar,Tier-3,Prepaid,normal,1,1,2,0,2,37,46,2025-06-05,9,True,0.33,False,46,45,Medium (35-65),Medium (35-65)
PO001473,2025-04-20,V02,Tirupur,False,0.88,knit,sweatshirt,241,Pune,Tier-2,Prepaid,normal,2,0,1,0,2,22,28,2025-05-18,6,True,0.275,False,29,25,Low (0-35),Low (0-35)
PO001544,2025-04-20,V05,Bengaluru,False,0.93,woven,denim-jacket,283,Vadodara,Tier-2,COD,normal,3,3,1,1,1,35,41,2025-05-31,6,True,0.344,True,39,49,Medium (35-65),Medium (35-65)
PO002414,2025-04-20,V05,Bengaluru,False,0.93,woven,shirt,165,Bengaluru,Tier-1,Prepaid,normal,3,1,1,0,2,34,33,2025-05-23,-1,False,0.22,False,32,20,Low (0-35),Low (0-35)
PO002762,2025-04-20,V05,Bengaluru,False,0.93,woven,trouser,141,Coimbatore,Tier-2,COD,normal,6,3,3,2,3,35,42,2025-06-01,7,True,0.466,False,50,73,Medium (35-65),High (65-100)
PO003635,2025-04-20,V01,Tirupur,False,0.92,woven,shirt,240,Pune,Tier-2,COD,normal,1,7,1,1,1,35,35,2025-05-25,0,False,0.275,False,51,60,Medium (35-65),Medium (35-65)
PO004157,2025-04-20,V02,Tirupur,False,0.88,knit,henley,336,Chennai,Tier-1,COD,normal,0,2,4,3,1,21,25,2025-05-15,4,False,0.316,False,31,46,Low (0-35),Medium (35-65)
PO004201,2025-04-20,V02,Tirupur,False,0.88,knit,hoodie,247,Madurai,Tier-3,COD,normal,14,5,1,2,1,24,33,2025-05-23,9,True,0.413,False,50,62,Medium (35-65),Medium (35-65)
PO004576,2025-04-20,V01,Tirupur,False,0.92,woven,trouser,149,Bengaluru,Tier-1,COD,normal,1,3,2,2,2,34,34,2025-05-24,0,False,0.275,True,38,45,Medium (35-65),Medium (35-65)
PO004933,2025-04-20,V01,Tirupur,False,0.92,knit,t-shirt,190,Bengaluru,Tier-1,COD,normal,3,2,3,1,2,21,28,2025-05-18,7,True,0.395,True,37,46,Medium (35-65),Medium (35-65)
PO000067,2025-04-21,V02,Tirupur,False,0.88,knit,hoodie,158,Chennai,Tier-1,COD,normal,1,2,1,1,3,21,26,2025-05-17,5,False,0.325,False,32,50,Low (0-35),Medium (35-65)
PO000657,2025-04-21,V01,Tirupur,False,0.92,knit,t-shirt,364,Mumbai,Tier-1,Prepaid,normal,0,1,1,3,1,21,23,2025-05-14,2,False,0.22,False,32,18,Low (0-35),Low (0-35)
PO000683,2025-04-21,V02,Tirupur,False,0.88,knit,sweatshirt,243,Hyderabad,Tier-1,Prepaid,normal,4,1,2,2,2,21,23,2025-05-14,2,False,0.22,False,30,18,Low (0-35),Low (0-35)
PO000739,2025-04-21,V02,Tirupur,False,0.88,knit,sweatshirt,337,Vadodara,Tier-2,COD,normal,1,1,1,2,1,22,28,2025-05-19,6,True,0.344,False,31,47,Low (0-35),Medium (35-65)
PO001584,2025-04-21,V10,Delhi NCR,False,0.82,woven,overshirt,194,Raipur,Tier-3,Prepaid,normal,1,1,3,1,1,37,40,2025-05-31,3,False,0.304,False,49,54,Medium (35-65),Medium (35-65)
PO001816,2025-04-21,V01,Tirupur,False,0.92,woven,overshirt,128,Delhi,Tier-1,Prepaid,normal,0,1,3,3,1,34,35,2025-05-26,1,False,0.253,False,41,37,Medium (35-65),Medium (35-65)
PO002020,2025-04-21,V10,Delhi NCR,False,0.82,knit,hoodie,188,Chennai,Tier-1,COD,normal,1,1,1,7,1,21,28,2025-05-19,7,True,0.412,True,27,57,Low (0-35),Medium (35-65)
PO002786,2025-04-21,V09,Delhi NCR,False,0.86,knit,henley,146,Bhubaneswar,Tier-3,COD,normal,2,1,1,1,2,24,24,2025-05-15,0,False,0.33,False,22,51,Low (0-35),Medium (35-65)
PO003103,2025-04-21,V08,Ludhiana,False,0.84,woven,chinos,165,Coimbatore,Tier-2,COD,normal,6,2,3,4,3,35,39,2025-05-30,4,False,0.448,False,61,100,Medium (35-65),High (65-100)
PO003139,2025-04-21,V01,Tirupur,False,0.92,knit,henley,53,Bengaluru,Tier-1,COD,normal,4,0,1,2,3,21,22,2025-05-13,1,False,0.325,False,38,50,Medium (35-65),Medium (35-65)
PO003148,2025-04-21,V02,Tirupur,False,0.88,knit,t-shirt,193,Hyderabad,Tier-1,COD,normal,2,1,5,0,3,21,24,2025-05-15,3,False,0.373,False,37,56,Medium (35-65),Medium (35-65)
PO003175,2025-04-21,V01,Tirupur,False,0.92,knit,polo,162,Pune,Tier-2,COD,normal,1,5,0,1,1,22,25,2025-05-16,3,False,0.275,False,39,47,Medium (35-65),Medium (35-65)
PO003701,2025-04-21,V08,Ludhiana,False,0.84,woven,shirt,266,Chandigarh,Tier-2,COD,normal,1,0,0,7,2,35,41,2025-06-01,6,True,0.412,False,44,77,Medium (35-65),High (65-100)
PO004060,2025-04-21,V02,Tirupur,False,0.88,knit,sweatshirt,202,Tiruchirappalli,Tier-3,COD,normal,6,5,2,1,1,24,26,2025-05-17,2,False,0.33,False,50,62,Medium (35-65),Medium (35-65)
PO004121,2025-04-21,V02,Tirupur,False,0.88,woven,chinos,231,Coimbatore,Tier-2,COD,normal,1,4,0,4,3,35,43,2025-06-03,8,True,0.487,False,52,84,Medium (35-65),High (65-100)
PO004153,2025-04-21,V02,Tirupur,False,0.88,knit,t-shirt,198,Surat,Tier-2,COD,normal,2,4,0,1,2,22,28,2025-05-19,6,True,0.344,False,31,47,Low (0-35),Medium (35-65)
PO004155,2025-04-21,V01,Tirupur,False,0.92,knit,polo,252,Guwahati,Tier-3,Prepaid,normal,2,4,1,0,3,24,25,2025-05-16,1,False,0.312,False,40,50,Medium (35-65),Medium (35-65)
PO000708,2025-04-22,V02,Tirupur,False,0.88,knit,sweatshirt,310,Chandigarh,Tier-2,COD,normal,1,8,6,0,1,22,28,2025-05-20,6,True,0.395,True,44,61,Medium (35-65),Medium (35-65)
PO000869,2025-04-22,V09,Delhi NCR,False,0.86,woven,chinos,252,Tiruchirappalli,Tier-3,Prepaid,normal,9,9,1,2,2,37,40,2025-06-01,3,False,0.264,False,46,42,Medium (35-65),Medium (35-65)
PO000969,2025-04-22,V09,Delhi NCR,False,0.86,woven,overshirt,318,Kolkata,Tier-1,COD,normal,1,3,1,0,1,34,36,2025-05-28,2,False,0.275,False,24,42,Low (0-35),Medium (35-65)
PO001292,2025-04-22,V02,Tirupur,False,0.88,knit,t-shirt,351,Delhi,Tier-1,COD,normal,6,0,5,2,2,21,27,2025-05-19,6,True,0.395,True,45,54,Medium (35-65),Medium (35-65)
PO001618,2025-04-22,V03,Tirupur,False,0.85,knit,sweatshirt,207,Delhi,Tier-1,COD,normal,6,5,2,1,1,21,24,2025-05-16,3,False,0.275,False,40,48,Medium (35-65),Medium (35-65)
PO001642,2025-04-22,V07,Ludhiana,False,0.87,woven,denim-jacket,144,Jaipur,Tier-2,COD,normal,3,2,2,0,1,35,32,2025-05-24,-3,False,0.275,False,35,49,Low (0-35),Medium (35-65)
PO001684,2025-04-22,V01,Tirupur,False,0.92,knit,sweatshirt,342,Dehradun,Tier-3,COD,normal,1,1,5,1,1,24,27,2025-05-19,3,False,0.38,False,41,68,Medium (35-65),High (65-100)
PO001729,2025-04-22,V07,Ludhiana,False,0.87,knit,t-shirt,342,Delhi,Tier-1,Prepaid,normal,5,1,1,0,1,21,19,2025-05-11,-2,False,0.22,False,16,15,Low (0-35),Low (0-35)
PO003261,2025-04-22,V05,Bengaluru,False,0.93,woven,shirt,196,Delhi,Tier-1,Prepaid,normal,7,8,1,2,1,34,37,2025-05-29,3,False,0.22,True,40,28,Medium (35-65),Low (0-35)
PO003738,2025-04-22,V02,Tirupur,False,0.88,knit,sweatshirt,112,Vadodara,Tier-2,COD,normal,3,1,2,0,1,22,26,2025-05-18,4,False,0.275,False,37,47,Medium (35-65),Medium (35-65)
PO004145,2025-04-22,V05,Bengaluru,False,0.93,knit,henley,59,Patna,Tier-3,Prepaid,normal,1,1,2,1,3,24,24,2025-05-16,0,False,0.312,False,30,39,Low (0-35),Medium (35-65)
PO004682,2025-04-22,V09,Delhi NCR,False,0.86,woven,chinos,253,Lucknow,Tier-2,Prepaid,normal,3,1,1,1,3,35,39,2025-05-31,4,False,0.26,False,39,37,Medium (35-65),Medium (35-65)
PO004694,2025-04-22,V01,Tirupur,False,0.92,knit,t-shirt,300,Delhi,Tier-1,COD,normal,5,10,2,2,1,21,26,2025-05-18,5,False,0.275,False,40,48,Medium (35-65),Medium (35-65)
PO001191,2025-04-23,V02,Tirupur,False,0.88,woven,denim-jacket,292,Ahmedabad,Tier-2,Prepaid,normal,1,5,4,2,1,35,31,2025-05-24,-4,False,0.253,False,54,44,Medium (35-65),Medium (35-65)
PO001518,2025-04-23,V05,Bengaluru,False,0.93,knit,hoodie,77,Guwahati,Tier-3,Prepaid,normal,3,0,1,1,1,24,24,2025-05-17,0,False,0.264,False,30,29,Low (0-35),Low (0-35)
PO002172,2025-04-23,V05,Bengaluru,False,0.93,knit,henley,263,Vadodara,Tier-2,COD,normal,2,1,1,1,1,22,22,2025-05-15,0,False,0.275,True,21,44,Low (0-35),Medium (35-65)
PO002983,2025-04-23,V06,Bengaluru,False,0.89,woven,trouser,137,Chandigarh,Tier-2,Prepaid,normal,4,0,1,1,1,35,35,2025-05-28,0,False,0.22,False,37,27,Medium (35-65),Low (0-35)
PO003417,2025-04-23,V02,Tirupur,False,0.88,woven,trouser,252,Mumbai,Tier-1,COD,normal,1,1,2,2,2,34,35,2025-05-28,1,False,0.275,False,38,45,Medium (35-65),Medium (35-65)
PO000662,2025-04-24,V05,Bengaluru,False,0.93,woven,denim-jacket,143,Ranchi,Tier-3,Prepaid,normal,3,0,4,3,1,37,43,2025-06-06,6,True,0.38,False,47,48,Medium (35-65),Medium (35-65)
PO001071,2025-04-24,V02,Tirupur,False,0.88,knit,t-shirt,197,Kolkata,Tier-1,COD,normal,2,1,2,0,2,21,24,2025-05-18,3,False,0.275,False,26,40,Low (0-35),Medium (35-65)
PO002126,2025-04-24,V02,Tirupur,False,0.88,knit,t-shirt,153,Bengaluru,Tier-1,Prepaid,normal,2,1,3,2,2,21,24,2025-05-18,3,False,0.253,True,29,24,Low (0-35),Low (0-35)
PO002444,2025-04-24,V08,Ludhiana,False,0.84,woven,shirt,230,Madurai,Tier-3,COD,normal,4,1,1,4,2,37,35,2025-05-29,-2,False,0.396,True,55,84,Medium (35-65),High (65-100)
PO002769,2025-04-24,V04,Tirupur,False,0.9,knit,sweatshirt,231,Bengaluru,Tier-1,COD,normal,1,1,2,0,1,21,25,2025-05-19,4,False,0.275,True,26,40,Low (0-35),Medium (35-65)
PO003213,2025-04-24,V02,Tirupur,False,0.88,woven,overshirt,203,Mumbai,Tier-1,Prepaid,normal,3,1,1,4,1,34,40,2025-06-03,6,True,0.33,True,45,45,Medium (35-65),Medium (35-65)
PO003682,2025-04-24,V04,Tirupur,False,0.9,knit,sweatshirt,54,Guwahati,Tier-3,Prepaid,normal,1,2,1,1,1,24,24,2025-05-18,0,False,0.264,False,34,32,Low (0-35),Low (0-35)
PO003847,2025-04-24,V04,Tirupur,False,0.9,knit,polo,126,Chandigarh,Tier-2,COD,normal,4,1,2,0,2,22,27,2025-05-21,5,False,0.275,True,37,47,Medium (35-65),Medium (35-65)
PO003952,2025-04-24,V01,Tirupur,False,0.92,knit,henley,193,Kochi,Tier-2,COD,normal,3,2,2,2,2,22,27,2025-05-21,5,False,0.275,False,37,47,Medium (35-65),Medium (35-65)
PO004318,2025-04-24,V01,Tirupur,False,0.92,knit,sweatshirt,304,Kolkata,Tier-1,Prepaid,normal,2,0,1,0,1,21,28,2025-05-22,7,True,0.275,False,24,18,Low (0-35),Low (0-35)
PO004423,2025-04-24,V06,Bengaluru,False,0.89,knit,polo,408,Mysuru,Tier-3,COD,normal,1,1,0,2,2,24,26,2025-05-20,2,False,0.33,False,34,51,Low (0-35),Medium (35-65)
PO004581,2025-04-24,V02,Tirupur,False,0.88,woven,shirt,219,Coimbatore,Tier-2,COD,normal,1,10,2,2,1,35,43,2025-06-06,8,True,0.344,False,51,60,Medium (35-65),Medium (35-65)
PO004612,2025-04-24,V01,Tirupur,False,0.92,knit,hoodie,213,Raipur,Tier-3,COD,normal,1,1,1,1,1,24,28,2025-05-22,4,False,0.33,False,36,54,Medium (35-65),Medium (35-65)
PO000215,2025-04-25,V05,Bengaluru,False,0.93,knit,polo,227,Jaipur,Tier-2,COD,normal,2,1,1,0,1,22,19,2025-05-14,-3,False,0.275,False,21,44,Low (0-35),Medium (35-65)
PO000840,2025-04-25,V01,Tirupur,False,0.92,knit,polo,245,Kolkata,Tier-1,Prepaid,normal,1,1,1,0,1,21,21,2025-05-16,0,False,0.22,False,24,18,Low (0-35),Low (0-35)
PO002113,2025-04-25,V01,Tirupur,False,0.92,knit,sweatshirt,309,Nagpur,Tier-3,Prepaid,normal,2,1,1,2,2,24,31,2025-05-26,7,True,0.33,False,34,32,Low (0-35),Low (0-35)
PO002360,2025-04-25,V06,Bengaluru,False,0.89,woven,shirt,179,Chennai,Tier-1,Prepaid,normal,3,7,1,1,1,34,34,2025-05-29,0,False,0.22,False,40,28,Medium (35-65),Low (0-35)
PO002748,2025-04-25,V03,Tirupur,False,0.85,knit,t-shirt,50,Kochi,Tier-2,Prepaid,normal,3,1,0,3,1,22,29,2025-05-24,7,True,0.275,False,35,25,Low (0-35),Low (0-35)
PO002947,2025-04-25,V05,Bengaluru,False,0.93,woven,trouser,93,Chandigarh,Tier-2,COD,normal,2,1,1,3,1,35,36,2025-05-31,1,False,0.275,False,33,49,Low (0-35),Medium (35-65)
PO003078,2025-04-25,V01,Tirupur,False,0.92,knit,t-shirt,196,Surat,Tier-2,Prepaid,normal,0,1,1,2,2,22,25,2025-05-20,3,False,0.22,False,29,25,Low (0-35),Low (0-35)
PO003362,2025-04-25,V04,Tirupur,False,0.9,woven,denim-jacket,158,Jaipur,Tier-2,Prepaid,normal,0,3,1,3,1,35,40,2025-06-04,5,False,0.22,True,41,38,Medium (35-65),Medium (35-65)
PO004097,2025-04-25,V01,Tirupur,False,0.92,knit,polo,204,Delhi,Tier-1,Prepaid,normal,5,0,2,0,1,21,20,2025-05-15,-1,False,0.22,False,30,18,Low (0-35),Low (0-35)
PO004362,2025-04-25,V01,Tirupur,False,0.92,knit,sweatshirt,168,Delhi,Tier-1,Prepaid,normal,1,0,2,3,1,21,23,2025-05-18,2,False,0.22,True,24,18,Low (0-35),Low (0-35)
PO004671,2025-04-25,V01,Tirupur,False,0.92,woven,overshirt,147,Chennai,Tier-1,COD,normal,0,5,1,1,3,34,42,2025-06-06,8,True,0.406,True,52,63,Medium (35-65),Medium (35-65)
PO004769,2025-04-25,V02,Tirupur,False,0.88,knit,t-shirt,165,Kochi,Tier-2,Prepaid,normal,5,1,2,1,1,22,24,2025-05-19,2,False,0.22,False,35,25,Low (0-35),Low (0-35)
PO004903,2025-04-25,V05,Bengaluru,False,0.93,knit,hoodie,380,Ranchi,Tier-3,COD,normal,0,0,1,1,2,24,24,2025-05-19,0,False,0.33,True,34,51,Low (0-35),Medium (35-65)
PO000191,2025-04-26,V06,Bengaluru,False,0.89,knit,hoodie,87,Delhi,Tier-1,Prepaid,normal,2,4,2,2,1,21,23,2025-05-19,2,False,0.22,False,14,15,Low (0-35),Low (0-35)
PO001068,2025-04-26,V04,Tirupur,False,0.9,knit,henley,166,Patna,Tier-3,COD,normal,2,1,1,2,3,24,31,2025-05-27,7,True,0.487,False,42,72,Medium (35-65),High (65-100)
PO001439,2025-04-26,V01,Tirupur,False,0.92,knit,polo,64,Pune,Tier-2,COD,normal,1,2,1,2,1,22,24,2025-05-20,2,False,0.275,False,31,47,Low (0-35),Medium (35-65)
PO001747,2025-04-26,V06,Bengaluru,False,0.89,knit,hoodie,50,Mysuru,Tier-3,Prepaid,normal,2,1,2,0,1,24,24,2025-05-20,0,False,0.264,True,24,29,Low (0-35),Low (0-35)
PO001911,2025-04-26,V08,Ludhiana,False,0.84,woven,overshirt,202,Lucknow,Tier-2,COD,normal,2,1,2,5,1,35,38,2025-06-03,3,False,0.33,False,44,77,Medium (35-65),High (65-100)
PO001966,2025-04-26,V04,Tirupur,False,0.9,knit,t-shirt,121,Vijayawada,Tier-3,COD,normal,3,1,1,1,1,24,22,2025-05-18,-2,False,0.33,False,42,62,Medium (35-65),Medium (35-65)
PO002073,2025-04-26,V01,Tirupur,False,0.92,knit,t-shirt,238,Vadodara,Tier-2,COD,normal,1,2,0,2,1,22,28,2025-05-24,6,True,0.344,False,31,47,Low (0-35),Medium (35-65)
PO003640,2025-04-26,V03,Tirupur,False,0.85,knit,sweatshirt,180,Chandigarh,Tier-2,Prepaid,normal,3,2,2,4,1,22,28,2025-05-24,6,True,0.33,True,38,39,Medium (35-65),Medium (35-65)
PO003915,2025-04-26,V06,Bengaluru,False,0.89,woven,trouser,206,Kochi,Tier-2,Prepaid,normal,6,6,2,3,2,35,36,2025-06-01,1,False,0.22,True,45,35,Medium (35-65),Low (0-35)
PO004115,2025-04-26,V02,Tirupur,False,0.88,knit,hoodie,50,Coimbatore,Tier-2,COD,normal,1,3,0,1,2,22,25,2025-05-21,3,False,0.275,False,31,47,Low (0-35),Medium (35-65)
PO000976,2025-04-27,V01,Tirupur,False,0.92,woven,overshirt,166,Hyderabad,Tier-1,Prepaid,normal,2,1,1,1,1,34,35,2025-06-01,1,False,0.22,True,36,23,Medium (35-65),Low (0-35)
PO000993,2025-04-27,V01,Tirupur,False,0.92,woven,trouser,53,Chennai,Tier-1,Prepaid,normal,1,1,2,4,1,34,36,2025-06-02,2,False,0.264,False,39,37,Medium (35-65),Medium (35-65)
PO001690,2025-04-27,V05,Bengaluru,False,0.93,knit,t-shirt,337,Patna,Tier-3,Prepaid,normal,2,1,2,1,2,24,23,2025-05-20,-1,False,0.264,False,24,29,Low (0-35),Low (0-35)
PO001699,2025-04-27,V01,Tirupur,False,0.92,knit,t-shirt,105,Kochi,Tier-2,COD,normal,1,2,3,1,1,22,24,2025-05-21,2,False,0.316,False,36,53,Medium (35-65),Medium (35-65)
PO002502,2025-04-27,V02,Tirupur,False,0.88,knit,sweatshirt,224,Hyderabad,Tier-1,COD,normal,1,0,1,2,3,21,21,2025-05-18,0,False,0.325,False,32,50,Low (0-35),Medium (35-65)
PO002857,2025-04-27,V03,Tirupur,False,0.85,knit,polo,242,Coimbatore,Tier-2,COD,normal,2,0,3,2,1,22,25,2025-05-22,3,False,0.316,False,36,53,Medium (35-65),Medium (35-65)
PO002961,2025-04-27,V04,Tirupur,False,0.9,knit,hoodie,310,Tiruchirappalli,Tier-3,COD,normal,1,2,2,1,1,24,22,2025-05-19,-2,False,0.33,False,36,54,Medium (35-65),Medium (35-65)
PO003854,2025-04-27,V03,Tirupur,False,0.85,knit,polo,230,Delhi,Tier-1,COD,normal,1,2,3,1,3,21,27,2025-05-24,6,True,0.466,False,37,56,Medium (35-65),Medium (35-65)
PO004143,2025-04-27,V08,Ludhiana,False,0.84,woven,denim-jacket,267,Delhi,Tier-1,COD,normal,2,18,1,1,1,34,37,2025-06-03,3,False,0.275,False,44,56,Medium (35-65),Medium (35-65)
PO004146,2025-04-27,V05,Bengaluru,False,0.93,knit,hoodie,92,Jodhpur,Tier-3,Prepaid,normal,1,5,0,0,1,24,26,2025-05-23,2,False,0.264,False,32,29,Low (0-35),Low (0-35)
PO004429,2025-04-27,V02,Tirupur,False,0.88,knit,polo,207,Jodhpur,Tier-3,COD,normal,2,2,1,2,2,24,29,2025-05-26,5,False,0.33,False,36,54,Medium (35-65),Medium (35-65)
PO004922,2025-04-27,V01,Tirupur,False,0.92,knit,sweatshirt,155,Surat,Tier-2,COD,normal,3,2,1,3,3,22,27,2025-05-24,5,False,0.325,True,43,65,Medium (35-65),Medium (35-65)
PO000836,2025-04-28,V06,Bengaluru,False,0.89,knit,polo,167,Ahmedabad,Tier-2,Prepaid,normal,0,3,1,1,1,22,22,2025-05-20,0,False,0.22,False,19,22,Low (0-35),Low (0-35)
PO001541,2025-04-28,V06,Bengaluru,False,0.89,knit,hoodie,95,Dehradun,Tier-3,Prepaid,normal,7,1,2,0,2,24,27,2025-05-25,3,False,0.264,False,30,29,Low (0-35),Low (0-35)
PO001654,2025-04-28,V05,Bengaluru,False,0.93,knit,polo,186,Pune,Tier-2,Prepaid,normal,1,0,2,1,1,22,23,2025-05-21,1,False,0.22,False,19,22,Low (0-35),Low (0-35)
PO001675,2025-04-28,V03,Tirupur,False,0.85,knit,sweatshirt,265,Jaipur,Tier-2,COD,normal,2,13,3,0,1,22,28,2025-05-26,6,True,0.395,True,44,61,Medium (35-65),Medium (35-65)
PO001824,2025-04-28,V02,Tirupur,False,0.88,knit,sweatshirt,235,Chandigarh,Tier-2,Prepaid,normal,1,1,1,3,1,22,28,2025-05-26,6,True,0.275,False,29,25,Low (0-35),Low (0-35)
PO001837,2025-04-28,V10,Delhi NCR,False,0.82,knit,sweatshirt,268,Kolkata,Tier-1,COD,normal,9,0,4,3,1,21,24,2025-05-22,3,False,0.316,False,35,49,Low (0-35),Medium (35-65)
PO001848,2025-04-28,V02,Tirupur,False,0.88,woven,overshirt,154,Kochi,Tier-2,COD,normal,2,1,1,0,1,35,33,2025-05-31,-2,False,0.275,False,43,60,Medium (35-65),Medium (35-65)
PO002127,2025-04-28,V01,Tirupur,False,0.92,knit,sweatshirt,158,Ahmedabad,Tier-2,Prepaid,normal,4,1,2,2,1,22,23,2025-05-21,1,False,0.22,True,35,25,Low (0-35),Low (0-35)
PO002639,2025-04-28,V01,Tirupur,False,0.92,knit,t-shirt,227,Nagpur,Tier-3,Prepaid,normal,10,0,0,4,3,24,28,2025-05-26,4,False,0.374,True,49,64,Medium (35-65),Medium (35-65)
PO002788,2025-04-28,V02,Tirupur,False,0.88,knit,sweatshirt,318,Guwahati,Tier-3,Prepaid,normal,4,1,2,1,1,24,24,2025-05-22,0,False,0.264,False,40,40,Medium (35-65),Medium (35-65)
PO002881,2025-04-28,V05,Bengaluru,False,0.93,knit,t-shirt,104,Mysuru,Tier-3,Prepaid,normal,3,1,1,2,2,24,24,2025-05-22,0,False,0.264,True,30,29,Low (0-35),Low (0-35)
PO002958,2025-04-28,V05,Bengaluru,False,0.93,knit,sweatshirt,169,Tiruchirappalli,Tier-3,COD,normal,2,0,1,0,3,24,31,2025-05-29,7,True,0.487,False,32,61,Low (0-35),Medium (35-65)
PO003025,2025-04-28,V05,Bengaluru,False,0.93,woven,chinos,204,Bengaluru,Tier-1,COD,normal,1,1,5,0,1,34,37,2025-06-04,3,False,0.316,False,33,48,Low (0-35),Medium (35-65)
PO003123,2025-04-28,V02,Tirupur,False,0.88,woven,overshirt,50,Chandigarh,Tier-2,Prepaid,normal,14,4,3,0,1,35,44,2025-06-11,9,True,0.316,True,52,44,Medium (35-65),Medium (35-65)
PO004234,2025-04-28,V05,Bengaluru,False,0.93,woven,chinos,363,Ahmedabad,Tier-2,COD,normal,1,20,3,3,1,35,42,2025-06-09,7,True,0.395,False,54,63,Medium (35-65),Medium (35-65)
PO004479,2025-04-28,V01,Tirupur,False,0.92,woven,trouser,250,Chandigarh,Tier-2,Prepaid,normal,3,0,2,1,1,35,39,2025-06-06,4,False,0.22,False,47,38,Medium (35-65),Medium (35-65)
PO004792,2025-04-28,V12,Bengaluru,True,0.78,knit,polo,74,Bengaluru,Tier-1,COD,normal,2,0,2,11,3,21,28,2025-05-26,7,True,0.56,True,59,85,Medium (35-65),High (65-100)
PO000113,2025-04-29,V03,Tirupur,False,0.85,woven,trouser,216,Raipur,Tier-3,Prepaid,normal,2,1,3,4,2,37,45,2025-06-13,8,True,0.455,False,54,65,Medium (35-65),Medium (35-65)
PO000728,2025-04-29,V04,Tirupur,False,0.9,knit,t-shirt,215,Guwahati,Tier-3,Prepaid,normal,1,1,1,0,1,24,30,2025-05-29,6,True,0.33,True,34,32,Low (0-35),Low (0-35)
PO001270,2025-04-29,V02,Tirupur,False,0.88,knit,henley,209,Jaipur,Tier-2,COD,normal,3,1,0,3,2,22,25,2025-05-24,3,False,0.275,True,37,47,Medium (35-65),Medium (35-65)
PO003228,2025-04-29,V04,Tirupur,False,0.9,knit,sweatshirt,81,Ahmedabad,Tier-2,COD,normal,3,5,0,0,3,22,25,2025-05-24,3,False,0.325,False,51,65,Medium (35-65),Medium (35-65)
PO003591,2025-04-29,V02,Tirupur,False,0.88,knit,henley,215,Guwahati,Tier-3,COD,normal,1,1,1,1,2,24,34,2025-06-02,10,True,0.413,True,36,54,Medium (35-65),Medium (35-65)
PO004750,2025-04-29,V04,Tirupur,False,0.9,woven,denim-jacket,82,Kochi,Tier-2,COD,normal,2,1,3,1,2,35,31,2025-05-30,-4,False,0.316,False,48,66,Medium (35-65),High (65-100)
PO004854,2025-04-29,V02,Tirupur,False,0.88,knit,sweatshirt,260,Coimbatore,Tier-2,COD,normal,4,4,2,0,2,22,24,2025-05-23,2,False,0.275,False,37,47,Medium (35-65),Medium (35-65)
PO000349,2025-04-30,V08,Ludhiana,False,0.84,woven,chinos,259,Guwahati,Tier-3,COD,normal,6,12,2,2,1,37,43,2025-06-12,6,True,0.413,False,60,77,Medium (35-65),High (65-100)
PO000501,2025-04-30,V09,Delhi NCR,False,0.86,woven,chinos,164,Coimbatore,Tier-2,Prepaid,normal,2,4,1,1,1,35,41,2025-06-10,6,True,0.275,False,27,27,Low (0-35),Low (0-35)
PO000568,2025-04-30,V01,Tirupur,False,0.92,knit,hoodie,234,Coimbatore,Tier-2,Prepaid,normal,3,1,1,4,2,22,28,2025-05-28,6,True,0.33,False,38,39,Medium (35-65),Medium (35-65)
PO000585,2025-04-30,V05,Bengaluru,False,0.93,knit,hoodie,192,Patna,Tier-3,COD,normal,9,0,2,3,3,24,26,2025-05-26,2,False,0.389,False,38,61,Medium (35-65),Medium (35-65)
PO002355,2025-04-30,V06,Bengaluru,False,0.89,knit,t-shirt,303,Coimbatore,Tier-2,Prepaid,normal,1,4,1,2,2,22,25,2025-05-25,3,False,0.22,False,19,22,Low (0-35),Low (0-35)
PO002361,2025-04-30,V07,Ludhiana,False,0.87,knit,polo,261,Bhubaneswar,Tier-3,COD,normal,5,1,3,0,1,24,23,2025-05-23,-1,False,0.38,True,33,57,Low (0-35),Medium (35-65)
PO002955,2025-04-30,V01,Tirupur,False,0.92,knit,sweatshirt,212,Bengaluru,Tier-1,COD,normal,0,0,3,1,1,21,23,2025-05-23,2,False,0.316,True,31,46,Low (0-35),Medium (35-65)
PO003616,2025-04-30,V05,Bengaluru,False,0.93,woven,trouser,86,Indore,Tier-2,COD,normal,3,16,2,4,1,35,41,2025-06-10,6,True,0.412,True,50,71,Medium (35-65),High (65-100)
PO003642,2025-04-30,V12,Bengaluru,True,0.78,knit,polo,88,Delhi,Tier-1,Prepaid,normal,6,1,1,4,1,21,28,2025-05-28,7,True,0.379,False,63,60,Medium (35-65),Medium (35-65)
PO004508,2025-04-30,V03,Tirupur,False,0.85,knit,t-shirt,248,Mumbai,Tier-1,COD,normal,1,6,2,2,3,21,22,2025-05-22,1,False,0.325,True,40,58,Medium (35-65),Medium (35-65)
PO000203,2025-05-01,V01,Tirupur,False,0.92,knit,t-shirt,303,Dehradun,Tier-3,Prepaid,normal,4,1,7,0,2,24,33,2025-06-03,9,True,0.38,False,45,46,Medium (35-65),Medium (35-65)
PO000294,2025-05-01,V02,Tirupur,False,0.88,knit,polo,291,Dehradun,Tier-3,COD,normal,2,1,4,4,1,24,26,2025-05-27,2,False,0.455,True,44,82,Medium (35-65),High (65-100)
PO000400,2025-05-01,V09,Delhi NCR,False,0.86,knit,hoodie,225,Vadodara,Tier-2,Prepaid,normal,2,2,1,0,1,22,27,2025-05-28,5,False,0.22,False,15,22,Low (0-35),Low (0-35)
PO000972,2025-05-01,V01,Tirupur,False,0.92,knit,hoodie,199,Kolkata,Tier-1,COD,normal,1,0,2,1,2,21,20,2025-05-21,-1,False,0.275,False,26,40,Low (0-35),Medium (35-65)
PO001375,2025-05-01,V09,Delhi NCR,False,0.86,knit,sweatshirt,251,Kochi,Tier-2,COD,normal,2,5,4,2,3,22,25,2025-05-26,3,False,0.373,False,36,60,Medium (35-65),Medium (35-65)
PO001827,2025-05-01,V12,Bengaluru,True,0.78,woven,shirt,260,Kochi,Tier-2,COD,normal,4,5,6,3,1,35,44,2025-06-14,9,True,0.455,True,92,86,High (65-100),High (65-100)
PO003010,2025-05-01,V02,Tirupur,False,0.88,knit,t-shirt,260,Coimbatore,Tier-2,COD,normal,1,3,2,1,3,22,25,2025-05-26,3,False,0.325,False,37,57,Medium (35-65),Medium (35-65)
PO003636,2025-05-01,V01,Tirupur,False,0.92,knit,polo,253,Coimbatore,Tier-2,Prepaid,normal,1,5,2,4,1,22,22,2025-05-23,0,False,0.264,False,40,47,Medium (35-65),Medium (35-65)
PO003651,2025-05-01,V06,Bengaluru,False,0.89,knit,t-shirt,341,Pune,Tier-2,Prepaid,normal,2,1,3,1,1,22,21,2025-05-22,-1,False,0.253,False,24,28,Low (0-35),Low (0-35)
PO004003,2025-05-01,V07,Ludhiana,False,0.87,woven,denim-jacket,167,Ranchi,Tier-3,COD,normal,2,1,1,2,1,37,41,2025-06-11,4,False,0.33,True,34,56,Low (0-35),Medium (35-65)
PO004215,2025-05-01,V01,Tirupur,False,0.92,knit,hoodie,173,Lucknow,Tier-2,COD,normal,1,2,2,1,2,22,27,2025-05-28,5,False,0.275,False,31,47,Low (0-35),Medium (35-65)
PO004855,2025-05-01,V08,Ludhiana,False,0.84,woven,denim-jacket,144,Chennai,Tier-1,COD,normal,1,2,0,2,1,34,36,2025-06-06,2,False,0.275,False,36,48,Medium (35-65),Medium (35-65)
PO001280,2025-05-02,V03,Tirupur,False,0.85,woven,denim-jacket,267,Chandigarh,Tier-2,COD,normal,1,15,3,1,1,35,39,2025-06-10,4,False,0.316,False,56,66,Medium (35-65),High (65-100)
PO002225,2025-05-02,V05,Bengaluru,False,0.93,knit,henley,151,Mumbai,Tier-1,Prepaid,normal,3,2,1,3,1,21,24,2025-05-26,3,False,0.22,True,20,15,Low (0-35),Low (0-35)
PO002358,2025-05-02,V06,Bengaluru,False,0.89,knit,hoodie,250,Pune,Tier-2,COD,normal,4,1,1,3,2,22,23,2025-05-25,1,False,0.275,False,27,44,Low (0-35),Medium (35-65)
PO002916,2025-05-02,V06,Bengaluru,False,0.89,woven,denim-jacket,270,Pune,Tier-2,Prepaid,normal,2,2,0,0,1,35,35,2025-06-06,0,False,0.22,False,31,27,Low (0-35),Low (0-35)
PO003044,2025-05-02,V02,Tirupur,False,0.88,knit,henley,235,Bhubaneswar,Tier-3,Prepaid,normal,4,5,1,1,1,24,31,2025-06-02,7,True,0.33,True,48,40,Medium (35-65),Medium (35-65)
PO003262,2025-05-02,V12,Bengaluru,True,0.78,knit,polo,279,Delhi,Tier-1,Prepaid,normal,1,1,4,6,2,21,32,2025-06-03,11,True,0.436,False,56,59,Medium (35-65),Medium (35-65)
PO004225,2025-05-02,V01,Tirupur,False,0.92,knit,t-shirt,381,Vijayawada,Tier-3,COD,normal,3,2,2,2,3,24,30,2025-06-01,6,True,0.487,True,56,72,Medium (35-65),High (65-100)
PO004292,2025-05-02,V06,Bengaluru,False,0.89,knit,t-shirt,296,Vadodara,Tier-2,COD,normal,5,1,1,1,1,22,24,2025-05-26,2,False,0.275,False,27,44,Low (0-35),Medium (35-65)
PO004481,2025-05-02,V01,Tirupur,False,0.92,knit,hoodie,184,Mumbai,Tier-1,Prepaid,normal,2,3,2,0,2,21,29,2025-05-31,8,True,0.275,True,24,18,Low (0-35),Low (0-35)
PO004544,2025-05-02,V06,Bengaluru,False,0.89,knit,hoodie,391,Ahmedabad,Tier-2,COD,normal,1,0,1,3,2,22,22,2025-05-24,0,False,0.275,True,29,44,Low (0-35),Medium (35-65)
PO000032,2025-05-03,V01,Tirupur,False,0.92,knit,polo,190,Vadodara,Tier-2,COD,normal,5,0,1,0,3,22,25,2025-05-28,3,False,0.325,False,43,65,Medium (35-65),Medium (35-65)
PO000196,2025-05-03,V03,Tirupur,False,0.85,knit,henley,213,Guwahati,Tier-3,Prepaid,normal,2,1,5,1,2,24,29,2025-06-01,5,False,0.304,False,39,38,Medium (35-65),Medium (35-65)
PO000291,2025-05-03,V04,Tirupur,False,0.9,knit,t-shirt,311,Ahmedabad,Tier-2,COD,normal,1,2,1,2,1,22,27,2025-05-30,5,False,0.275,False,31,47,Low (0-35),Medium (35-65)
PO000685,2025-05-03,V09,Delhi NCR,False,0.86,woven,denim-jacket,121,Kolkata,Tier-1,COD,normal,1,5,6,0,1,34,38,2025-06-10,4,False,0.316,False,37,48,Medium (35-65),Medium (35-65)
PO000806,2025-05-03,V04,Tirupur,False,0.9,knit,t-shirt,211,Chennai,Tier-1,Prepaid,normal,0,1,1,2,1,21,22,2025-05-25,1,False,0.22,True,24,18,Low (0-35),Low (0-35)
PO001236,2025-05-03,V02,Tirupur,False,0.88,knit,polo,210,Tiruchirappalli,Tier-3,Prepaid,normal,2,1,0,0,3,24,29,2025-06-01,5,False,0.312,False,40,50,Medium (35-65),Medium (35-65)
PO001877,2025-05-03,V03,Tirupur,False,0.85,woven,shirt,282,Kolkata,Tier-1,Prepaid,normal,3,2,2,1,2,34,41,2025-06-13,7,True,0.275,True,42,31,Medium (35-65),Low (0-35)
PO002017,2025-05-03,V01,Tirupur,False,0.92,woven,trouser,114,Ahmedabad,Tier-2,Prepaid,normal,3,6,2,1,2,35,34,2025-06-06,-1,False,0.22,True,55,38,Medium (35-65),Medium (35-65)
PO002170,2025-05-03,V04,Tirupur,False,0.9,knit,henley,167,Surat,Tier-2,Prepaid,normal,2,2,1,2,1,22,26,2025-05-29,4,False,0.22,True,29,25,Low (0-35),Low (0-35)
PO002227,2025-05-03,V07,Ludhiana,False,0.87,knit,henley,193,Jaipur,Tier-2,Prepaid,normal,1,1,2,2,1,22,21,2025-05-24,-1,False,0.22,False,15,22,Low (0-35),Low (0-35)
PO002316,2025-05-03,V07,Ludhiana,False,0.87,woven,denim-jacket,65,Pune,Tier-2,COD,normal,1,5,1,1,2,35,38,2025-06-10,3,False,0.275,False,37,49,Medium (35-65),Medium (35-65)
PO003022,2025-05-03,V09,Delhi NCR,False,0.86,woven,denim-jacket,409,Tiruchirappalli,Tier-3,Prepaid,normal,2,1,1,2,2,37,40,2025-06-12,3,False,0.264,True,40,42,Medium (35-65),Medium (35-65)
PO003523,2025-05-03,V09,Delhi NCR,False,0.86,woven,shirt,199,Kolkata,Tier-1,COD,normal,10,3,2,3,1,34,36,2025-06-08,2,False,0.275,False,30,42,Low (0-35),Medium (35-65)
PO004015,2025-05-03,V03,Tirupur,False,0.85,knit,sweatshirt,334,Mumbai,Tier-1,Prepaid,normal,0,6,2,1,1,21,29,2025-06-01,8,True,0.275,False,32,18,Low (0-35),Low (0-35)
PO000213,2025-05-04,V09,Delhi NCR,False,0.86,woven,chinos,111,Vadodara,Tier-2,COD,normal,1,0,2,3,1,35,34,2025-06-07,-1,False,0.275,False,29,49,Low (0-35),Medium (35-65)
PO000339,2025-05-04,V03,Tirupur,False,0.85,knit,t-shirt,275,Coimbatore,Tier-2,Prepaid,normal,2,7,3,1,1,22,21,2025-05-25,-1,False,0.253,False,42,39,Medium (35-65),Medium (35-65)
PO000859,2025-05-04,V01,Tirupur,False,0.92,knit,polo,209,Tiruchirappalli,Tier-3,COD,normal,8,1,0,3,2,24,27,2025-05-31,3,False,0.33,False,42,62,Medium (35-65),Medium (35-65)
PO000880,2025-05-04,V07,Ludhiana,False,0.87,knit,sweatshirt,175,Coimbatore,Tier-2,COD,normal,1,1,1,1,1,22,20,2025-05-24,-2,False,0.275,True,17,44,Low (0-35),Medium (35-65)
PO000996,2025-05-04,V05,Bengaluru,False,0.93,knit,t-shirt,244,Chennai,Tier-1,Prepaid,normal,1,1,2,2,2,21,23,2025-05-27,2,False,0.22,False,14,15,Low (0-35),Low (0-35)
PO001445,2025-05-04,V04,Tirupur,False,0.9,knit,polo,159,Madurai,Tier-3,COD,normal,3,3,1,1,1,24,31,2025-06-04,7,True,0.413,True,42,62,Medium (35-65),Medium (35-65)
PO003390,2025-05-04,V05,Bengaluru,False,0.93,woven,chinos,332,Jaipur,Tier-2,Prepaid,normal,2,1,0,0,1,35,33,2025-06-06,-2,False,0.22,False,31,27,Low (0-35),Low (0-35)
PO003410,2025-05-04,V06,Bengaluru,False,0.89,knit,henley,193,Nagpur,Tier-3,COD,normal,1,5,0,2,1,24,23,2025-05-27,-1,False,0.33,False,34,51,Low (0-35),Medium (35-65)
PO003538,2025-05-04,V02,Tirupur,False,0.88,woven,shirt,161,Guwahati,Tier-3,COD,normal,2,2,3,1,2,37,40,2025-06-13,3,False,0.38,False,53,73,Medium (35-65),High (65-100)
PO004310,2025-05-04,V06,Bengaluru,False,0.89,woven,denim-jacket,180,Pune,Tier-2,COD,normal,2,1,1,1,2,35,33,2025-06-06,-2,False,0.275,True,33,49,Low (0-35),Medium (35-65)
PO004584,2025-05-04,V02,Tirupur,False,0.88,knit,t-shirt,193,Kolkata,Tier-1,COD,normal,0,1,1,1,1,21,20,2025-05-24,-1,False,0.275,False,26,40,Low (0-35),Medium (35-65)
PO004822,2025-05-04,V10,Delhi NCR,False,0.82,woven,denim-jacket,224,Mumbai,Tier-1,COD,normal,1,10,1,2,1,34,35,2025-06-08,1,False,0.275,False,44,56,Medium (35-65),Medium (35-65)
PO004901,2025-05-04,V05,Bengaluru,False,0.93,knit,henley,307,Indore,Tier-2,COD,normal,3,1,2,1,2,22,23,2025-05-27,1,False,0.275,False,27,44,Low (0-35),Medium (35-65)
PO000572,2025-05-05,V09,Delhi NCR,False,0.86,woven,trouser,147,Bengaluru,Tier-1,COD,normal,1,2,2,2,2,34,29,2025-06-03,-5,False,0.275,True,24,42,Low (0-35),Medium (35-65)
PO000916,2025-05-05,V02,Tirupur,False,0.88,knit,hoodie,152,Lucknow,Tier-2,COD,normal,5,1,5,4,1,22,26,2025-05-31,4,False,0.38,False,45,75,Medium (35-65),High (65-100)
PO001132,2025-05-05,V05,Bengaluru,False,0.93,knit,t-shirt,254,Patna,Tier-3,COD,normal,1,1,0,0,2,24,24,2025-05-29,0,False,0.33,False,26,51,Low (0-35),Medium (35-65)
PO001174,2025-05-05,V01,Tirupur,False,0.92,knit,sweatshirt,93,Vadodara,Tier-2,COD,normal,2,1,0,0,2,22,28,2025-06-02,6,True,0.344,False,31,47,Low (0-35),Medium (35-65)
PO002214,2025-05-05,V05,Bengaluru,False,0.93,knit,sweatshirt,228,Hyderabad,Tier-1,Prepaid,normal,2,2,2,0,1,21,20,2025-05-25,-1,False,0.22,True,14,15,Low (0-35),Low (0-35)
PO002496,2025-05-05,V06,Bengaluru,False,0.89,knit,polo,248,Jodhpur,Tier-3,Prepaid,normal,1,0,1,0,1,24,19,2025-05-24,-5,False,0.264,False,24,29,Low (0-35),Low (0-35)
PO002968,2025-05-05,V01,Tirupur,False,0.92,knit,polo,190,Surat,Tier-2,COD,normal,4,0,2,0,1,22,26,2025-05-31,4,False,0.275,False,37,47,Medium (35-65),Medium (35-65)
PO003131,2025-05-05,V01,Tirupur,False,0.92,woven,chinos,111,Bengaluru,Tier-1,Prepaid,normal,2,1,3,2,1,34,35,2025-06-09,1,False,0.253,False,41,37,Medium (35-65),Medium (35-65)
PO003593,2025-05-05,V01,Tirupur,False,0.92,knit,hoodie,280,Vijayawada,Tier-3,COD,normal,4,0,1,3,1,24,29,2025-06-03,5,False,0.33,True,42,62,Medium (35-65),Medium (35-65)
PO003754,2025-05-05,V01,Tirupur,False,0.92,woven,shirt,50,Hyderabad,Tier-1,Prepaid,normal,5,2,0,3,3,34,39,2025-06-13,5,False,0.26,True,48,41,Medium (35-65),Medium (35-65)
PO004402,2025-05-05,V01,Tirupur,False,0.92,knit,hoodie,151,Kochi,Tier-2,COD,normal,4,0,7,3,2,22,27,2025-06-01,5,False,0.316,False,42,61,Medium (35-65),Medium (35-65)
PO004877,2025-05-05,V05,Bengaluru,False,0.93,woven,chinos,92,Hyderabad,Tier-1,COD,normal,1,13,3,1,3,34,37,2025-06-11,3,False,0.373,True,47,66,Medium (35-65),High (65-100)
PO000002,2025-05-06,V02,Tirupur,False,0.88,knit,polo,219,Hyderabad,Tier-1,COD,normal,0,0,1,1,1,21,21,2025-05-27,0,False,0.275,True,26,40,Low (0-35),Medium (35-65)
PO000019,2025-05-06,V05,Bengaluru,False,0.93,knit,henley,128,Guwahati,Tier-3,Prepaid,normal,1,5,1,0,2,24,33,2025-06-08,9,True,0.33,False,32,29,Low (0-35),Low (0-35)
PO000247,2025-05-06,V03,Tirupur,False,0.85,knit,polo,94,Lucknow,Tier-2,COD,normal,4,0,1,1,2,22,28,2025-06-03,6,True,0.344,False,37,47,Medium (35-65),Medium (35-65)
PO000345,2025-05-06,V01,Tirupur,False,0.92,knit,henley,216,Dehradun,Tier-3,Prepaid,normal,3,1,0,0,3,24,27,2025-06-02,3,False,0.312,False,46,50,Medium (35-65),Medium (35-65)
PO001210,2025-05-06,V04,Tirupur,False,0.9,woven,overshirt,218,Mysuru,Tier-3,COD,normal,1,20,4,1,3,37,46,2025-06-21,9,True,0.56,True,67,90,High (65-100),High (65-100)
PO001297,2025-05-06,V05,Bengaluru,False,0.93,knit,henley,284,Chennai,Tier-1,COD,normal,1,2,3,2,1,21,22,2025-05-28,1,False,0.316,False,21,43,Low (0-35),Medium (35-65)
PO002219,2025-05-06,V01,Tirupur,False,0.92,woven,trouser,199,Patna,Tier-3,Prepaid,normal,1,1,1,3,2,37,41,2025-06-16,4,False,0.264,False,46,45,Medium (35-65),Medium (35-65)
PO002343,2025-05-06,V02,Tirupur,False,0.88,knit,sweatshirt,50,Mumbai,Tier-1,COD,normal,2,1,1,0,2,21,24,2025-05-30,3,False,0.275,False,26,40,Low (0-35),Medium (35-65)
PO003017,2025-05-06,V05,Bengaluru,False,0.93,knit,polo,334,Bhubaneswar,Tier-3,COD,normal,1,1,2,1,2,24,24,2025-05-30,0,False,0.33,True,26,51,Low (0-35),Medium (35-65)
PO003077,2025-05-06,V04,Tirupur,False,0.9,knit,henley,187,Kolkata,Tier-1,COD,normal,4,1,1,0,1,21,25,2025-05-31,4,False,0.275,False,32,40,Low (0-35),Medium (35-65)
PO003598,2025-05-06,V02,Tirupur,False,0.88,woven,shirt,132,Nagpur,Tier-3,Prepaid,normal,0,1,3,1,3,37,41,2025-06-16,4,False,0.358,True,57,61,Medium (35-65),Medium (35-65)
PO003838,2025-05-06,V04,Tirupur,False,0.9,knit,t-shirt,340,Patna,Tier-3,COD,normal,3,1,1,1,1,24,30,2025-06-05,6,True,0.413,False,42,62,Medium (35-65),Medium (35-65)
PO004463,2025-05-06,V11,Tirupur,True,0.75,knit,hoodie,236,Jaipur,Tier-2,COD,normal,2,1,3,6,1,22,34,2025-06-09,12,True,0.546,True,83,100,High (65-100),High (65-100)
PO004477,2025-05-06,V03,Tirupur,False,0.85,knit,henley,248,Mysuru,Tier-3,Prepaid,normal,2,1,3,2,2,24,29,2025-06-04,5,False,0.304,True,39,38,Medium (35-65),Medium (35-65)
PO004660,2025-05-06,V08,Ludhiana,False,0.84,woven,trouser,168,Nagpur,Tier-3,COD,normal,4,1,1,2,3,37,40,2025-06-15,3,False,0.389,False,58,80,Medium (35-65),High (65-100)
PO003377,2025-05-07,V01,Tirupur,False,0.92,knit,polo,204,Pune,Tier-2,Prepaid,normal,2,2,2,0,3,22,25,2025-06-01,3,False,0.26,False,35,35,Low (0-35),Low (0-35)
PO003690,2025-05-07,V04,Tirupur,False,0.9,knit,henley,115,Mysuru,Tier-3,COD,normal,4,1,1,0,1,24,27,2025-06-03,3,False,0.33,True,42,62,Medium (35-65),Medium (35-65)
PO004411,2025-05-07,V04,Tirupur,False,0.9,woven,trouser,245,Mumbai,Tier-1,Prepaid,normal,0,4,1,2,1,34,36,2025-06-12,2,False,0.22,True,36,23,Medium (35-65),Low (0-35)
PO004559,2025-05-07,V02,Tirupur,False,0.88,knit,polo,290,Coimbatore,Tier-2,Prepaid,normal,1,0,5,1,1,22,25,2025-06-01,3,False,0.253,False,34,31,Low (0-35),Low (0-35)
PO004936,2025-05-07,V03,Tirupur,False,0.85,knit,hoodie,276,Indore,Tier-2,COD,normal,1,5,3,4,1,22,26,2025-06-02,4,False,0.38,True,47,75,Medium (35-65),High (65-100)
PO000039,2025-05-08,V02,Tirupur,False,0.88,knit,t-shirt,246,Delhi,Tier-1,Prepaid,normal,2,20,3,0,1,21,23,2025-05-31,2,False,0.253,False,37,24,Medium (35-65),Low (0-35)
PO000809,2025-05-08,V07,Ludhiana,False,0.87,woven,denim-jacket,220,Jaipur,Tier-2,Prepaid,normal,1,3,6,1,2,35,37,2025-06-14,2,False,0.253,False,32,33,Low (0-35),Low (0-35)
PO001558,2025-05-08,V05,Bengaluru,False,0.93,knit,henley,322,Chennai,Tier-1,COD,normal,3,1,2,2,1,21,22,2025-05-30,1,False,0.275,False,22,37,Low (0-35),Medium (35-65)
PO002240,2025-05-08,V05,Bengaluru,False,0.93,woven,denim-jacket,85,Chennai,Tier-1,Prepaid,normal,1,5,1,1,1,34,35,2025-06-12,1,False,0.22,True,34,20,Low (0-35),Low (0-35)
PO002837,2025-05-08,V05,Bengaluru,False,0.93,knit,t-shirt,229,Nagpur,Tier-3,COD,normal,0,3,2,2,3,24,29,2025-06-06,5,False,0.389,False,32,61,Low (0-35),Medium (35-65)
PO002910,2025-05-08,V05,Bengaluru,False,0.93,knit,polo,166,Dehradun,Tier-3,Prepaid,normal,2,1,3,1,2,24,25,2025-06-02,1,False,0.304,False,29,35,Low (0-35),Low (0-35)
PO003282,2025-05-08,V03,Tirupur,False,0.85,knit,t-shirt,72,Raipur,Tier-3,Prepaid,normal,2,1,1,2,1,24,25,2025-06-02,1,False,0.264,True,34,32,Low (0-35),Low (0-35)
PO003345,2025-05-08,V01,Tirupur,False,0.92,knit,henley,197,Pune,Tier-2,COD,normal,6,1,2,1,2,22,29,2025-06-06,7,True,0.344,False,37,47,Medium (35-65),Medium (35-65)
PO003351,2025-05-08,V08,Ludhiana,False,0.84,woven,shirt,176,Jodhpur,Tier-3,COD,normal,12,1,3,2,2,37,41,2025-06-18,4,False,0.38,True,57,76,Medium (35-65),High (65-100)
PO003496,2025-05-08,V05,Bengaluru,False,0.93,knit,t-shirt,124,Chennai,Tier-1,Prepaid,normal,2,1,1,1,1,21,23,2025-05-31,2,False,0.22,False,14,15,Low (0-35),Low (0-35)
PO003798,2025-05-08,V04,Tirupur,False,0.9,woven,trouser,214,Patna,Tier-3,COD,normal,2,10,1,1,2,37,43,2025-06-20,6,True,0.413,False,56,67,Medium (35-65),High (65-100)
PO004654,2025-05-08,V02,Tirupur,False,0.88,knit,hoodie,295,Chandigarh,Tier-2,Prepaid,normal,2,0,0,2,1,22,23,2025-05-31,1,False,0.22,True,29,25,Low (0-35),Low (0-35)
PO000145,2025-05-09,V01,Tirupur,False,0.92,knit,polo,50,Vadodara,Tier-2,Prepaid,normal,3,2,4,3,1,22,28,2025-06-06,6,True,0.316,False,40,39,Medium (35-65),Medium (35-65)
PO000660,2025-05-09,V02,Tirupur,False,0.88,knit,sweatshirt,59,Raipur,Tier-3,Prepaid,normal,3,0,1,0,1,24,26,2025-06-04,2,False,0.264,True,40,40,Medium (35-65),Medium (35-65)
PO001164,2025-05-09,V01,Tirupur,False,0.92,knit,polo,208,Chennai,Tier-1,Prepaid,normal,2,5,1,1,1,21,25,2025-06-03,4,False,0.22,True,32,18,Low (0-35),Low (0-35)
PO001235,2025-05-09,V05,Bengaluru,False,0.93,knit,henley,199,Hyderabad,Tier-1,Prepaid,normal,3,1,1,0,2,21,26,2025-06-04,5,False,0.22,False,20,15,Low (0-35),Low (0-35)
PO001625,2025-05-09,V02,Tirupur,False,0.88,knit,sweatshirt,262,Raipur,Tier-3,Prepaid,normal,2,2,2,0,2,24,28,2025-06-06,4,False,0.264,True,34,32,Low (0-35),Low (0-35)
PO002213,2025-05-09,V01,Tirupur,False,0.92,knit,henley,221,Bengaluru,Tier-1,Prepaid,normal,1,0,6,1,1,21,22,2025-05-31,1,False,0.253,False,29,24,Low (0-35),Low (0-35)
PO002543,2025-05-09,V04,Tirupur,False,0.9,knit,henley,170,Dehradun,Tier-3,COD,normal,1,0,1,1,2,24,26,2025-06-04,2,False,0.33,False,36,54,Medium (35-65),Medium (35-65)
PO002558,2025-05-09,V01,Tirupur,False,0.92,woven,denim-jacket,220,Hyderabad,Tier-1,COD,normal,2,4,1,2,1,34,39,2025-06-17,5,False,0.275,True,38,45,Medium (35-65),Medium (35-65)
PO002701,2025-05-09,V05,Bengaluru,False,0.93,knit,hoodie,124,Indore,Tier-2,Prepaid,normal,2,1,2,1,3,22,25,2025-06-03,3,False,0.26,False,25,32,Low (0-35),Low (0-35)
PO002819,2025-05-09,V07,Ludhiana,False,0.87,woven,chinos,161,Bhubaneswar,Tier-3,COD,normal,2,1,1,2,1,37,39,2025-06-17,2,False,0.33,False,34,56,Low (0-35),Medium (35-65)
PO003133,2025-05-09,V03,Tirupur,False,0.85,woven,overshirt,143,Tiruchirappalli,Tier-3,COD,normal,5,12,1,0,2,37,36,2025-06-14,-1,False,0.33,False,62,74,Medium (35-65),High (65-100)
PO003289,2025-05-09,V01,Tirupur,False,0.92,woven,trouser,395,Pune,Tier-2,Prepaid,normal,2,5,1,2,3,35,45,2025-06-23,10,True,0.325,False,63,55,Medium (35-65),Medium (35-65)
PO003456,2025-05-09,V01,Tirupur,False,0.92,knit,henley,180,Raipur,Tier-3,COD,normal,3,1,0,1,1,24,27,2025-06-05,3,False,0.33,False,42,62,Medium (35-65),Medium (35-65)
PO003619,2025-05-09,V02,Tirupur,False,0.88,knit,hoodie,313,Hyderabad,Tier-1,COD,normal,1,0,1,2,1,21,26,2025-06-04,5,False,0.275,False,26,40,Low (0-35),Medium (35-65)
PO004006,2025-05-09,V05,Bengaluru,False,0.93,woven,denim-jacket,235,Mumbai,Tier-1,Prepaid,normal,3,7,1,1,2,34,29,2025-06-07,-5,False,0.22,False,40,28,Medium (35-65),Low (0-35)
PO004716,2025-05-09,V05,Bengaluru,False,0.93,knit,polo,243,Ahmedabad,Tier-2,COD,normal,2,0,0,1,1,22,22,2025-05-31,0,False,0.275,True,21,44,Low (0-35),Medium (35-65)
PO004832,2025-05-09,V09,Delhi NCR,False,0.86,woven,chinos,269,Pune,Tier-2,COD,normal,2,2,1,4,1,35,36,2025-06-14,1,False,0.33,False,32,63,Low (0-35),Medium (35-65)
PO004895,2025-05-09,V04,Tirupur,False,0.9,knit,polo,183,Indore,Tier-2,COD,normal,5,5,1,2,1,22,29,2025-06-07,7,True,0.344,False,45,55,Medium (35-65),Medium (35-65)
PO000331,2025-05-10,V10,Delhi NCR,False,0.82,woven,shirt,212,Tiruchirappalli,Tier-3,COD,normal,10,9,1,2,1,37,45,2025-06-24,8,True,0.413,False,60,77,Medium (35-65),High (65-100)
PO001484,2025-05-10,V01,Tirupur,False,0.92,knit,polo,159,Bengaluru,Tier-1,Prepaid,normal,1,1,1,2,1,21,19,2025-05-29,-2,False,0.22,False,24,18,Low (0-35),Low (0-35)
PO001678,2025-05-10,V01,Tirupur,False,0.92,woven,overshirt,78,Jaipur,Tier-2,Prepaid,normal,8,2,2,0,1,35,39,2025-06-18,4,False,0.22,False,47,38,Medium (35-65),Medium (35-65)
PO001801,2025-05-10,V04,Tirupur,False,0.9,knit,t-shirt,253,Nagpur,Tier-3,COD,normal,1,1,1,3,1,24,30,2025-06-09,6,True,0.413,True,36,54,Medium (35-65),Medium (35-65)
PO002057,2025-05-10,V06,Bengaluru,False,0.89,knit,hoodie,309,Hyderabad,Tier-1,COD,normal,2,3,1,3,1,21,20,2025-05-30,-1,False,0.275,False,16,37,Low (0-35),Medium (35-65)
PO002107,2025-05-10,V10,Delhi NCR,False,0.82,woven,chinos,271,Bengaluru,Tier-1,COD,normal,2,3,0,2,2,34,30,2025-06-09,-4,False,0.275,False,36,48,Medium (35-65),Medium (35-65)
PO002161,2025-05-10,V02,Tirupur,False,0.88,knit,polo,149,Coimbatore,Tier-2,COD,normal,1,4,5,4,2,22,28,2025-06-07,6,True,0.474,False,39,67,Medium (35-65),High (65-100)
PO002485,2025-05-10,V07,Ludhiana,False,0.87,knit,polo,129,Chennai,Tier-1,Prepaid,normal,2,1,2,3,1,21,23,2025-06-02,2,False,0.22,False,10,15,Low (0-35),Low (0-35)
PO003990,2025-05-10,V09,Delhi NCR,False,0.86,knit,sweatshirt,278,Kolkata,Tier-1,COD,normal,3,7,1,1,1,21,22,2025-06-01,1,False,0.275,False,26,37,Low (0-35),Medium (35-65)
PO000090,2025-05-11,V06,Bengaluru,False,0.89,knit,hoodie,209,Jaipur,Tier-2,COD,normal,1,0,0,2,1,22,22,2025-06-02,0,False,0.275,False,21,44,Low (0-35),Medium (35-65)
PO000275,2025-05-11,V11,Tirupur,True,0.75,knit,hoodie,240,Dehradun,Tier-3,COD,normal,0,0,5,6,1,24,40,2025-06-20,16,True,0.655,True,88,100,High (65-100),High (65-100)
PO000313,2025-05-11,V04,Tirupur,False,0.9,knit,t-shirt,197,Kolkata,Tier-1,COD,normal,1,2,1,0,2,21,27,2025-06-07,6,True,0.344,False,26,40,Low (0-35),Medium (35-65)
PO000435,2025-05-11,V01,Tirupur,False,0.92,knit,henley,146,Guwahati,Tier-3,Prepaid,normal,2,0,1,2,2,24,29,2025-06-09,5,False,0.264,False,34,32,Low (0-35),Low (0-35)
PO000719,2025-05-11,V03,Tirupur,False,0.85,knit,polo,155,Nagpur,Tier-3,Prepaid,normal,1,1,0,2,1,24,28,2025-06-08,4,False,0.264,False,34,32,Low (0-35),Low (0-35)
PO001380,2025-05-11,V02,Tirupur,False,0.88,knit,hoodie,173,Lucknow,Tier-2,Prepaid,normal,1,1,1,1,2,22,26,2025-06-06,4,False,0.22,False,29,25,Low (0-35),Low (0-35)
PO001407,2025-05-11,V10,Delhi NCR,False,0.82,woven,overshirt,228,Mumbai,Tier-1,COD,normal,6,6,2,3,1,34,36,2025-06-16,2,False,0.275,False,50,56,Medium (35-65),Medium (35-65)
PO001601,2025-05-11,V09,Delhi NCR,False,0.86,knit,sweatshirt,223,Vijayawada,Tier-3,COD,normal,2,1,0,1,1,24,25,2025-06-05,1,False,0.33,False,22,51,Low (0-35),Medium (35-65)
PO004247,2025-05-11,V01,Tirupur,False,0.92,knit,polo,175,Bengaluru,Tier-1,COD,normal,5,1,3,2,2,21,30,2025-06-10,9,True,0.395,False,37,46,Medium (35-65),Medium (35-65)
PO004482,2025-05-11,V01,Tirupur,False,0.92,knit,polo,258,Chennai,Tier-1,Prepaid,normal,1,0,4,1,1,21,23,2025-06-03,2,False,0.253,False,29,24,Low (0-35),Low (0-35)
PO004705,2025-05-11,V02,Tirupur,False,0.88,knit,sweatshirt,103,Delhi,Tier-1,COD,normal,7,2,4,0,1,21,24,2025-06-04,3,False,0.316,False,37,46,Medium (35-65),Medium (35-65)
PO004827,2025-05-11,V03,Tirupur,False,0.85,knit,t-shirt,135,Surat,Tier-2,COD,normal,1,3,2,3,3,22,29,2025-06-09,7,True,0.406,False,37,57,Medium (35-65),Medium (35-65)
PO000384,2025-05-12,V03,Tirupur,False,0.85,knit,t-shirt,230,Mysuru,Tier-3,COD,normal,1,0,2,1,2,24,27,2025-06-08,3,False,0.33,False,36,54,Medium (35-65),Medium (35-65)
PO001461,2025-05-12,V05,Bengaluru,False,0.93,knit,polo,179,Tiruchirappalli,Tier-3,COD,normal,1,1,1,2,1,24,26,2025-06-07,2,False,0.33,False,26,51,Low (0-35),Medium (35-65)
PO002120,2025-05-12,V01,Tirupur,False,0.92,knit,hoodie,60,Mumbai,Tier-1,Prepaid,normal,6,1,1,2,1,21,21,2025-06-02,0,False,0.22,False,30,18,Low (0-35),Low (0-35)
PO002220,2025-05-12,V03,Tirupur,False,0.85,woven,denim-jacket,353,Hyderabad,Tier-1,COD,normal,2,4,3,4,1,34,38,2025-06-19,4,False,0.38,False,54,73,Medium (35-65),High (65-100)
PO002457,2025-05-12,V03,Tirupur,False,0.85,knit,t-shirt,73,Chandigarh,Tier-2,Prepaid,normal,1,0,1,1,1,22,26,2025-06-07,4,False,0.22,False,29,25,Low (0-35),Low (0-35)
PO002794,2025-05-12,V09,Delhi NCR,False,0.86,woven,denim-jacket,90,Vadodara,Tier-2,Prepaid,normal,4,2,2,3,1,35,37,2025-06-18,2,False,0.22,False,33,27,Low (0-35),Low (0-35)
PO003035,2025-05-12,V01,Tirupur,False,0.92,knit,sweatshirt,341,Lucknow,Tier-2,COD,normal,2,0,1,2,1,22,30,2025-06-11,8,True,0.344,True,31,47,Low (0-35),Medium (35-65)
PO003599,2025-05-12,V05,Bengaluru,False,0.93,knit,polo,223,Raipur,Tier-3,Prepaid,normal,3,2,1,2,1,24,23,2025-06-04,-1,False,0.264,False,30,29,Low (0-35),Low (0-35)
PO004478,2025-05-12,V01,Tirupur,False,0.92,knit,sweatshirt,214,Lucknow,Tier-2,COD,normal,13,0,3,0,1,22,29,2025-06-10,7,True,0.395,False,42,61,Medium (35-65),Medium (35-65)
PO000681,2025-05-13,V05,Bengaluru,False,0.93,knit,hoodie,276,Kolkata,Tier-1,Prepaid,normal,4,1,0,1,3,21,20,2025-06-02,-1,False,0.26,False,26,25,Low (0-35),Low (0-35)
PO000689,2025-05-13,V06,Bengaluru,False,0.89,knit,hoodie,169,Ahmedabad,Tier-2,Prepaid,normal,1,1,3,2,1,22,26,2025-06-08,4,False,0.253,False,24,28,Low (0-35),Low (0-35)
PO000721,2025-05-13,V05,Bengaluru,False,0.93,knit,hoodie,135,Mumbai,Tier-1,COD,normal,8,1,0,0,2,21,22,2025-06-04,1,False,0.275,True,22,37,Low (0-35),Medium (35-65)
PO001171,2025-05-13,V02,Tirupur,False,0.88,knit,sweatshirt,255,Delhi,Tier-1,COD,normal,2,1,1,1,2,21,26,2025-06-08,5,False,0.275,False,26,40,Low (0-35),Medium (35-65)
PO001260,2025-05-13,V01,Tirupur,False,0.92,woven,trouser,158,Bengaluru,Tier-1,Prepaid,normal,3,1,1,2,1,34,41,2025-06-23,7,True,0.275,False,42,31,Medium (35-65),Low (0-35)
PO001639,2025-05-13,V05,Bengaluru,False,0.93,knit,hoodie,118,Coimbatore,Tier-2,Prepaid,normal,2,3,0,0,1,22,25,2025-06-07,3,False,0.22,False,19,22,Low (0-35),Low (0-35)
PO002975,2025-05-13,V01,Tirupur,False,0.92,knit,henley,147,Pune,Tier-2,COD,normal,0,2,2,3,1,22,27,2025-06-09,5,False,0.275,False,31,47,Low (0-35),Medium (35-65)
PO003457,2025-05-13,V02,Tirupur,False,0.88,knit,t-shirt,301,Kolkata,Tier-1,COD,normal,1,6,3,2,1,21,26,2025-06-08,5,False,0.316,False,39,46,Medium (35-65),Medium (35-65)
PO003809,2025-05-13,V05,Bengaluru,False,0.93,knit,t-shirt,169,Vadodara,Tier-2,COD,normal,2,1,1,2,1,22,25,2025-06-07,3,False,0.275,False,21,44,Low (0-35),Medium (35-65)
PO004239,2025-05-13,V02,Tirupur,False,0.88,knit,henley,347,Mumbai,Tier-1,COD,normal,3,5,3,2,3,21,24,2025-06-06,3,False,0.373,True,51,64,Medium (35-65),Medium (35-65)
PO004678,2025-05-13,V01,Tirupur,False,0.92,knit,sweatshirt,278,Mysuru,Tier-3,COD,normal,0,1,1,3,1,24,28,2025-06-10,4,False,0.33,False,36,54,Medium (35-65),Medium (35-65)
PO000300,2025-05-14,V02,Tirupur,False,0.88,woven,chinos,222,Raipur,Tier-3,Prepaid,normal,4,1,1,2,2,37,40,2025-06-23,3,False,0.264,False,52,45,Medium (35-65),Medium (35-65)
PO000451,2025-05-14,V01,Tirupur,False,0.92,knit,hoodie,267,Mysuru,Tier-3,COD,normal,1,2,1,2,1,24,26,2025-06-09,2,False,0.33,False,36,54,Medium (35-65),Medium (35-65)
PO001571,2025-05-14,V01,Tirupur,False,0.92,knit,hoodie,317,Chennai,Tier-1,Prepaid,normal,2,1,2,0,2,21,23,2025-06-06,2,False,0.22,False,24,18,Low (0-35),Low (0-35)
PO002276,2025-05-14,V05,Bengaluru,False,0.93,knit,t-shirt,287,Vadodara,Tier-2,Prepaid,normal,0,2,2,1,1,22,23,2025-06-06,1,False,0.22,True,19,22,Low (0-35),Low (0-35)
PO002468,2025-05-14,V02,Tirupur,False,0.88,knit,henley,270,Bengaluru,Tier-1,COD,normal,5,2,1,2,1,21,25,2025-06-08,4,False,0.275,False,32,40,Low (0-35),Medium (35-65)
PO002890,2025-05-14,V01,Tirupur,False,0.92,knit,hoodie,217,Hyderabad,Tier-1,COD,normal,0,2,1,5,1,21,26,2025-06-09,5,False,0.33,False,29,54,Low (0-35),Medium (35-65)
PO003516,2025-05-14,V05,Bengaluru,False,0.93,knit,sweatshirt,135,Pune,Tier-2,Prepaid,normal,1,0,1,2,1,22,25,2025-06-08,3,False,0.22,False,19,22,Low (0-35),Low (0-35)
PO000221,2025-05-15,V01,Tirupur,False,0.92,knit,hoodie,111,Dehradun,Tier-3,COD,normal,2,3,1,1,2,24,28,2025-06-12,4,False,0.33,True,36,54,Medium (35-65),Medium (35-65)
PO000592,2025-05-15,V05,Bengaluru,False,0.93,knit,henley,113,Dehradun,Tier-3,Prepaid,normal,2,1,4,1,1,24,22,2025-06-06,-2,False,0.304,False,29,35,Low (0-35),Low (0-35)
PO000807,2025-05-15,V06,Bengaluru,False,0.89,knit,t-shirt,124,Coimbatore,Tier-2,COD,normal,3,0,2,2,3,22,23,2025-06-07,1,False,0.325,True,33,54,Low (0-35),Medium (35-65)
PO001193,2025-05-15,V01,Tirupur,False,0.92,knit,hoodie,345,Bengaluru,Tier-1,COD,normal,1,1,0,2,1,21,23,2025-06-07,2,False,0.275,True,26,40,Low (0-35),Medium (35-65)
PO001310,2025-05-15,V02,Tirupur,False,0.88,knit,t-shirt,142,Mumbai,Tier-1,COD,normal,4,1,0,3,1,21,21,2025-06-05,0,False,0.275,True,32,40,Low (0-35),Medium (35-65)
PO001933,2025-05-15,V06,Bengaluru,False,0.89,knit,polo,50,Kochi,Tier-2,COD,normal,4,1,8,0,2,22,26,2025-06-10,4,False,0.316,False,32,50,Low (0-35),Medium (35-65)
PO002675,2025-05-15,V03,Tirupur,False,0.85,knit,polo,270,Kolkata,Tier-1,COD,normal,1,5,1,2,1,21,23,2025-06-07,2,False,0.275,False,34,40,Low (0-35),Medium (35-65)
PO002702,2025-05-15,V01,Tirupur,False,0.92,woven,shirt,269,Hyderabad,Tier-1,COD,normal,1,3,1,2,1,34,38,2025-06-22,4,False,0.275,True,38,45,Medium (35-65),Medium (35-65)
PO003134,2025-05-15,V02,Tirupur,False,0.88,knit,hoodie,154,Raipur,Tier-3,Prepaid,normal,2,0,2,2,1,24,28,2025-06-12,4,False,0.264,False,34,32,Low (0-35),Low (0-35)
PO003579,2025-05-15,V02,Tirupur,False,0.88,knit,polo,140,Mumbai,Tier-1,COD,normal,3,1,5,3,2,21,24,2025-06-08,3,False,0.316,False,37,46,Medium (35-65),Medium (35-65)
PO003730,2025-05-15,V01,Tirupur,False,0.92,knit,polo,160,Hyderabad,Tier-1,COD,normal,0,2,1,0,1,21,23,2025-06-07,2,False,0.275,False,26,40,Low (0-35),Medium (35-65)
PO000390,2025-05-16,V05,Bengaluru,False,0.93,knit,t-shirt,310,Kochi,Tier-2,COD,normal,2,1,0,1,1,22,25,2025-06-10,3,False,0.275,False,21,44,Low (0-35),Medium (35-65)
PO000453,2025-05-16,V05,Bengaluru,False,0.93,knit,t-shirt,416,Bhubaneswar,Tier-3,Prepaid,normal,1,3,4,0,2,24,21,2025-06-06,-3,False,0.304,True,37,35,Medium (35-65),Low (0-35)
PO000897,2025-05-16,V01,Tirupur,False,0.92,woven,shirt,349,Kolkata,Tier-1,COD,normal,2,8,1,4,1,34,42,2025-06-27,8,True,0.412,True,49,67,Medium (35-65),High (65-100)
PO001271,2025-05-16,V01,Tirupur,False,0.92,knit,hoodie,140,Kolkata,Tier-1,COD,normal,1,5,1,1,3,21,27,2025-06-12,6,True,0.406,True,40,58,Medium (35-65),Medium (35-65)
PO001501,2025-05-16,V03,Tirupur,False,0.85,knit,polo,404,Kolkata,Tier-1,Prepaid,normal,1,1,2,2,1,21,22,2025-06-07,1,False,0.22,True,32,18,Low (0-35),Low (0-35)
PO001607,2025-05-16,V05,Bengaluru,False,0.93,woven,denim-jacket,50,Hyderabad,Tier-1,COD,normal,6,4,2,2,1,34,33,2025-06-18,-1,False,0.275,False,34,42,Low (0-35),Medium (35-65)
PO001915,2025-05-16,V04,Tirupur,False,0.9,knit,t-shirt,186,Kolkata,Tier-1,COD,normal,2,0,2,1,3,21,26,2025-06-11,5,False,0.325,True,32,50,Low (0-35),Medium (35-65)
PO002262,2025-05-16,V01,Tirupur,False,0.92,knit,polo,237,Dehradun,Tier-3,Prepaid,normal,1,1,2,3,2,24,28,2025-06-13,4,False,0.264,False,34,32,Low (0-35),Low (0-35)
PO002442,2025-05-16,V05,Bengaluru,False,0.93,knit,polo,360,Raipur,Tier-3,COD,normal,2,2,1,0,1,24,25,2025-06-10,1,False,0.33,False,34,51,Low (0-35),Medium (35-65)
PO002509,2025-05-16,V05,Bengaluru,False,0.93,knit,t-shirt,244,Vadodara,Tier-2,COD,normal,2,0,2,2,1,22,25,2025-06-10,3,False,0.275,False,21,44,Low (0-35),Medium (35-65)
PO002567,2025-05-16,V01,Tirupur,False,0.92,knit,henley,241,Indore,Tier-2,Prepaid,normal,1,1,1,1,1,22,25,2025-06-10,3,False,0.22,False,29,25,Low (0-35),Low (0-35)
PO003433,2025-05-16,V06,Bengaluru,False,0.89,knit,polo,188,Vadodara,Tier-2,COD,normal,1,1,1,0,3,22,23,2025-06-08,1,False,0.325,False,27,54,Low (0-35),Medium (35-65)
PO004412,2025-05-16,V07,Ludhiana,False,0.87,knit,t-shirt,206,Coimbatore,Tier-2,COD,normal,2,1,1,1,1,22,24,2025-06-09,2,False,0.275,False,17,44,Low (0-35),Medium (35-65)
PO004419,2025-05-16,V07,Ludhiana,False,0.87,knit,polo,242,Chennai,Tier-1,Prepaid,normal,1,0,1,1,3,21,22,2025-06-07,1,False,0.26,False,16,25,Low (0-35),Low (0-35)
PO004495,2025-05-16,V05,Bengaluru,False,0.93,knit,hoodie,243,Kolkata,Tier-1,COD,normal,1,3,2,1,1,21,24,2025-06-09,3,False,0.275,False,16,37,Low (0-35),Medium (35-65)
PO000589,2025-05-17,V03,Tirupur,False,0.85,knit,polo,207,Nagpur,Tier-3,COD,normal,1,1,1,1,1,24,31,2025-06-17,7,True,0.413,False,36,54,Medium (35-65),Medium (35-65)
PO000651,2025-05-17,V05,Bengaluru,False,0.93,knit,henley,212,Madurai,Tier-3,Prepaid,normal,3,3,2,1,3,24,30,2025-06-16,6,True,0.389,False,36,39,Medium (35-65),Medium (35-65)
PO000740,2025-05-17,V05,Bengaluru,False,0.93,knit,t-shirt,117,Raipur,Tier-3,COD,normal,2,2,1,4,1,24,22,2025-06-08,-2,False,0.396,False,29,65,Low (0-35),Medium (35-65)
PO001592,2025-05-17,V05,Bengaluru,False,0.93,knit,sweatshirt,300,Mysuru,Tier-3,COD,normal,9,1,0,2,3,24,25,2025-06-11,1,False,0.389,True,38,61,Medium (35-65),Medium (35-65)
PO001907,2025-05-17,V01,Tirupur,False,0.92,knit,t-shirt,240,Patna,Tier-3,COD,normal,6,4,0,0,1,24,32,2025-06-18,8,True,0.413,True,42,62,Medium (35-65),Medium (35-65)
PO002018,2025-05-17,V04,Tirupur,False,0.9,knit,henley,50,Dehradun,Tier-3,COD,normal,1,0,0,2,2,24,29,2025-06-15,5,False,0.33,False,36,54,Medium (35-65),Medium (35-65)
PO002135,2025-05-17,V03,Tirupur,False,0.85,woven,shirt,354,Vijayawada,Tier-3,COD,normal,2,3,1,0,1,37,43,2025-06-29,6,True,0.413,False,56,67,Medium (35-65),High (65-100)
PO002323,2025-05-17,V09,Delhi NCR,False,0.86,woven,chinos,253,Bengaluru,Tier-1,Prepaid,normal,1,2,1,2,1,34,40,2025-06-26,6,True,0.275,False,22,20,Low (0-35),Low (0-35)
PO002933,2025-05-17,V03,Tirupur,False,0.85,knit,henley,339,Pune,Tier-2,COD,normal,5,0,2,1,2,22,25,2025-06-11,3,False,0.275,False,37,47,Medium (35-65),Medium (35-65)
PO003253,2025-05-17,V04,Tirupur,False,0.9,knit,sweatshirt,189,Chandigarh,Tier-2,COD,normal,0,5,1,2,3,22,24,2025-06-10,2,False,0.325,False,45,65,Medium (35-65),Medium (35-65)
PO003835,2025-05-17,V06,Bengaluru,False,0.89,knit,polo,383,Hyderabad,Tier-1,Prepaid,normal,1,1,1,0,2,21,22,2025-06-08,1,False,0.22,False,22,15,Low (0-35),Low (0-35)
PO004547,2025-05-17,V01,Tirupur,False,0.92,knit,t-shirt,123,Kolkata,Tier-1,Prepaid,normal,15,1,1,1,2,21,24,2025-06-10,3,False,0.22,False,30,18,Low (0-35),Low (0-35)
PO000312,2025-05-18,V09,Delhi NCR,False,0.86,woven,chinos,244,Lucknow,Tier-2,COD,normal,1,17,1,1,2,35,41,2025-06-28,6,True,0.344,False,37,49,Medium (35-65),Medium (35-65)
PO000405,2025-05-18,V06,Bengaluru,False,0.89,knit,hoodie,221,Hyderabad,Tier-1,COD,normal,0,1,1,2,1,21,18,2025-06-05,-3,False,0.275,False,16,37,Low (0-35),Medium (35-65)
PO000899,2025-05-18,V08,Ludhiana,False,0.84,woven,overshirt,332,Ranchi,Tier-3,COD,normal,1,4,7,7,1,37,40,2025-06-27,3,False,0.455,True,54,90,Medium (35-65),High (65-100)
PO001083,2025-05-18,V01,Tirupur,False,0.92,knit,henley,214,Madurai,Tier-3,Prepaid,normal,1,6,2,0,2,24,28,2025-06-15,4,False,0.264,False,42,40,Medium (35-65),Medium (35-65)
PO001159,2025-05-18,V03,Tirupur,False,0.85,knit,hoodie,199,Kolkata,Tier-1,Prepaid,normal,4,0,2,3,1,21,24,2025-06-11,3,False,0.22,False,30,18,Low (0-35),Low (0-35)
PO001650,2025-05-18,V08,Ludhiana,False,0.84,woven,trouser,164,Jaipur,Tier-2,Prepaid,normal,9,1,2,2,3,35,37,2025-06-24,2,False,0.26,True,51,51,Medium (35-65),Medium (35-65)
PO002098,2025-05-18,V01,Tirupur,False,0.92,woven,overshirt,171,Jaipur,Tier-2,COD,normal,5,2,2,2,1,35,39,2025-06-26,4,False,0.275,False,49,60,Medium (35-65),Medium (35-65)
PO002458,2025-05-18,V09,Delhi NCR,False,0.86,woven,chinos,262,Raipur,Tier-3,COD,normal,4,2,1,1,2,37,44,2025-07-01,7,True,0.413,False,40,64,Medium (35-65),Medium (35-65)
PO002595,2025-05-18,V02,Tirupur,False,0.88,knit,polo,167,Dehradun,Tier-3,COD,normal,9,1,2,1,2,24,27,2025-06-14,3,False,0.33,True,42,62,Medium (35-65),Medium (35-65)
PO002636,2025-05-18,V02,Tirupur,False,0.88,knit,polo,169,Pune,Tier-2,COD,normal,0,4,1,1,2,22,28,2025-06-15,6,True,0.344,True,31,47,Low (0-35),Medium (35-65)
PO003098,2025-05-18,V05,Bengaluru,False,0.93,knit,t-shirt,232,Lucknow,Tier-2,COD,normal,4,1,1,1,2,22,23,2025-06-10,1,False,0.275,False,27,44,Low (0-35),Medium (35-65)
PO003239,2025-05-18,V01,Tirupur,False,0.92,knit,t-shirt,176,Chennai,Tier-1,Prepaid,normal,2,1,1,2,1,21,23,2025-06-10,2,False,0.22,False,24,18,Low (0-35),Low (0-35)
PO003669,2025-05-18,V02,Tirupur,False,0.88,knit,hoodie,172,Guwahati,Tier-3,COD,normal,0,0,1,1,2,24,28,2025-06-15,4,False,0.33,True,36,54,Medium (35-65),Medium (35-65)
PO004892,2025-05-18,V02,Tirupur,False,0.88,knit,t-shirt,229,Delhi,Tier-1,Prepaid,normal,10,0,5,3,1,21,25,2025-06-12,4,False,0.253,True,35,24,Low (0-35),Low (0-35)
PO004947,2025-05-18,V02,Tirupur,False,0.88,knit,henley,272,Bhubaneswar,Tier-3,COD,normal,6,4,1,0,2,24,28,2025-06-15,4,False,0.33,True,42,62,Medium (35-65),Medium (35-65)
PO000320,2025-05-19,V02,Tirupur,False,0.88,knit,polo,170,Kochi,Tier-2,COD,normal,2,1,1,2,1,22,26,2025-06-14,4,False,0.275,False,31,47,Low (0-35),Medium (35-65)
PO000523,2025-05-19,V01,Tirupur,False,0.92,woven,shirt,174,Chandigarh,Tier-2,COD,normal,2,5,1,0,3,35,38,2025-06-26,3,False,0.325,False,57,70,Medium (35-65),High (65-100)
PO001272,2025-05-19,V05,Bengaluru,False,0.93,knit,polo,264,Hyderabad,Tier-1,COD,normal,5,1,1,1,3,21,23,2025-06-11,2,False,0.325,False,28,47,Low (0-35),Medium (35-65)
PO001443,2025-05-19,V05,Bengaluru,False,0.93,woven,shirt,306,Chandigarh,Tier-2,COD,normal,1,20,1,1,1,35,40,2025-06-28,5,False,0.275,False,41,57,Medium (35-65),Medium (35-65)
PO001931,2025-05-19,V09,Delhi NCR,False,0.86,woven,chinos,276,Raipur,Tier-3,COD,normal,4,1,2,1,3,37,38,2025-06-26,1,False,0.389,True,46,74,Medium (35-65),High (65-100)
PO002028,2025-05-19,V05,Bengaluru,False,0.93,knit,sweatshirt,124,Chennai,Tier-1,COD,normal,5,0,4,1,1,21,24,2025-06-12,3,False,0.316,False,27,43,Low (0-35),Medium (35-65)
PO002267,2025-05-19,V02,Tirupur,False,0.88,knit,t-shirt,192,Raipur,Tier-3,COD,normal,1,1,2,1,2,24,24,2025-06-12,0,False,0.33,False,36,54,Medium (35-65),Medium (35-65)
PO002324,2025-05-19,V01,Tirupur,False,0.92,knit,hoodie,178,Kolkata,Tier-1,Prepaid,normal,1,1,1,2,1,21,24,2025-06-12,3,False,0.22,False,24,18,Low (0-35),Low (0-35)
PO002635,2025-05-19,V05,Bengaluru,False,0.93,woven,chinos,291,Jaipur,Tier-2,COD,normal,6,2,2,0,3,35,32,2025-06-20,-3,False,0.325,True,45,67,Medium (35-65),High (65-100)
PO003480,2025-05-19,V01,Tirupur,False,0.92,knit,t-shirt,145,Vijayawada,Tier-3,COD,normal,0,0,1,1,1,24,26,2025-06-14,2,False,0.33,True,36,54,Medium (35-65),Medium (35-65)
PO003893,2025-05-19,V02,Tirupur,False,0.88,knit,hoodie,263,Ahmedabad,Tier-2,Prepaid,normal,2,3,10,1,1,22,28,2025-06-16,6,True,0.316,False,34,31,Low (0-35),Low (0-35)
PO003975,2025-05-19,V05,Bengaluru,False,0.93,woven,shirt,69,Ahmedabad,Tier-2,Prepaid,normal,3,3,1,2,1,35,36,2025-06-24,1,False,0.22,True,37,27,Medium (35-65),Low (0-35)
PO004935,2025-05-19,V06,Bengaluru,False,0.89,woven,shirt,197,Indore,Tier-2,Prepaid,normal,1,1,3,2,1,35,36,2025-06-24,1,False,0.253,False,36,33,Medium (35-65),Low (0-35)
PO000910,2025-05-20,V01,Tirupur,False,0.92,knit,hoodie,294,Patna,Tier-3,Prepaid,normal,3,3,0,3,1,24,24,2025-06-13,0,False,0.264,False,40,40,Medium (35-65),Medium (35-65)
PO001579,2025-05-20,V04,Tirupur,False,0.9,knit,hoodie,222,Chennai,Tier-1,COD,normal,1,1,2,2,3,21,25,2025-06-14,4,False,0.325,False,32,50,Low (0-35),Medium (35-65)
PO001623,2025-05-20,V10,Delhi NCR,False,0.82,woven,denim-jacket,130,Jaipur,Tier-2,Prepaid,normal,3,6,4,3,2,35,36,2025-06-25,1,False,0.253,True,58,47,Medium (35-65),Medium (35-65)
PO002132,2025-05-20,V02,Tirupur,False,0.88,knit,hoodie,53,Chennai,Tier-1,Prepaid,normal,8,1,10,2,1,21,29,2025-06-18,8,True,0.316,True,35,24,Low (0-35),Low (0-35)
PO002142,2025-05-20,V09,Delhi NCR,False,0.86,knit,henley,338,Lucknow,Tier-2,COD,normal,1,1,1,4,2,22,23,2025-06-12,1,False,0.33,False,20,58,Low (0-35),Medium (35-65)
PO002210,2025-05-20,V06,Bengaluru,False,0.89,knit,polo,134,Mumbai,Tier-1,COD,normal,1,0,1,3,1,21,22,2025-06-11,1,False,0.275,False,16,37,Low (0-35),Medium (35-65)
PO003359,2025-05-20,V05,Bengaluru,False,0.93,woven,denim-jacket,124,Jaipur,Tier-2,COD,normal,3,1,2,1,3,35,45,2025-07-04,10,True,0.406,False,45,67,Medium (35-65),High (65-100)
PO004018,2025-05-20,V06,Bengaluru,False,0.89,knit,hoodie,195,Vadodara,Tier-2,Prepaid,normal,1,3,2,2,1,22,25,2025-06-14,3,False,0.22,False,19,22,Low (0-35),Low (0-35)
PO004454,2025-05-20,V02,Tirupur,False,0.88,knit,t-shirt,283,Jodhpur,Tier-3,COD,normal,3,1,1,1,3,24,28,2025-06-17,4,False,0.389,False,48,72,Medium (35-65),High (65-100)
PO004720,2025-05-20,V06,Bengaluru,False,0.89,knit,sweatshirt,220,Mumbai,Tier-1,Prepaid,normal,1,1,3,4,1,21,25,2025-06-14,4,False,0.304,False,22,35,Low (0-35),Low (0-35)
PO000185,2025-05-21,V01,Tirupur,False,0.92,knit,henley,105,Ahmedabad,Tier-2,Prepaid,normal,3,5,1,0,1,22,23,2025-06-13,1,False,0.22,False,43,33,Medium (35-65),Low (0-35)
PO000423,2025-05-21,V01,Tirupur,False,0.92,knit,henley,200,Chandigarh,Tier-2,COD,normal,3,1,1,2,1,22,25,2025-06-15,3,False,0.275,False,37,47,Medium (35-65),Medium (35-65)
PO000504,2025-05-21,V01,Tirupur,False,0.92,knit,henley,69,Ahmedabad,Tier-2,COD,normal,1,1,0,1,1,22,23,2025-06-13,1,False,0.275,False,31,47,Low (0-35),Medium (35-65)
PO001340,2025-05-21,V01,Tirupur,False,0.92,knit,henley,257,Kolkata,Tier-1,Prepaid,normal,10,1,3,2,3,21,28,2025-06-18,7,True,0.373,True,41,42,Medium (35-65),Medium (35-65)
PO002084,2025-05-21,V04,Tirupur,False,0.9,knit,sweatshirt,180,Chennai,Tier-1,COD,normal,1,0,0,2,3,21,22,2025-06-12,1,False,0.325,False,32,50,Low (0-35),Medium (35-65)
PO002337,2025-05-21,V09,Delhi NCR,False,0.86,woven,denim-jacket,232,Madurai,Tier-3,COD,normal,1,3,4,2,2,37,41,2025-07-01,4,False,0.38,False,39,62,Medium (35-65),Medium (35-65)
PO002499,2025-05-21,V04,Tirupur,False,0.9,knit,polo,121,Madurai,Tier-3,COD,normal,1,1,2,2,1,24,23,2025-06-13,-1,False,0.33,False,36,54,Medium (35-65),Medium (35-65)
PO002644,2025-05-21,V05,Bengaluru,False,0.93,knit,hoodie,383,Bhubaneswar,Tier-3,COD,normal,1,1,1,1,1,24,24,2025-06-14,0,False,0.33,False,34,51,Low (0-35),Medium (35-65)
PO003080,2025-05-21,V02,Tirupur,False,0.88,knit,polo,184,Surat,Tier-2,Prepaid,normal,2,1,2,0,2,22,27,2025-06-17,5,False,0.22,False,29,25,Low (0-35),Low (0-35)
PO003491,2025-05-21,V05,Bengaluru,False,0.93,knit,polo,202,Pune,Tier-2,COD,normal,5,1,2,0,1,22,22,2025-06-12,0,False,0.275,False,27,44,Low (0-35),Medium (35-65)
PO003960,2025-05-21,V05,Bengaluru,False,0.93,knit,polo,116,Surat,Tier-2,COD,normal,2,0,1,2,2,22,25,2025-06-15,3,False,0.275,False,21,44,Low (0-35),Medium (35-65)
PO004399,2025-05-21,V07,Ludhiana,False,0.87,knit,t-shirt,168,Bengaluru,Tier-1,Prepaid,normal,1,0,2,1,1,21,22,2025-06-12,1,False,0.22,False,10,15,Low (0-35),Low (0-35)
PO004484,2025-05-21,V05,Bengaluru,False,0.93,knit,polo,278,Mumbai,Tier-1,COD,normal,7,1,3,3,2,21,20,2025-06-10,-1,False,0.316,False,27,43,Low (0-35),Medium (35-65)
PO004825,2025-05-21,V05,Bengaluru,False,0.93,woven,overshirt,225,Nagpur,Tier-3,Prepaid,normal,6,2,2,4,1,37,36,2025-06-26,-1,False,0.317,False,45,56,Medium (35-65),Medium (35-65)
PO000199,2025-05-22,V01,Tirupur,False,0.92,knit,hoodie,220,Vadodara,Tier-2,COD,normal,1,1,1,0,2,22,21,2025-06-12,-1,False,0.275,True,31,47,Low (0-35),Medium (35-65)
PO000411,2025-05-22,V02,Tirupur,False,0.88,woven,overshirt,326,Kolkata,Tier-1,COD,normal,1,2,4,2,3,34,40,2025-07-01,6,True,0.466,False,49,69,Medium (35-65),High (65-100)
PO000779,2025-05-22,V02,Tirupur,False,0.88,knit,henley,262,Tiruchirappalli,Tier-3,COD,normal,4,2,1,2,1,24,30,2025-06-21,6,True,0.413,True,42,62,Medium (35-65),Medium (35-65)
PO001301,2025-05-22,V03,Tirupur,False,0.85,knit,henley,161,Pune,Tier-2,COD,normal,4,1,2,1,1,22,24,2025-06-15,2,False,0.275,True,37,47,Medium (35-65),Medium (35-65)
PO001384,2025-05-22,V05,Bengaluru,False,0.93,woven,shirt,191,Kochi,Tier-2,COD,normal,4,2,1,5,3,35,39,2025-06-30,4,False,0.389,True,48,81,Medium (35-65),High (65-100)
PO001797,2025-05-22,V02,Tirupur,False,0.88,knit,sweatshirt,126,Delhi,Tier-1,Prepaid,normal,1,2,1,2,2,21,23,2025-06-14,2,False,0.22,False,24,18,Low (0-35),Low (0-35)
PO001860,2025-05-22,V04,Tirupur,False,0.9,knit,hoodie,144,Vadodara,Tier-2,COD,normal,1,1,4,2,1,22,27,2025-06-18,5,False,0.316,False,36,53,Medium (35-65),Medium (35-65)
PO002154,2025-05-22,V05,Bengaluru,False,0.93,knit,polo,227,Chennai,Tier-1,COD,normal,1,1,2,1,2,21,25,2025-06-16,4,False,0.275,False,16,37,Low (0-35),Medium (35-65)
PO002533,2025-05-22,V01,Tirupur,False,0.92,knit,t-shirt,116,Delhi,Tier-1,COD,normal,4,1,3,2,2,21,28,2025-06-19,7,True,0.395,True,37,46,Medium (35-65),Medium (35-65)
PO002689,2025-05-22,V10,Delhi NCR,False,0.82,woven,chinos,153,Hyderabad,Tier-1,COD,normal,2,13,5,4,1,34,38,2025-06-29,4,False,0.38,False,52,76,Medium (35-65),High (65-100)
PO003634,2025-05-22,V07,Ludhiana,False,0.87,knit,hoodie,232,Delhi,Tier-1,COD,normal,0,0,1,0,2,21,22,2025-06-13,1,False,0.275,True,12,37,Low (0-35),Medium (35-65)
PO003885,2025-05-22,V04,Tirupur,False,0.9,knit,hoodie,203,Ahmedabad,Tier-2,Prepaid,normal,3,2,1,4,2,22,24,2025-06-15,2,False,0.264,True,38,39,Medium (35-65),Medium (35-65)
PO004340,2025-05-22,V02,Tirupur,False,0.88,knit,polo,164,Lucknow,Tier-2,Prepaid,normal,0,1,1,0,2,22,27,2025-06-18,5,False,0.22,False,29,25,Low (0-35),Low (0-35)
PO004513,2025-05-22,V12,Bengaluru,True,0.78,woven,chinos,278,Dehradun,Tier-3,Prepaid,normal,6,4,2,3,2,37,48,2025-07-09,11,True,0.38,False,82,65,High (65-100),Medium (35-65)
PO004597,2025-05-22,V04,Tirupur,False,0.9,knit,t-shirt,201,Nagpur,Tier-3,Prepaid,normal,1,5,3,2,2,24,31,2025-06-22,7,True,0.38,True,47,46,Medium (35-65),Medium (35-65)
PO004629,2025-05-22,V04,Tirupur,False,0.9,woven,chinos,239,Ahmedabad,Tier-2,COD,normal,1,2,2,3,1,35,37,2025-06-28,2,False,0.275,False,43,60,Medium (35-65),Medium (35-65)
PO004817,2025-05-22,V01,Tirupur,False,0.92,knit,sweatshirt,50,Vadodara,Tier-2,COD,normal,1,0,1,1,2,22,28,2025-06-19,6,True,0.344,False,31,47,Low (0-35),Medium (35-65)
PO000698,2025-05-23,V02,Tirupur,False,0.88,knit,henley,222,Patna,Tier-3,Prepaid,normal,1,0,0,0,1,24,27,2025-06-19,3,False,0.264,False,34,32,Low (0-35),Low (0-35)
PO001084,2025-05-23,V02,Tirupur,False,0.88,knit,t-shirt,236,Hyderabad,Tier-1,COD,normal,4,0,3,2,1,21,24,2025-06-16,3,False,0.316,False,37,46,Medium (35-65),Medium (35-65)
PO001326,2025-05-23,V05,Bengaluru,False,0.93,knit,sweatshirt,258,Hyderabad,Tier-1,COD,normal,4,1,2,3,2,21,20,2025-06-12,-1,False,0.275,True,22,37,Low (0-35),Medium (35-65)
PO001616,2025-05-23,V11,Tirupur,True,0.75,knit,henley,316,Jodhpur,Tier-3,COD,normal,0,1,3,4,3,24,36,2025-06-28,12,True,0.772,False,94,100,High (65-100),High (65-100)
PO002189,2025-05-23,V03,Tirupur,False,0.85,knit,polo,369,Coimbatore,Tier-2,COD,normal,0,2,3,0,1,22,23,2025-06-15,1,False,0.316,False,44,61,Medium (35-65),Medium (35-65)
PO002804,2025-05-23,V01,Tirupur,False,0.92,woven,shirt,377,Chandigarh,Tier-2,COD,normal,3,1,1,0,1,35,35,2025-06-27,0,False,0.275,True,57,60,Medium (35-65),Medium (35-65)
PO002948,2025-05-23,V06,Bengaluru,False,0.89,woven,denim-jacket,142,Lucknow,Tier-2,Prepaid,normal,2,2,2,2,1,35,37,2025-06-29,2,False,0.22,False,31,27,Low (0-35),Low (0-35)
PO003588,2025-05-23,V01,Tirupur,False,0.92,knit,hoodie,50,Chennai,Tier-1,Prepaid,normal,8,0,1,1,1,21,25,2025-06-17,4,False,0.22,False,30,18,Low (0-35),Low (0-35)
PO004812,2025-05-23,V01,Tirupur,False,0.92,knit,polo,213,Madurai,Tier-3,Prepaid,normal,1,2,0,3,1,24,29,2025-06-21,5,False,0.264,False,34,32,Low (0-35),Low (0-35)
PO004874,2025-05-23,V05,Bengaluru,False,0.93,knit,hoodie,345,Jaipur,Tier-2,COD,normal,5,1,1,3,1,22,24,2025-06-16,2,False,0.275,False,27,44,Low (0-35),Medium (35-65)
PO000664,2025-05-24,V05,Bengaluru,False,0.93,knit,sweatshirt,400,Jaipur,Tier-2,Prepaid,normal,1,7,1,1,1,22,28,2025-06-21,6,True,0.275,True,35,22,Low (0-35),Low (0-35)
PO000882,2025-05-24,V07,Ludhiana,False,0.87,woven,chinos,280,Mumbai,Tier-1,Prepaid,normal,4,6,1,3,1,34,37,2025-06-30,3,False,0.22,False,36,20,Medium (35-65),Low (0-35)
PO001316,2025-05-24,V02,Tirupur,False,0.88,woven,chinos,111,Kochi,Tier-2,COD,normal,1,1,1,3,3,35,44,2025-07-07,9,True,0.406,True,49,70,Medium (35-65),High (65-100)
PO001570,2025-05-24,V09,Delhi NCR,False,0.86,woven,shirt,127,Madurai,Tier-3,COD,normal,2,2,1,0,2,37,37,2025-06-30,0,False,0.33,False,34,56,Low (0-35),Medium (35-65)
PO001960,2025-05-24,V04,Tirupur,False,0.9,woven,overshirt,50,Bengaluru,Tier-1,Prepaid,normal,4,11,7,1,1,34,38,2025-07-01,4,False,0.253,True,55,37,Medium (35-65),Medium (35-65)
PO002036,2025-05-24,V08,Ludhiana,False,0.84,woven,denim-jacket,227,Ahmedabad,Tier-2,Prepaid,normal,5,2,1,3,2,35,33,2025-06-26,-2,False,0.22,False,45,41,Medium (35-65),Medium (35-65)
PO002297,2025-05-24,V04,Tirupur,False,0.9,knit,polo,190,Ahmedabad,Tier-2,COD,normal,1,1,3,5,2,22,24,2025-06-17,2,False,0.38,False,39,67,Medium (35-65),High (65-100)
PO002439,2025-05-24,V02,Tirupur,False,0.88,knit,henley,291,Chennai,Tier-1,Prepaid,normal,2,0,1,2,2,21,25,2025-06-18,4,False,0.22,True,24,18,Low (0-35),Low (0-35)
PO002719,2025-05-24,V02,Tirupur,False,0.88,knit,hoodie,152,Hyderabad,Tier-1,COD,normal,2,1,1,2,1,21,28,2025-06-21,7,True,0.344,False,26,40,Low (0-35),Medium (35-65)
PO002830,2025-05-24,V05,Bengaluru,False,0.93,knit,sweatshirt,171,Mumbai,Tier-1,Prepaid,normal,0,0,2,1,1,21,20,2025-06-13,-1,False,0.22,False,14,15,Low (0-35),Low (0-35)
PO003041,2025-05-24,V07,Ludhiana,False,0.87,knit,sweatshirt,247,Kolkata,Tier-1,Prepaid,normal,2,2,1,0,1,21,22,2025-06-15,1,False,0.22,False,10,15,Low (0-35),Low (0-35)
PO003235,2025-05-24,V02,Tirupur,False,0.88,knit,t-shirt,280,Patna,Tier-3,COD,normal,2,1,1,2,1,24,31,2025-06-24,7,True,0.413,False,36,54,Medium (35-65),Medium (35-65)
PO003695,2025-05-24,V05,Bengaluru,False,0.93,knit,henley,258,Lucknow,Tier-2,COD,normal,1,1,2,0,3,22,25,2025-06-18,3,False,0.325,False,27,54,Low (0-35),Medium (35-65)
PO004064,2025-05-24,V01,Tirupur,False,0.92,knit,sweatshirt,248,Vadodara,Tier-2,Prepaid,normal,0,1,1,1,1,22,22,2025-06-15,0,False,0.22,False,29,25,Low (0-35),Low (0-35)
PO004347,2025-05-24,V02,Tirupur,False,0.88,knit,hoodie,153,Tiruchirappalli,Tier-3,COD,normal,5,0,5,0,1,24,24,2025-06-17,0,False,0.38,True,47,68,Medium (35-65),High (65-100)
PO000137,2025-05-25,V02,Tirupur,False,0.88,knit,henley,206,Delhi,Tier-1,COD,normal,1,0,1,2,1,21,25,2025-06-19,4,False,0.275,True,26,40,Low (0-35),Medium (35-65)
PO000477,2025-05-25,V02,Tirupur,False,0.88,knit,henley,218,Kolkata,Tier-1,COD,normal,1,1,2,1,2,21,21,2025-06-15,0,False,0.275,False,26,40,Low (0-35),Medium (35-65)
PO000479,2025-05-25,V04,Tirupur,False,0.9,woven,trouser,322,Indore,Tier-2,Prepaid,normal,1,8,4,1,1,35,42,2025-07-06,7,True,0.316,False,54,44,Medium (35-65),Medium (35-65)
PO001160,2025-05-25,V08,Ludhiana,False,0.84,woven,shirt,207,Pune,Tier-2,Prepaid,normal,2,3,10,4,3,35,41,2025-07-05,6,True,0.448,True,53,71,Medium (35-65),High (65-100)
PO003099,2025-05-25,V02,Tirupur,False,0.88,knit,polo,166,Mysuru,Tier-3,COD,normal,2,1,2,2,1,24,33,2025-06-27,9,True,0.413,False,36,54,Medium (35-65),Medium (35-65)
PO003910,2025-05-25,V01,Tirupur,False,0.92,knit,polo,227,Lucknow,Tier-2,COD,normal,1,2,0,0,1,22,27,2025-06-21,5,False,0.275,True,31,47,Low (0-35),Medium (35-65)
PO004737,2025-05-25,V09,Delhi NCR,False,0.86,woven,chinos,162,Patna,Tier-3,COD,normal,1,1,1,1,1,37,35,2025-06-29,-2,False,0.33,False,34,56,Low (0-35),Medium (35-65)
PO001109,2025-05-26,V05,Bengaluru,False,0.93,knit,hoodie,169,Hyderabad,Tier-1,COD,normal,0,2,2,2,1,21,20,2025-06-15,-1,False,0.275,False,16,37,Low (0-35),Medium (35-65)
PO001376,2025-05-26,V01,Tirupur,False,0.92,knit,henley,71,Mumbai,Tier-1,COD,normal,1,5,1,3,2,21,21,2025-06-16,0,False,0.275,False,34,40,Low (0-35),Medium (35-65)
PO001585,2025-05-26,V09,Delhi NCR,False,0.86,woven,chinos,127,Tiruchirappalli,Tier-3,COD,normal,2,4,2,1,2,37,38,2025-07-03,1,False,0.33,False,34,56,Low (0-35),Medium (35-65)
PO001638,2025-05-26,V06,Bengaluru,False,0.89,knit,sweatshirt,297,Kochi,Tier-2,COD,normal,1,1,2,0,2,22,25,2025-06-20,3,False,0.275,True,21,44,Low (0-35),Medium (35-65)
PO002236,2025-05-26,V07,Ludhiana,False,0.87,knit,polo,64,Surat,Tier-2,Prepaid,normal,2,9,1,1,2,22,25,2025-06-20,3,False,0.22,False,23,22,Low (0-35),Low (0-35)
PO002393,2025-05-26,V07,Ludhiana,False,0.87,knit,sweatshirt,228,Bengaluru,Tier-1,COD,normal,2,1,1,0,1,21,23,2025-06-18,2,False,0.275,False,12,37,Low (0-35),Medium (35-65)
PO002539,2025-05-26,V05,Bengaluru,False,0.93,knit,polo,175,Chennai,Tier-1,Prepaid,normal,4,3,0,2,2,21,26,2025-06-21,5,False,0.22,False,20,15,Low (0-35),Low (0-35)
PO002937,2025-05-26,V02,Tirupur,False,0.88,knit,sweatshirt,170,Lucknow,Tier-2,Prepaid,normal,2,1,2,3,1,22,27,2025-06-22,5,False,0.22,False,29,25,Low (0-35),Low (0-35)
PO003241,2025-05-26,V02,Tirupur,False,0.88,woven,overshirt,187,Pune,Tier-2,COD,normal,7,2,1,2,1,35,46,2025-07-11,11,True,0.344,False,49,60,Medium (35-65),Medium (35-65)
PO003299,2025-05-26,V05,Bengaluru,False,0.93,knit,hoodie,154,Madurai,Tier-3,Prepaid,normal,1,6,2,3,3,24,24,2025-06-19,0,False,0.312,False,38,39,Medium (35-65),Medium (35-65)
PO003308,2025-05-26,V04,Tirupur,False,0.9,woven,trouser,151,Raipur,Tier-3,COD,normal,1,1,1,1,1,37,38,2025-07-03,1,False,0.33,False,48,67,Medium (35-65),High (65-100)
PO003828,2025-05-26,V03,Tirupur,False,0.85,knit,hoodie,115,Pune,Tier-2,COD,normal,1,1,0,1,3,22,28,2025-06-23,6,True,0.406,False,37,57,Medium (35-65),Medium (35-65)
PO003916,2025-05-26,V05,Bengaluru,False,0.93,knit,hoodie,142,Hyderabad,Tier-1,Prepaid,normal,2,1,7,1,1,21,22,2025-06-17,1,False,0.253,False,19,21,Low (0-35),Low (0-35)
PO004210,2025-05-26,V03,Tirupur,False,0.85,knit,sweatshirt,205,Hyderabad,Tier-1,COD,normal,4,1,2,1,1,21,28,2025-06-23,7,True,0.344,True,32,40,Low (0-35),Medium (35-65)
PO004523,2025-05-26,V05,Bengaluru,False,0.93,knit,polo,234,Chennai,Tier-1,Prepaid,normal,1,0,1,1,1,21,18,2025-06-13,-3,False,0.22,False,14,15,Low (0-35),Low (0-35)
PO004614,2025-05-26,V02,Tirupur,False,0.88,knit,t-shirt,339,Chennai,Tier-1,COD,normal,2,0,1,2,2,21,22,2025-06-17,1,False,0.275,True,26,40,Low (0-35),Medium (35-65)
PO004733,2025-05-26,V02,Tirupur,False,0.88,knit,hoodie,110,Ranchi,Tier-3,COD,normal,4,2,2,1,2,24,25,2025-06-20,1,False,0.33,True,42,62,Medium (35-65),Medium (35-65)
PO001385,2025-05-27,V02,Tirupur,False,0.88,knit,hoodie,50,Madurai,Tier-3,Prepaid,normal,4,1,1,0,1,24,27,2025-06-23,3,False,0.264,False,40,40,Medium (35-65),Medium (35-65)
PO001730,2025-05-27,V02,Tirupur,False,0.88,knit,sweatshirt,80,Bengaluru,Tier-1,COD,normal,1,2,1,1,1,21,22,2025-06-18,1,False,0.275,False,26,40,Low (0-35),Medium (35-65)
PO001753,2025-05-27,V09,Delhi NCR,False,0.86,woven,overshirt,127,Tiruchirappalli,Tier-3,COD,normal,3,2,1,2,2,37,39,2025-07-05,2,False,0.33,True,40,64,Medium (35-65),Medium (35-65)
PO001790,2025-05-27,V02,Tirupur,False,0.88,knit,hoodie,162,Vadodara,Tier-2,Prepaid,normal,1,0,2,0,3,22,25,2025-06-21,3,False,0.26,True,35,35,Low (0-35),Low (0-35)
PO001856,2025-05-27,V05,Bengaluru,False,0.93,woven,trouser,270,Surat,Tier-2,COD,normal,1,1,1,2,2,35,40,2025-07-06,5,False,0.275,False,33,49,Low (0-35),Medium (35-65)
PO002627,2025-05-27,V05,Bengaluru,False,0.93,knit,polo,190,Kochi,Tier-2,COD,normal,2,5,1,2,2,22,26,2025-06-22,4,False,0.275,True,29,44,Low (0-35),Medium (35-65)
PO002836,2025-05-27,V02,Tirupur,False,0.88,knit,henley,118,Bengaluru,Tier-1,Prepaid,normal,1,0,1,1,2,21,24,2025-06-20,3,False,0.22,False,24,18,Low (0-35),Low (0-35)
PO002974,2025-05-27,V02,Tirupur,False,0.88,knit,hoodie,177,Patna,Tier-3,COD,normal,1,4,4,0,1,24,29,2025-06-25,5,False,0.38,False,41,68,Medium (35-65),High (65-100)
PO003408,2025-05-27,V09,Delhi NCR,False,0.86,woven,overshirt,302,Hyderabad,Tier-1,COD,normal,1,2,2,2,3,34,41,2025-07-07,7,True,0.406,False,30,52,Low (0-35),Medium (35-65)
PO003464,2025-05-27,V08,Ludhiana,False,0.84,knit,sweatshirt,324,Guwahati,Tier-3,COD,normal,4,3,1,6,1,24,27,2025-06-23,3,False,0.396,False,43,79,Medium (35-65),High (65-100)
PO003580,2025-05-27,V02,Tirupur,False,0.88,woven,chinos,192,Kolkata,Tier-1,COD,normal,1,6,2,3,2,34,41,2025-07-07,7,True,0.344,True,46,53,Medium (35-65),Medium (35-65)
PO004635,2025-05-27,V08,Ludhiana,False,0.84,woven,trouser,277,Raipur,Tier-3,COD,normal,1,8,0,4,3,37,37,2025-07-03,0,False,0.467,False,63,100,Medium (35-65),High (65-100)
PO000329,2025-05-28,V01,Tirupur,False,0.92,knit,t-shirt,208,Surat,Tier-2,COD,normal,1,2,0,1,1,22,26,2025-06-23,4,False,0.275,False,31,47,Low (0-35),Medium (35-65)
PO000346,2025-05-28,V02,Tirupur,False,0.88,knit,henley,127,Vadodara,Tier-2,COD,normal,1,1,1,0,2,22,20,2025-06-17,-2,False,0.275,False,31,47,Low (0-35),Medium (35-65)
PO000432,2025-05-28,V01,Tirupur,False,0.92,knit,hoodie,115,Chennai,Tier-1,COD,normal,1,0,3,2,2,21,23,2025-06-20,2,False,0.316,False,31,46,Low (0-35),Medium (35-65)
PO001323,2025-05-28,V01,Tirupur,False,0.92,knit,henley,293,Ahmedabad,Tier-2,COD,normal,6,2,1,0,1,22,24,2025-06-21,2,False,0.275,False,37,47,Medium (35-65),Medium (35-65)
PO001912,2025-05-28,V02,Tirupur,False,0.88,knit,t-shirt,261,Surat,Tier-2,COD,normal,4,2,0,0,1,22,26,2025-06-23,4,False,0.275,False,37,47,Medium (35-65),Medium (35-65)
PO002231,2025-05-28,V09,Delhi NCR,False,0.86,woven,denim-jacket,255,Mumbai,Tier-1,Prepaid,normal,1,15,0,0,1,34,37,2025-07-04,3,False,0.22,False,30,20,Low (0-35),Low (0-35)
PO002978,2025-05-28,V01,Tirupur,False,0.92,woven,denim-jacket,223,Bhubaneswar,Tier-3,COD,normal,2,11,1,2,1,37,42,2025-07-09,5,False,0.33,True,56,67,Medium (35-65),High (65-100)
PO003063,2025-05-28,V05,Bengaluru,False,0.93,knit,henley,273,Chandigarh,Tier-2,COD,normal,1,1,1,5,2,22,22,2025-06-19,0,False,0.33,False,24,58,Low (0-35),Medium (35-65)
PO003716,2025-05-28,V01,Tirupur,False,0.92,knit,sweatshirt,229,Chennai,Tier-1,Prepaid,normal,1,2,5,1,1,21,23,2025-06-20,2,False,0.253,False,29,24,Low (0-35),Low (0-35)
PO003775,2025-05-28,V01,Tirupur,False,0.92,knit,hoodie,262,Coimbatore,Tier-2,Prepaid,normal,5,6,2,1,2,22,27,2025-06-24,5,False,0.22,False,43,33,Medium (35-65),Low (0-35)
PO003794,2025-05-28,V09,Delhi NCR,False,0.86,knit,henley,132,Raipur,Tier-3,COD,normal,4,4,1,0,1,24,27,2025-06-24,3,False,0.33,True,28,51,Low (0-35),Medium (35-65)
PO000989,2025-05-29,V05,Bengaluru,False,0.93,knit,hoodie,56,Mumbai,Tier-1,COD,normal,1,1,1,0,1,21,24,2025-06-22,3,False,0.275,False,16,37,Low (0-35),Medium (35-65)
PO001111,2025-05-29,V01,Tirupur,False,0.92,knit,hoodie,130,Madurai,Tier-3,Prepaid,normal,2,1,1,1,1,24,27,2025-06-25,3,False,0.264,False,34,32,Low (0-35),Low (0-35)
PO002001,2025-05-29,V04,Tirupur,False,0.9,knit,hoodie,252,Delhi,Tier-1,COD,normal,15,3,4,2,2,21,29,2025-06-27,8,True,0.395,False,37,46,Medium (35-65),Medium (35-65)
PO002234,2025-05-29,V07,Ludhiana,False,0.87,knit,t-shirt,93,Patna,Tier-3,Prepaid,normal,2,1,0,1,1,24,25,2025-06-23,1,False,0.264,True,20,29,Low (0-35),Low (0-35)
PO002328,2025-05-29,V01,Tirupur,False,0.92,knit,henley,293,Surat,Tier-2,COD,normal,1,2,3,3,1,22,24,2025-06-22,2,False,0.316,True,36,53,Medium (35-65),Medium (35-65)
PO002349,2025-05-29,V01,Tirupur,False,0.92,knit,t-shirt,212,Vadodara,Tier-2,COD,normal,1,0,2,1,3,22,23,2025-06-21,1,False,0.325,False,37,57,Medium (35-65),Medium (35-65)
PO002488,2025-05-29,V10,Delhi NCR,False,0.82,woven,overshirt,165,Jodhpur,Tier-3,Prepaid,normal,2,3,1,3,3,37,38,2025-07-06,1,False,0.312,False,50,58,Medium (35-65),Medium (35-65)
PO003072,2025-05-29,V01,Tirupur,False,0.92,knit,hoodie,190,Mysuru,Tier-3,COD,normal,1,2,1,3,2,24,29,2025-06-27,5,False,0.33,True,36,54,Medium (35-65),Medium (35-65)
PO003093,2025-05-29,V03,Tirupur,False,0.85,woven,trouser,205,Raipur,Tier-3,Prepaid,normal,4,1,2,2,2,37,43,2025-07-11,6,True,0.33,True,52,45,Medium (35-65),Medium (35-65)
PO003499,2025-05-29,V06,Bengaluru,False,0.89,knit,sweatshirt,92,Coimbatore,Tier-2,Prepaid,normal,3,1,2,2,1,22,23,2025-06-21,1,False,0.22,False,25,22,Low (0-35),Low (0-35)
PO003543,2025-05-29,V04,Tirupur,False,0.9,knit,sweatshirt,292,Indore,Tier-2,Prepaid,normal,1,1,1,2,1,22,27,2025-06-25,5,False,0.22,False,29,25,Low (0-35),Low (0-35)
PO003600,2025-05-29,V02,Tirupur,False,0.88,knit,henley,145,Lucknow,Tier-2,COD,normal,2,2,0,0,3,22,26,2025-06-24,4,False,0.325,False,37,57,Medium (35-65),Medium (35-65)
PO003829,2025-05-29,V10,Delhi NCR,False,0.82,woven,chinos,103,Lucknow,Tier-2,COD,normal,0,2,3,7,2,35,38,2025-07-06,3,False,0.38,False,49,83,Medium (35-65),High (65-100)
PO003933,2025-05-29,V05,Bengaluru,False,0.93,knit,t-shirt,170,Patna,Tier-3,COD,normal,0,1,4,2,1,24,27,2025-06-25,3,False,0.38,True,31,57,Low (0-35),Medium (35-65)
PO004010,2025-05-29,V04,Tirupur,False,0.9,woven,trouser,138,Bengaluru,Tier-1,Prepaid,normal,2,3,4,2,1,34,45,2025-07-13,11,True,0.316,True,41,37,Medium (35-65),Medium (35-65)
PO000224,2025-05-30,V03,Tirupur,False,0.85,knit,t-shirt,392,Delhi,Tier-1,Prepaid,normal,2,1,3,1,1,21,22,2025-06-21,1,False,0.253,False,37,24,Medium (35-65),Low (0-35)
PO000717,2025-05-30,V08,Ludhiana,False,0.84,woven,overshirt,124,Indore,Tier-2,Prepaid,normal,4,2,1,1,2,35,36,2025-07-05,1,False,0.22,False,45,41,Medium (35-65),Medium (35-65)
PO000754,2025-05-30,V09,Delhi NCR,False,0.86,woven,overshirt,162,Chandigarh,Tier-2,Prepaid,normal,1,2,1,2,1,35,37,2025-07-06,2,False,0.22,False,27,27,Low (0-35),Low (0-35)
PO000781,2025-05-30,V05,Bengaluru,False,0.93,knit,t-shirt,50,Jodhpur,Tier-3,Prepaid,normal,1,1,1,2,1,24,24,2025-06-23,0,False,0.264,False,24,29,Low (0-35),Low (0-35)
PO000849,2025-05-30,V01,Tirupur,False,0.92,woven,overshirt,145,Vadodara,Tier-2,COD,normal,1,1,1,1,1,35,45,2025-07-14,10,True,0.344,False,43,60,Medium (35-65),Medium (35-65)
PO001612,2025-05-30,V02,Tirupur,False,0.88,woven,denim-jacket,146,Chandigarh,Tier-2,COD,normal,1,2,1,2,2,35,36,2025-07-05,1,False,0.275,False,43,60,Medium (35-65),Medium (35-65)
PO001834,2025-05-30,V04,Tirupur,False,0.9,knit,t-shirt,142,Surat,Tier-2,COD,normal,1,1,1,1,2,22,26,2025-06-25,4,False,0.275,False,31,47,Low (0-35),Medium (35-65)
PO002655,2025-05-30,V09,Delhi NCR,False,0.86,knit,polo,180,Mysuru,Tier-3,Prepaid,normal,2,2,1,1,1,24,26,2025-06-25,2,False,0.264,False,20,29,Low (0-35),Low (0-35)
PO003030,2025-05-30,V12,Bengaluru,True,0.78,knit,t-shirt,191,Kochi,Tier-2,COD,normal,11,1,0,2,1,22,30,2025-06-29,8,True,0.395,False,67,75,High (65-100),High (65-100)
PO003455,2025-05-30,V03,Tirupur,False,0.85,knit,sweatshirt,206,Ahmedabad,Tier-2,Prepaid,normal,2,2,1,0,2,22,22,2025-06-21,0,False,0.22,True,29,25,Low (0-35),Low (0-35)
PO003594,2025-05-30,V06,Bengaluru,False,0.89,knit,henley,203,Hyderabad,Tier-1,COD,normal,2,1,0,4,1,21,24,2025-06-23,3,False,0.33,False,19,51,Low (0-35),Medium (35-65)
PO003748,2025-05-30,V05,Bengaluru,False,0.93,knit,t-shirt,227,Vijayawada,Tier-3,COD,normal,2,2,2,0,2,24,31,2025-06-30,7,True,0.413,False,26,51,Low (0-35),Medium (35-65)
PO004167,2025-05-30,V05,Bengaluru,False,0.93,knit,polo,111,Jaipur,Tier-2,Prepaid,normal,2,4,1,1,1,22,24,2025-06-23,2,False,0.22,False,19,22,Low (0-35),Low (0-35)
PO004346,2025-05-30,V04,Tirupur,False,0.9,woven,trouser,298,Delhi,Tier-1,COD,normal,7,1,1,3,1,34,38,2025-07-07,4,False,0.275,False,44,53,Medium (35-65),Medium (35-65)
PO004460,2025-05-30,V02,Tirupur,False,0.88,knit,polo,131,Chandigarh,Tier-2,COD,normal,1,1,2,1,1,22,25,2025-06-24,3,False,0.275,True,31,47,Low (0-35),Medium (35-65)
PO000787,2025-05-31,V07,Ludhiana,False,0.87,knit,hoodie,193,Bengaluru,Tier-1,COD,normal,6,0,6,1,2,21,22,2025-06-22,1,False,0.316,False,23,43,Low (0-35),Medium (35-65)
PO000922,2025-05-31,V02,Tirupur,False,0.88,knit,henley,110,Vadodara,Tier-2,Prepaid,normal,4,1,2,2,1,22,27,2025-06-27,5,False,0.22,False,35,25,Low (0-35),Low (0-35)
PO001143,2025-05-31,V01,Tirupur,False,0.92,knit,t-shirt,172,Surat,Tier-2,COD,normal,14,1,2,3,2,22,24,2025-06-24,2,False,0.275,False,37,47,Medium (35-65),Medium (35-65)
PO001172,2025-05-31,V03,Tirupur,False,0.85,knit,sweatshirt,182,Ahmedabad,Tier-2,COD,normal,1,2,1,0,3,22,27,2025-06-27,5,False,0.325,False,37,57,Medium (35-65),Medium (35-65)
PO001177,2025-05-31,V05,Bengaluru,False,0.93,knit,sweatshirt,50,Bhubaneswar,Tier-3,COD,normal,12,2,1,1,1,24,31,2025-07-01,7,True,0.413,False,32,51,Low (0-35),Medium (35-65)
PO001478,2025-05-31,V10,Delhi NCR,False,0.82,woven,shirt,337,Ahmedabad,Tier-2,COD,normal,3,1,1,4,3,35,37,2025-07-07,2,False,0.389,False,56,87,Medium (35-65),High (65-100)
PO001752,2025-05-31,V03,Tirupur,False,0.85,woven,denim-jacket,160,Kochi,Tier-2,COD,normal,12,1,3,2,2,35,37,2025-07-07,2,False,0.316,True,54,66,Medium (35-65),High (65-100)
PO001948,2025-05-31,V03,Tirupur,False,0.85,knit,hoodie,140,Ahmedabad,Tier-2,COD,normal,8,2,1,3,2,22,27,2025-06-27,5,False,0.275,False,37,47,Medium (35-65),Medium (35-65)
PO004114,2025-05-31,V02,Tirupur,False,0.88,knit,polo,284,Chandigarh,Tier-2,Prepaid,normal,1,0,3,2,1,22,26,2025-06-26,4,False,0.253,True,34,31,Low (0-35),Low (0-35)
PO004543,2025-05-31,V07,Ludhiana,False,0.87,knit,sweatshirt,120,Pune,Tier-2,COD,normal,2,1,0,1,1,22,21,2025-06-21,-1,False,0.275,True,17,44,Low (0-35),Medium (35-65)
PO004697,2025-05-31,V04,Tirupur,False,0.9,knit,henley,55,Surat,Tier-2,COD,normal,3,2,2,2,3,22,28,2025-06-28,6,True,0.406,False,43,65,Medium (35-65),Medium (35-65)
PO004770,2025-05-31,V06,Bengaluru,False,0.89,knit,t-shirt,171,Ranchi,Tier-3,COD,normal,2,2,1,4,2,24,29,2025-06-29,5,False,0.396,False,29,65,Low (0-35),Medium (35-65)
PO000940,2025-06-01,V04,Tirupur,False,0.9,knit,henley,334,Kochi,Tier-2,COD,monsoon,3,5,1,0,1,22,27,2025-06-28,5,False,0.275,False,53,58,Medium (35-65),Medium (35-65)
PO002125,2025-06-01,V02,Tirupur,False,0.88,knit,polo,190,Madurai,Tier-3,Prepaid,monsoon,2,9,1,2,1,24,28,2025-06-29,4,False,0.264,True,50,43,Medium (35-65),Medium (35-65)
PO002419,2025-06-01,V01,Tirupur,False,0.92,knit,hoodie,171,Coimbatore,Tier-2,COD,monsoon,2,2,1,2,1,22,27,2025-06-28,5,False,0.275,False,39,50,Medium (35-65),Medium (35-65)
PO002474,2025-06-01,V10,Delhi NCR,False,0.82,woven,shirt,381,Delhi,Tier-1,COD,monsoon,2,0,1,2,2,34,44,2025-07-15,10,True,0.344,False,62,69,Medium (35-65),High (65-100)
PO003121,2025-06-01,V02,Tirupur,False,0.88,knit,polo,214,Nagpur,Tier-3,Prepaid,monsoon,3,3,2,3,3,24,28,2025-06-29,4,False,0.312,False,54,53,Medium (35-65),Medium (35-65)
PO003176,2025-06-01,V03,Tirupur,False,0.85,knit,henley,131,Pune,Tier-2,COD,monsoon,4,1,0,4,1,22,24,2025-06-25,2,False,0.33,True,48,72,Medium (35-65),High (65-100)
PO003518,2025-06-01,V05,Bengaluru,False,0.93,woven,chinos,110,Lucknow,Tier-2,Prepaid,monsoon,1,9,1,1,1,35,40,2025-07-11,5,False,0.22,False,57,41,Medium (35-65),Medium (35-65)
PO003712,2025-06-01,V01,Tirupur,False,0.92,knit,hoodie,174,Delhi,Tier-1,Prepaid,monsoon,3,1,6,3,1,21,24,2025-06-25,3,False,0.253,False,43,35,Medium (35-65),Low (0-35)
PO004152,2025-06-01,V11,Tirupur,True,0.75,knit,sweatshirt,154,Kolkata,Tier-1,COD,monsoon,3,1,1,7,1,21,32,2025-07-03,11,True,0.474,True,93,90,High (65-100),High (65-100)
PO004426,2025-06-01,V01,Tirupur,False,0.92,knit,sweatshirt,176,Delhi,Tier-1,Prepaid,monsoon,4,7,3,1,1,21,26,2025-06-27,5,False,0.253,False,51,35,Medium (35-65),Low (0-35)
PO000162,2025-06-02,V04,Tirupur,False,0.9,knit,sweatshirt,84,Vadodara,Tier-2,Prepaid,monsoon,0,1,0,1,2,22,28,2025-06-30,6,True,0.275,False,37,28,Medium (35-65),Low (0-35)
PO000251,2025-06-02,V04,Tirupur,False,0.9,knit,sweatshirt,309,Ranchi,Tier-3,Prepaid,monsoon,3,2,1,1,2,24,26,2025-06-28,2,False,0.264,False,48,43,Medium (35-65),Medium (35-65)
PO000407,2025-06-02,V04,Tirupur,False,0.9,knit,hoodie,220,Raipur,Tier-3,Prepaid,monsoon,1,1,0,0,1,24,29,2025-07-01,5,False,0.264,False,42,43,Medium (35-65),Medium (35-65)
PO001089,2025-06-02,V04,Tirupur,False,0.9,woven,trouser,234,Patna,Tier-3,Prepaid,monsoon,1,2,3,1,1,37,53,2025-07-25,16,True,0.38,False,69,64,High (65-100),Medium (35-65)
PO001389,2025-06-02,V06,Bengaluru,False,0.89,knit,hoodie,50,Kolkata,Tier-1,Prepaid,monsoon,1,1,2,3,2,21,22,2025-06-24,1,False,0.22,False,22,18,Low (0-35),Low (0-35)
PO002311,2025-06-02,V03,Tirupur,False,0.85,woven,shirt,241,Chandigarh,Tier-2,Prepaid,monsoon,1,5,3,2,2,35,57,2025-07-29,22,True,0.316,False,72,57,High (65-100),Medium (35-65)
PO003484,2025-06-02,V02,Tirupur,False,0.88,knit,hoodie,169,Coimbatore,Tier-2,Prepaid,monsoon,7,0,5,1,1,22,26,2025-06-28,4,False,0.253,False,48,42,Medium (35-65),Medium (35-65)
PO003997,2025-06-02,V07,Ludhiana,False,0.87,knit,t-shirt,159,Bengaluru,Tier-1,Prepaid,monsoon,2,3,1,1,1,21,24,2025-06-26,3,False,0.22,False,18,18,Low (0-35),Low (0-35)
PO000131,2025-06-03,V02,Tirupur,False,0.88,knit,sweatshirt,135,Coimbatore,Tier-2,COD,monsoon,3,2,2,2,1,22,27,2025-06-30,5,False,0.275,False,45,58,Medium (35-65),Medium (35-65)
PO000489,2025-06-03,V01,Tirupur,False,0.92,knit,t-shirt,55,Tiruchirappalli,Tier-3,Prepaid,monsoon,5,0,1,2,1,24,29,2025-07-02,5,False,0.264,False,48,43,Medium (35-65),Medium (35-65)
PO000611,2025-06-03,V01,Tirupur,False,0.92,knit,polo,164,Hyderabad,Tier-1,COD,monsoon,2,3,3,1,2,21,27,2025-06-30,6,True,0.395,True,39,49,Medium (35-65),Medium (35-65)
PO000888,2025-06-03,V05,Bengaluru,False,0.93,knit,henley,175,Chennai,Tier-1,COD,monsoon,4,3,1,2,1,21,22,2025-06-25,1,False,0.275,False,30,40,Low (0-35),Medium (35-65)
PO001759,2025-06-03,V04,Tirupur,False,0.9,knit,t-shirt,199,Jodhpur,Tier-3,Prepaid,monsoon,1,1,4,0,1,24,27,2025-06-30,3,False,0.304,False,47,49,Medium (35-65),Medium (35-65)
PO002041,2025-06-03,V07,Ludhiana,False,0.87,knit,henley,130,Kolkata,Tier-1,COD,monsoon,1,0,3,3,2,21,22,2025-06-25,1,False,0.316,False,25,46,Low (0-35),Medium (35-65)
PO002903,2025-06-03,V01,Tirupur,False,0.92,knit,sweatshirt,57,Chandigarh,Tier-2,COD,monsoon,2,3,0,1,1,22,25,2025-06-28,3,False,0.275,False,39,50,Medium (35-65),Medium (35-65)
PO003773,2025-06-03,V03,Tirupur,False,0.85,woven,trouser,153,Bengaluru,Tier-1,COD,monsoon,7,1,2,3,1,34,47,2025-07-20,13,True,0.344,False,62,66,Medium (35-65),High (65-100)
PO004119,2025-06-03,V06,Bengaluru,False,0.89,knit,polo,303,Kochi,Tier-2,COD,monsoon,2,1,1,1,3,22,22,2025-06-25,0,False,0.325,False,35,57,Low (0-35),Medium (35-65)
PO004342,2025-06-03,V05,Bengaluru,False,0.93,knit,polo,187,Chandigarh,Tier-2,COD,monsoon,5,1,2,3,1,22,24,2025-06-27,2,False,0.275,True,35,47,Low (0-35),Medium (35-65)
PO004525,2025-06-03,V01,Tirupur,False,0.92,woven,trouser,207,Vijayawada,Tier-3,Prepaid,monsoon,1,3,1,0,2,37,54,2025-07-27,17,True,0.33,False,64,58,Medium (35-65),Medium (35-65)
PO004690,2025-06-03,V04,Tirupur,False,0.9,woven,shirt,130,Madurai,Tier-3,Prepaid,monsoon,3,1,1,1,3,37,49,2025-07-22,12,True,0.389,False,76,68,High (65-100),High (65-100)
PO004924,2025-06-03,V02,Tirupur,False,0.88,woven,denim-jacket,192,Mumbai,Tier-1,COD,monsoon,3,1,2,3,2,34,46,2025-07-19,12,True,0.344,True,62,66,Medium (35-65),High (65-100)
PO004962,2025-06-03,V02,Tirupur,False,0.88,knit,henley,262,Chennai,Tier-1,Prepaid,monsoon,2,1,1,1,3,21,25,2025-06-28,4,False,0.26,False,38,31,Medium (35-65),Low (0-35)
PO004968,2025-06-03,V02,Tirupur,False,0.88,knit,sweatshirt,79,Kochi,Tier-2,Prepaid,monsoon,1,6,5,1,1,22,25,2025-06-28,3,False,0.253,False,50,42,Medium (35-65),Medium (35-65)
PO004990,2025-06-03,V09,Delhi NCR,False,0.86,woven,overshirt,145,Mumbai,Tier-1,COD,monsoon,2,11,1,0,1,34,48,2025-07-21,14,True,0.344,False,50,56,Medium (35-65),Medium (35-65)
PO000091,2025-06-04,V02,Tirupur,False,0.88,knit,sweatshirt,50,Delhi,Tier-1,COD,monsoon,1,1,3,1,1,21,23,2025-06-27,2,False,0.316,True,39,49,Medium (35-65),Medium (35-65)
PO000464,2025-06-04,V07,Ludhiana,False,0.87,woven,trouser,66,Chennai,Tier-1,COD,monsoon,0,4,1,0,1,34,43,2025-07-17,9,True,0.344,True,42,56,Medium (35-65),Medium (35-65)
PO000591,2025-06-04,V01,Tirupur,False,0.92,knit,t-shirt,77,Kolkata,Tier-1,COD,monsoon,1,4,3,0,1,21,23,2025-06-27,2,False,0.316,False,39,49,Medium (35-65),Medium (35-65)
PO001186,2025-06-04,V01,Tirupur,False,0.92,knit,polo,275,Hyderabad,Tier-1,Prepaid,monsoon,2,1,2,4,1,21,29,2025-07-03,8,True,0.33,False,35,35,Low (0-35),Low (0-35)
PO002959,2025-06-04,V01,Tirupur,False,0.92,knit,sweatshirt,128,Vijayawada,Tier-3,Prepaid,monsoon,7,9,1,2,3,24,29,2025-07-03,5,False,0.312,True,62,60,Medium (35-65),Medium (35-65)
PO003100,2025-06-04,V01,Tirupur,False,0.92,knit,hoodie,207,Kolkata,Tier-1,Prepaid,monsoon,1,5,4,3,1,21,26,2025-06-30,5,False,0.253,False,45,35,Medium (35-65),Low (0-35)
PO003221,2025-06-04,V05,Bengaluru,False,0.93,knit,henley,97,Dehradun,Tier-3,COD,monsoon,1,3,7,3,2,24,29,2025-07-03,5,False,0.38,False,39,60,Medium (35-65),Medium (35-65)
PO003995,2025-06-04,V05,Bengaluru,False,0.93,knit,hoodie,249,Mumbai,Tier-1,Prepaid,monsoon,2,1,0,0,1,21,24,2025-06-28,3,False,0.22,False,22,18,Low (0-35),Low (0-35)
PO004048,2025-06-04,V01,Tirupur,False,0.92,woven,denim-jacket,245,Mumbai,Tier-1,Prepaid,monsoon,4,4,1,1,2,34,45,2025-07-19,11,True,0.275,False,60,44,Medium (35-65),Medium (35-65)
PO004211,2025-06-04,V05,Bengaluru,False,0.93,knit,polo,217,Bengaluru,Tier-1,COD,monsoon,1,5,3,5,1,21,22,2025-06-26,1,False,0.38,True,40,68,Medium (35-65),High (65-100)
PO004217,2025-06-04,V03,Tirupur,False,0.85,knit,polo,243,Indore,Tier-2,COD,monsoon,2,5,0,3,1,22,30,2025-07-04,8,True,0.344,False,47,58,Medium (35-65),Medium (35-65)
PO004772,2025-06-04,V04,Tirupur,False,0.9,woven,chinos,168,Hyderabad,Tier-1,Prepaid,monsoon,3,3,2,0,2,34,46,2025-07-20,12,True,0.275,False,60,44,Medium (35-65),Medium (35-65)
PO000103,2025-06-05,V05,Bengaluru,False,0.93,knit,t-shirt,146,Mumbai,Tier-1,COD,monsoon,4,1,1,0,2,21,25,2025-06-30,4,False,0.275,True,30,40,Low (0-35),Medium (35-65)
PO000452,2025-06-05,V05,Bengaluru,False,0.93,woven,overshirt,199,Mumbai,Tier-1,COD,monsoon,1,1,1,3,3,34,44,2025-07-19,10,True,0.406,True,52,66,Medium (35-65),High (65-100)
PO000491,2025-06-05,V05,Bengaluru,False,0.93,knit,hoodie,116,Delhi,Tier-1,Prepaid,monsoon,3,1,3,0,3,21,26,2025-07-01,5,False,0.299,False,39,34,Medium (35-65),Low (0-35)
PO000909,2025-06-05,V07,Ludhiana,False,0.87,woven,shirt,240,Dehradun,Tier-3,COD,monsoon,0,1,0,1,1,37,42,2025-07-17,5,False,0.33,False,52,70,Medium (35-65),High (65-100)
PO001899,2025-06-05,V09,Delhi NCR,False,0.86,knit,polo,243,Delhi,Tier-1,COD,monsoon,1,4,2,3,1,21,22,2025-06-27,1,False,0.275,False,20,40,Low (0-35),Medium (35-65)
PO002368,2025-06-05,V05,Bengaluru,False,0.93,knit,t-shirt,275,Ranchi,Tier-3,Prepaid,monsoon,1,1,2,3,1,24,26,2025-07-01,2,False,0.264,False,32,32,Low (0-35),Low (0-35)
PO002513,2025-06-05,V12,Bengaluru,True,0.78,woven,shirt,287,Kolkata,Tier-1,COD,monsoon,3,2,3,4,1,34,47,2025-07-22,13,True,0.546,True,100,99,High (65-100),High (65-100)
PO003661,2025-06-05,V09,Delhi NCR,False,0.86,woven,trouser,50,Mumbai,Tier-1,Prepaid,monsoon,2,7,0,2,2,34,44,2025-07-19,10,True,0.275,False,48,34,Medium (35-65),Low (0-35)
PO003917,2025-06-05,V09,Delhi NCR,False,0.86,woven,overshirt,302,Delhi,Tier-1,COD,monsoon,2,12,1,0,2,34,42,2025-07-17,8,True,0.344,True,50,56,Medium (35-65),Medium (35-65)
PO004081,2025-06-05,V01,Tirupur,False,0.92,woven,overshirt,169,Mysuru,Tier-3,COD,monsoon,2,1,1,0,1,37,49,2025-07-24,12,True,0.413,True,66,80,High (65-100),High (65-100)
PO004424,2025-06-05,V09,Delhi NCR,False,0.86,woven,chinos,244,Vadodara,Tier-2,COD,monsoon,2,14,3,1,2,35,50,2025-07-25,15,True,0.395,True,60,76,Medium (35-65),High (65-100)
PO004626,2025-06-05,V10,Delhi NCR,False,0.82,woven,denim-jacket,194,Mumbai,Tier-1,COD,monsoon,0,7,2,1,3,34,42,2025-07-17,8,True,0.406,False,68,79,High (65-100),High (65-100)
PO004753,2025-06-05,V07,Ludhiana,False,0.87,knit,polo,118,Nagpur,Tier-3,Prepaid,monsoon,2,0,2,1,1,24,28,2025-07-03,4,False,0.264,True,28,32,Low (0-35),Low (0-35)
PO000482,2025-06-06,V02,Tirupur,False,0.88,knit,t-shirt,211,Coimbatore,Tier-2,COD,monsoon,4,0,0,2,3,22,26,2025-07-02,4,False,0.325,False,51,68,Medium (35-65),High (65-100)
PO000653,2025-06-06,V01,Tirupur,False,0.92,knit,t-shirt,136,Coimbatore,Tier-2,Prepaid,monsoon,2,0,1,0,2,22,27,2025-07-03,5,False,0.22,False,37,28,Medium (35-65),Low (0-35)
PO000884,2025-06-06,V06,Bengaluru,False,0.89,knit,polo,161,Chennai,Tier-1,Prepaid,monsoon,2,2,1,2,2,21,25,2025-07-01,4,False,0.22,False,22,18,Low (0-35),Low (0-35)
PO002012,2025-06-06,V04,Tirupur,False,0.9,knit,polo,169,Raipur,Tier-3,Prepaid,monsoon,1,0,1,1,1,24,28,2025-07-04,4,False,0.264,False,42,43,Medium (35-65),Medium (35-65)
PO002094,2025-06-06,V01,Tirupur,False,0.92,knit,t-shirt,348,Delhi,Tier-1,Prepaid,monsoon,1,1,2,1,2,21,25,2025-07-01,4,False,0.22,True,32,21,Low (0-35),Low (0-35)
PO002175,2025-06-06,V07,Ludhiana,False,0.87,woven,chinos,341,Indore,Tier-2,COD,monsoon,3,7,1,2,1,35,49,2025-07-25,14,True,0.344,False,61,70,Medium (35-65),High (65-100)
PO003621,2025-06-06,V05,Bengaluru,False,0.93,knit,t-shirt,135,Madurai,Tier-3,COD,monsoon,3,3,9,2,3,24,29,2025-07-05,5,False,0.448,True,51,78,Medium (35-65),High (65-100)
PO003968,2025-06-06,V07,Ludhiana,False,0.87,woven,denim-jacket,234,Dehradun,Tier-3,COD,monsoon,5,18,2,0,3,37,50,2025-07-26,13,True,0.487,False,72,87,High (65-100),High (65-100)
PO004130,2025-06-06,V02,Tirupur,False,0.88,knit,polo,76,Lucknow,Tier-2,Prepaid,monsoon,4,2,9,3,1,22,32,2025-07-08,10,True,0.316,False,48,42,Medium (35-65),Medium (35-65)
PO004533,2025-06-06,V01,Tirupur,False,0.92,woven,overshirt,269,Chennai,Tier-1,Prepaid,monsoon,2,4,4,3,2,34,50,2025-07-26,16,True,0.316,True,59,43,Medium (35-65),Medium (35-65)
PO000020,2025-06-07,V05,Bengaluru,False,0.93,knit,polo,283,Madurai,Tier-3,Prepaid,monsoon,1,1,0,0,1,24,26,2025-07-03,2,False,0.264,False,32,32,Low (0-35),Low (0-35)
PO000424,2025-06-07,V08,Ludhiana,False,0.84,woven,shirt,254,Chennai,Tier-1,COD,monsoon,2,1,1,5,3,34,36,2025-07-13,2,False,0.389,False,63,93,Medium (35-65),High (65-100)
PO000471,2025-06-07,V01,Tirupur,False,0.92,knit,sweatshirt,212,Hyderabad,Tier-1,COD,monsoon,11,1,1,1,1,21,31,2025-07-08,10,True,0.344,True,40,51,Medium (35-65),Medium (35-65)
PO000522,2025-06-07,V01,Tirupur,False,0.92,knit,polo,219,Delhi,Tier-1,COD,monsoon,1,2,1,0,1,21,26,2025-07-03,5,False,0.275,False,34,43,Low (0-35),Medium (35-65)
PO000743,2025-06-07,V01,Tirupur,False,0.92,knit,polo,136,Kolkata,Tier-1,Prepaid,monsoon,5,0,1,0,2,21,27,2025-07-04,6,True,0.275,False,38,21,Medium (35-65),Low (0-35)
PO000874,2025-06-07,V04,Tirupur,False,0.9,knit,polo,193,Chandigarh,Tier-2,COD,monsoon,0,3,0,2,1,22,26,2025-07-03,4,False,0.275,True,39,50,Medium (35-65),Medium (35-65)
PO001049,2025-06-07,V01,Tirupur,False,0.92,knit,henley,127,Bengaluru,Tier-1,COD,monsoon,1,0,1,2,1,21,22,2025-06-29,1,False,0.275,False,34,43,Low (0-35),Medium (35-65)
PO001216,2025-06-07,V02,Tirupur,False,0.88,knit,sweatshirt,138,Jaipur,Tier-2,Prepaid,monsoon,3,3,9,4,1,22,27,2025-07-04,5,False,0.304,False,51,56,Medium (35-65),Medium (35-65)
PO001459,2025-06-07,V01,Tirupur,False,0.92,knit,polo,101,Mumbai,Tier-1,COD,monsoon,5,1,0,4,3,21,28,2025-07-05,7,True,0.487,False,49,75,Medium (35-65),High (65-100)
PO001739,2025-06-07,V05,Bengaluru,False,0.93,knit,hoodie,244,Tiruchirappalli,Tier-3,Prepaid,monsoon,2,0,2,1,1,24,24,2025-07-01,0,False,0.264,True,32,32,Low (0-35),Low (0-35)
PO002048,2025-06-07,V01,Tirupur,False,0.92,knit,hoodie,134,Bengaluru,Tier-1,Prepaid,monsoon,1,4,1,0,1,21,28,2025-07-05,7,True,0.275,False,32,21,Low (0-35),Low (0-35)
PO002054,2025-06-07,V01,Tirupur,False,0.92,woven,chinos,219,Coimbatore,Tier-2,Prepaid,monsoon,3,2,1,2,1,35,45,2025-07-22,10,True,0.275,True,65,51,Medium (35-65),Medium (35-65)
PO002626,2025-06-07,V01,Tirupur,False,0.92,knit,polo,226,Chandigarh,Tier-2,COD,monsoon,4,13,0,1,1,22,25,2025-07-02,3,False,0.275,True,53,58,Medium (35-65),Medium (35-65)
PO003526,2025-06-07,V10,Delhi NCR,False,0.82,woven,overshirt,83,Chennai,Tier-1,Prepaid,monsoon,7,1,1,1,2,34,38,2025-07-15,4,False,0.22,False,58,40,Medium (35-65),Medium (35-65)
PO000715,2025-06-08,V05,Bengaluru,False,0.93,woven,shirt,192,Ahmedabad,Tier-2,COD,monsoon,1,3,2,0,3,35,43,2025-07-21,8,True,0.406,False,57,73,Medium (35-65),High (65-100)
PO001034,2025-06-08,V01,Tirupur,False,0.92,knit,t-shirt,291,Dehradun,Tier-3,COD,monsoon,3,1,1,3,3,24,32,2025-07-10,8,True,0.487,True,56,75,Medium (35-65),High (65-100)
PO001282,2025-06-08,V01,Tirupur,False,0.92,knit,hoodie,263,Dehradun,Tier-3,COD,monsoon,2,5,1,2,3,24,28,2025-07-06,4,False,0.389,False,58,75,Medium (35-65),High (65-100)
PO001373,2025-06-08,V01,Tirupur,False,0.92,knit,henley,175,Raipur,Tier-3,COD,monsoon,4,6,3,1,1,24,28,2025-07-06,4,False,0.38,False,63,78,Medium (35-65),High (65-100)
PO001416,2025-06-08,V05,Bengaluru,False,0.93,woven,shirt,283,Ranchi,Tier-3,COD,monsoon,2,19,1,0,1,37,45,2025-07-23,8,True,0.413,False,64,77,Medium (35-65),High (65-100)
PO001489,2025-06-08,V02,Tirupur,False,0.88,knit,t-shirt,101,Vijayawada,Tier-3,COD,monsoon,2,1,1,2,2,24,32,2025-07-10,8,True,0.413,False,44,65,Medium (35-65),Medium (35-65)
PO002194,2025-06-08,V01,Tirupur,False,0.92,knit,henley,147,Jaipur,Tier-2,Prepaid,monsoon,1,1,5,2,2,22,26,2025-07-04,4,False,0.253,False,42,42,Medium (35-65),Medium (35-65)
PO002469,2025-06-08,V03,Tirupur,False,0.85,woven,shirt,200,Delhi,Tier-1,COD,monsoon,2,1,2,0,1,34,43,2025-07-21,9,True,0.344,False,56,59,Medium (35-65),Medium (35-65)
PO002739,2025-06-08,V07,Ludhiana,False,0.87,knit,henley,246,Mumbai,Tier-1,Prepaid,monsoon,2,1,2,1,2,21,19,2025-06-27,-2,False,0.22,False,18,18,Low (0-35),Low (0-35)
PO002839,2025-06-08,V06,Bengaluru,False,0.89,knit,t-shirt,96,Chandigarh,Tier-2,COD,monsoon,1,2,2,2,2,22,25,2025-07-03,3,False,0.275,False,29,47,Low (0-35),Medium (35-65)
PO002908,2025-06-08,V02,Tirupur,False,0.88,knit,henley,245,Chennai,Tier-1,COD,monsoon,1,1,1,1,3,21,26,2025-07-04,5,False,0.325,True,40,61,Medium (35-65),Medium (35-65)
PO004618,2025-06-08,V03,Tirupur,False,0.85,knit,t-shirt,268,Bengaluru,Tier-1,Prepaid,monsoon,2,5,2,1,1,21,25,2025-07-03,4,False,0.22,False,40,29,Medium (35-65),Low (0-35)
PO000831,2025-06-09,V05,Bengaluru,False,0.93,knit,sweatshirt,81,Kochi,Tier-2,COD,monsoon,1,4,1,2,1,22,23,2025-07-02,1,False,0.275,False,29,47,Low (0-35),Medium (35-65)
PO001411,2025-06-09,V07,Ludhiana,False,0.87,knit,polo,359,Chennai,Tier-1,Prepaid,monsoon,1,3,1,0,1,21,25,2025-07-04,4,False,0.22,False,26,18,Low (0-35),Low (0-35)
PO002490,2025-06-09,V07,Ludhiana,False,0.87,knit,hoodie,205,Mumbai,Tier-1,Prepaid,monsoon,1,2,4,1,2,21,28,2025-07-07,7,True,0.316,False,23,24,Low (0-35),Low (0-35)
PO003006,2025-06-09,V06,Bengaluru,False,0.89,knit,t-shirt,61,Lucknow,Tier-2,COD,monsoon,1,1,0,2,3,22,26,2025-07-05,4,False,0.325,True,35,57,Low (0-35),Medium (35-65)
PO003226,2025-06-09,V02,Tirupur,False,0.88,knit,sweatshirt,120,Kolkata,Tier-1,Prepaid,monsoon,3,3,1,3,1,21,28,2025-07-07,7,True,0.275,True,38,21,Medium (35-65),Low (0-35)
PO004475,2025-06-09,V10,Delhi NCR,False,0.82,woven,chinos,161,Mysuru,Tier-3,Prepaid,monsoon,5,2,0,2,2,37,51,2025-07-30,14,True,0.33,False,68,61,High (65-100),Medium (35-65)
PO004553,2025-06-09,V01,Tirupur,False,0.92,knit,sweatshirt,193,Chandigarh,Tier-2,Prepaid,monsoon,1,7,1,2,2,22,29,2025-07-08,7,True,0.275,False,45,36,Medium (35-65),Medium (35-65)
PO004715,2025-06-09,V03,Tirupur,False,0.85,knit,hoodie,279,Pune,Tier-2,Prepaid,monsoon,1,1,0,3,3,22,30,2025-07-09,8,True,0.325,False,43,46,Medium (35-65),Medium (35-65)
PO000212,2025-06-10,V03,Tirupur,False,0.85,woven,chinos,103,Nagpur,Tier-3,COD,monsoon,3,2,6,2,1,37,56,2025-08-05,19,True,0.474,False,77,86,High (65-100),High (65-100)
PO000416,2025-06-10,V02,Tirupur,False,0.88,knit,sweatshirt,147,Bengaluru,Tier-1,Prepaid,monsoon,1,0,1,2,2,21,27,2025-07-07,6,True,0.275,True,32,21,Low (0-35),Low (0-35)
PO000682,2025-06-10,V02,Tirupur,False,0.88,woven,denim-jacket,216,Jaipur,Tier-2,COD,monsoon,1,15,0,3,1,35,50,2025-07-30,15,True,0.344,False,69,73,High (65-100),High (65-100)
PO001442,2025-06-10,V01,Tirupur,False,0.92,knit,henley,157,Pune,Tier-2,COD,monsoon,8,1,2,2,1,22,30,2025-07-10,8,True,0.344,False,45,58,Medium (35-65),Medium (35-65)
PO001604,2025-06-10,V05,Bengaluru,False,0.93,knit,hoodie,164,Lucknow,Tier-2,COD,monsoon,3,4,2,1,1,22,25,2025-07-05,3,False,0.275,False,35,47,Low (0-35),Medium (35-65)
PO001936,2025-06-10,V07,Ludhiana,False,0.87,knit,hoodie,63,Delhi,Tier-1,Prepaid,monsoon,1,1,1,2,3,21,24,2025-07-04,3,False,0.26,False,24,28,Low (0-35),Low (0-35)
PO002137,2025-06-10,V01,Tirupur,False,0.92,knit,polo,141,Pune,Tier-2,Prepaid,monsoon,1,0,2,0,3,22,30,2025-07-10,8,True,0.325,False,43,46,Medium (35-65),Medium (35-65)
PO002709,2025-06-10,V07,Ludhiana,False,0.87,knit,t-shirt,188,Indore,Tier-2,Prepaid,monsoon,5,0,10,1,1,22,27,2025-07-07,5,False,0.253,False,34,31,Low (0-35),Low (0-35)
PO003654,2025-06-10,V02,Tirupur,False,0.88,knit,polo,168,Kolkata,Tier-1,COD,monsoon,5,2,0,4,1,21,26,2025-07-06,5,False,0.33,False,43,65,Medium (35-65),Medium (35-65)
PO004274,2025-06-10,V03,Tirupur,False,0.85,knit,polo,190,Chandigarh,Tier-2,COD,monsoon,4,1,2,1,2,22,21,2025-07-01,-1,False,0.275,False,45,58,Medium (35-65),Medium (35-65)
PO004499,2025-06-10,V01,Tirupur,False,0.92,knit,t-shirt,212,Indore,Tier-2,COD,monsoon,2,1,1,1,1,22,22,2025-07-02,0,False,0.275,False,39,50,Medium (35-65),Medium (35-65)
PO000542,2025-06-11,V05,Bengaluru,False,0.93,knit,henley,50,Mumbai,Tier-1,Prepaid,monsoon,6,1,3,0,3,21,26,2025-07-07,5,False,0.299,False,39,34,Medium (35-65),Low (0-35)
PO000767,2025-06-11,V05,Bengaluru,False,0.93,knit,polo,161,Bengaluru,Tier-1,COD,monsoon,1,3,2,0,1,21,26,2025-07-07,5,False,0.275,True,24,40,Low (0-35),Medium (35-65)
PO001048,2025-06-11,V05,Bengaluru,False,0.93,knit,polo,85,Mumbai,Tier-1,COD,monsoon,6,2,1,5,1,21,24,2025-07-05,3,False,0.33,False,33,54,Low (0-35),Medium (35-65)
PO001476,2025-06-11,V05,Bengaluru,False,0.93,knit,polo,315,Kochi,Tier-2,Prepaid,monsoon,3,3,0,0,3,22,25,2025-07-06,3,False,0.26,False,39,35,Medium (35-65),Low (0-35)
PO002684,2025-06-11,V10,Delhi NCR,False,0.82,woven,shirt,210,Bengaluru,Tier-1,Prepaid,monsoon,2,6,5,3,1,34,41,2025-07-22,7,True,0.316,False,65,53,Medium (35-65),Medium (35-65)
PO003340,2025-06-11,V01,Tirupur,False,0.92,knit,hoodie,248,Mumbai,Tier-1,COD,monsoon,0,1,4,1,2,21,19,2025-06-30,-2,False,0.316,False,39,49,Medium (35-65),Medium (35-65)
PO003371,2025-06-11,V09,Delhi NCR,False,0.86,woven,shirt,105,Indore,Tier-2,Prepaid,monsoon,5,5,1,2,1,35,45,2025-07-26,10,True,0.275,False,59,41,Medium (35-65),Medium (35-65)
PO003505,2025-06-11,V06,Bengaluru,False,0.89,knit,henley,169,Coimbatore,Tier-2,COD,monsoon,0,8,2,0,1,22,28,2025-07-09,6,True,0.344,True,37,47,Medium (35-65),Medium (35-65)
PO004699,2025-06-11,V01,Tirupur,False,0.92,knit,hoodie,222,Jaipur,Tier-2,COD,monsoon,0,1,1,0,1,22,21,2025-07-02,-1,False,0.275,False,39,50,Medium (35-65),Medium (35-65)
PO004960,2025-06-11,V05,Bengaluru,False,0.93,knit,sweatshirt,264,Kolkata,Tier-1,COD,monsoon,3,3,1,1,1,21,24,2025-07-05,3,False,0.275,False,30,40,Low (0-35),Medium (35-65)
PO000156,2025-06-12,V02,Tirupur,False,0.88,knit,henley,208,Indore,Tier-2,COD,monsoon,2,1,2,1,1,22,26,2025-07-08,4,False,0.275,False,39,50,Medium (35-65),Medium (35-65)
PO000389,2025-06-12,V06,Bengaluru,False,0.89,woven,shirt,190,Hyderabad,Tier-1,Prepaid,monsoon,2,2,1,2,1,34,42,2025-07-24,8,True,0.275,True,44,34,Medium (35-65),Low (0-35)
PO000962,2025-06-12,V06,Bengaluru,False,0.89,knit,t-shirt,243,Bengaluru,Tier-1,Prepaid,monsoon,1,1,1,1,3,21,24,2025-07-06,3,False,0.26,False,28,28,Low (0-35),Low (0-35)
PO001029,2025-06-12,V01,Tirupur,False,0.92,knit,polo,50,Mumbai,Tier-1,Prepaid,monsoon,1,0,3,4,3,21,26,2025-07-08,5,False,0.358,True,46,59,Medium (35-65),Medium (35-65)
PO001214,2025-06-12,V01,Tirupur,False,0.92,knit,t-shirt,191,Kolkata,Tier-1,COD,monsoon,2,0,1,0,1,21,26,2025-07-08,5,False,0.275,False,34,43,Low (0-35),Medium (35-65)
PO001274,2025-06-12,V02,Tirupur,False,0.88,knit,henley,368,Pune,Tier-2,Prepaid,monsoon,0,2,1,1,1,22,30,2025-07-12,8,True,0.275,False,45,36,Medium (35-65),Medium (35-65)
PO002010,2025-06-12,V03,Tirupur,False,0.85,knit,henley,138,Tiruchirappalli,Tier-3,COD,monsoon,8,3,3,1,3,24,33,2025-07-15,9,True,0.56,True,61,88,Medium (35-65),High (65-100)
PO002260,2025-06-12,V01,Tirupur,False,0.92,knit,polo,189,Bengaluru,Tier-1,Prepaid,monsoon,1,2,1,1,1,21,24,2025-07-06,3,False,0.22,False,32,21,Low (0-35),Low (0-35)
PO002433,2025-06-12,V01,Tirupur,False,0.92,woven,trouser,50,Dehradun,Tier-3,Prepaid,monsoon,1,10,0,2,1,37,53,2025-08-04,16,True,0.33,False,72,58,High (65-100),Medium (35-65)
PO002664,2025-06-12,V03,Tirupur,False,0.85,knit,t-shirt,168,Ranchi,Tier-3,Prepaid,monsoon,3,2,1,0,3,24,27,2025-07-09,3,False,0.312,False,54,53,Medium (35-65),Medium (35-65)
PO002716,2025-06-12,V01,Tirupur,False,0.92,woven,shirt,231,Hyderabad,Tier-1,COD,monsoon,7,5,1,1,1,34,41,2025-07-23,7,True,0.344,False,70,66,High (65-100),High (65-100)
PO003065,2025-06-12,V01,Tirupur,False,0.92,knit,henley,62,Chennai,Tier-1,COD,monsoon,1,13,4,0,2,21,26,2025-07-08,5,False,0.316,True,47,57,Medium (35-65),Medium (35-65)
PO003214,2025-06-12,V04,Tirupur,False,0.9,knit,hoodie,228,Bengaluru,Tier-1,Prepaid,monsoon,1,0,3,1,2,21,26,2025-07-08,5,False,0.253,False,37,27,Medium (35-65),Low (0-35)
PO003568,2025-06-12,V01,Tirupur,False,0.92,knit,polo,293,Guwahati,Tier-3,Prepaid,monsoon,1,1,7,1,3,24,31,2025-07-13,7,True,0.448,False,53,59,Medium (35-65),Medium (35-65)
PO004370,2025-06-12,V01,Tirupur,False,0.92,knit,hoodie,194,Jaipur,Tier-2,COD,monsoon,1,1,1,0,1,22,26,2025-07-08,4,False,0.275,False,39,50,Medium (35-65),Medium (35-65)
PO004472,2025-06-12,V06,Bengaluru,False,0.89,knit,hoodie,332,Kochi,Tier-2,COD,monsoon,1,2,1,3,1,22,24,2025-07-06,2,False,0.275,True,29,47,Low (0-35),Medium (35-65)
PO000304,2025-06-13,V06,Bengaluru,False,0.89,knit,sweatshirt,77,Mysuru,Tier-3,COD,monsoon,2,2,1,1,3,24,26,2025-07-09,2,False,0.389,True,40,72,Medium (35-65),High (65-100)
PO001104,2025-06-13,V05,Bengaluru,False,0.93,woven,shirt,263,Hyderabad,Tier-1,COD,monsoon,4,9,2,2,2,34,44,2025-07-27,10,True,0.344,True,60,63,Medium (35-65),Medium (35-65)
PO001392,2025-06-13,V02,Tirupur,False,0.88,knit,hoodie,272,Chandigarh,Tier-2,Prepaid,monsoon,2,2,1,2,3,22,30,2025-07-13,8,True,0.325,False,43,46,Medium (35-65),Medium (35-65)
PO002049,2025-06-13,V09,Delhi NCR,False,0.86,woven,denim-jacket,279,Hyderabad,Tier-1,COD,monsoon,4,2,1,2,1,34,39,2025-07-22,5,False,0.275,False,48,56,Medium (35-65),Medium (35-65)
PO002283,2025-06-13,V01,Tirupur,False,0.92,knit,sweatshirt,50,Surat,Tier-2,COD,monsoon,2,0,1,2,3,22,28,2025-07-11,6,True,0.406,True,45,68,Medium (35-65),High (65-100)
PO002676,2025-06-13,V07,Ludhiana,False,0.87,knit,henley,124,Chennai,Tier-1,COD,monsoon,1,1,1,1,1,21,20,2025-07-03,-1,False,0.275,False,20,40,Low (0-35),Medium (35-65)
PO003259,2025-06-13,V07,Ludhiana,False,0.87,knit,sweatshirt,181,Vadodara,Tier-2,COD,monsoon,1,2,0,2,2,22,28,2025-07-11,6,True,0.344,False,25,47,Low (0-35),Medium (35-65)
PO003507,2025-06-13,V05,Bengaluru,False,0.93,knit,t-shirt,219,Mumbai,Tier-1,COD,monsoon,1,1,0,3,1,21,20,2025-07-03,-1,False,0.275,True,24,40,Low (0-35),Medium (35-65)
PO004045,2025-06-13,V06,Bengaluru,False,0.89,woven,trouser,234,Hyderabad,Tier-1,COD,monsoon,3,4,1,2,1,34,41,2025-07-24,7,True,0.344,False,52,56,Medium (35-65),Medium (35-65)
PO004075,2025-06-13,V05,Bengaluru,False,0.93,knit,henley,230,Hyderabad,Tier-1,COD,monsoon,3,1,3,3,3,21,25,2025-07-08,4,False,0.373,False,41,64,Medium (35-65),Medium (35-65)
PO004258,2025-06-13,V12,Bengaluru,True,0.78,knit,polo,81,Indore,Tier-2,Prepaid,monsoon,2,1,2,9,3,22,38,2025-07-21,16,True,0.448,True,70,80,High (65-100),High (65-100)
PO004780,2025-06-13,V01,Tirupur,False,0.92,woven,shirt,251,Kochi,Tier-2,Prepaid,monsoon,12,0,1,1,1,35,55,2025-08-07,20,True,0.275,False,65,51,Medium (35-65),Medium (35-65)
PO000892,2025-06-14,V02,Tirupur,False,0.88,knit,hoodie,323,Kolkata,Tier-1,COD,monsoon,2,2,1,1,1,21,22,2025-07-06,1,False,0.275,False,34,43,Low (0-35),Medium (35-65)
PO001444,2025-06-14,V01,Tirupur,False,0.92,knit,t-shirt,171,Patna,Tier-3,COD,monsoon,1,1,1,4,1,24,30,2025-07-14,6,True,0.495,True,47,79,Medium (35-65),High (65-100)
PO001738,2025-06-14,V02,Tirupur,False,0.88,knit,sweatshirt,216,Ranchi,Tier-3,Prepaid,monsoon,15,1,1,1,1,24,27,2025-07-11,3,False,0.264,False,48,43,Medium (35-65),Medium (35-65)
PO001991,2025-06-14,V01,Tirupur,False,0.92,woven,chinos,147,Jaipur,Tier-2,COD,monsoon,1,10,1,1,1,35,46,2025-07-30,11,True,0.344,False,69,73,High (65-100),High (65-100)
PO002180,2025-06-14,V06,Bengaluru,False,0.89,knit,sweatshirt,181,Chandigarh,Tier-2,COD,monsoon,4,1,0,1,1,22,23,2025-07-07,1,False,0.275,True,35,47,Low (0-35),Medium (35-65)
PO002793,2025-06-14,V02,Tirupur,False,0.88,knit,henley,228,Raipur,Tier-3,COD,monsoon,1,2,0,3,1,24,27,2025-07-11,3,False,0.33,False,44,65,Medium (35-65),Medium (35-65)
PO003501,2025-06-14,V01,Tirupur,False,0.92,knit,polo,134,Delhi,Tier-1,Prepaid,monsoon,1,0,1,2,3,21,23,2025-07-07,2,False,0.26,False,38,31,Medium (35-65),Low (0-35)
PO004719,2025-06-14,V05,Bengaluru,False,0.93,woven,chinos,156,Chennai,Tier-1,Prepaid,monsoon,7,2,2,2,3,34,36,2025-07-20,2,False,0.26,False,56,44,Medium (35-65),Medium (35-65)
PO004846,2025-06-14,V01,Tirupur,False,0.92,knit,henley,100,Coimbatore,Tier-2,Prepaid,monsoon,1,3,2,2,1,22,28,2025-07-12,6,True,0.275,False,37,28,Medium (35-65),Low (0-35)
PO004899,2025-06-14,V05,Bengaluru,False,0.93,knit,sweatshirt,135,Chennai,Tier-1,Prepaid,monsoon,1,4,2,1,3,21,21,2025-07-05,0,False,0.26,True,28,28,Low (0-35),Low (0-35)
PO000641,2025-06-15,V02,Tirupur,False,0.88,knit,polo,203,Mumbai,Tier-1,COD,monsoon,13,0,1,1,1,21,25,2025-07-10,4,False,0.275,False,40,51,Medium (35-65),Medium (35-65)
PO000799,2025-06-15,V01,Tirupur,False,0.92,knit,henley,165,Bengaluru,Tier-1,Prepaid,monsoon,2,1,3,0,1,21,26,2025-07-11,5,False,0.253,False,37,27,Medium (35-65),Low (0-35)
PO002351,2025-06-15,V04,Tirupur,False,0.9,knit,t-shirt,263,Vadodara,Tier-2,Prepaid,monsoon,3,1,0,1,1,22,26,2025-07-11,4,False,0.22,False,43,36,Medium (35-65),Medium (35-65)
PO002973,2025-06-15,V05,Bengaluru,False,0.93,woven,chinos,153,Patna,Tier-3,Prepaid,monsoon,1,2,0,0,3,37,50,2025-08-04,13,True,0.389,False,60,65,Medium (35-65),Medium (35-65)
PO003396,2025-06-15,V07,Ludhiana,False,0.87,knit,polo,233,Bhubaneswar,Tier-3,Prepaid,monsoon,1,2,1,0,1,24,26,2025-07-11,2,False,0.264,False,28,32,Low (0-35),Low (0-35)
PO003728,2025-06-15,V04,Tirupur,False,0.9,knit,henley,95,Indore,Tier-2,Prepaid,monsoon,1,4,1,1,1,22,27,2025-07-12,5,False,0.22,False,37,28,Medium (35-65),Low (0-35)
PO003896,2025-06-15,V05,Bengaluru,False,0.93,knit,sweatshirt,124,Jodhpur,Tier-3,Prepaid,monsoon,1,3,2,2,1,24,22,2025-07-07,-2,False,0.264,False,32,32,Low (0-35),Low (0-35)
PO004613,2025-06-15,V06,Bengaluru,False,0.89,woven,shirt,216,Jaipur,Tier-2,COD,monsoon,1,3,4,2,1,35,43,2025-07-28,8,True,0.395,False,56,69,Medium (35-65),High (65-100)
PO000792,2025-06-16,V02,Tirupur,False,0.88,knit,t-shirt,176,Vijayawada,Tier-3,Prepaid,monsoon,4,10,1,2,2,24,32,2025-07-18,8,True,0.33,True,56,43,Medium (35-65),Medium (35-65)
PO001482,2025-06-16,V05,Bengaluru,False,0.93,knit,sweatshirt,247,Tiruchirappalli,Tier-3,COD,monsoon,8,1,2,4,3,24,27,2025-07-13,3,False,0.467,True,49,86,Medium (35-65),High (65-100)
PO002023,2025-06-16,V01,Tirupur,False,0.92,knit,t-shirt,296,Nagpur,Tier-3,COD,monsoon,15,1,1,2,2,24,36,2025-07-22,12,True,0.413,True,50,65,Medium (35-65),Medium (35-65)
PO002159,2025-06-16,V01,Tirupur,False,0.92,woven,chinos,367,Ahmedabad,Tier-2,COD,monsoon,1,2,1,1,2,35,49,2025-08-04,14,True,0.344,False,69,73,High (65-100),High (65-100)
PO002322,2025-06-16,V02,Tirupur,False,0.88,knit,hoodie,292,Kochi,Tier-2,COD,monsoon,7,1,1,0,1,22,26,2025-07-12,4,False,0.275,False,45,58,Medium (35-65),Medium (35-65)
PO003812,2025-06-16,V01,Tirupur,False,0.92,woven,trouser,360,Hyderabad,Tier-1,COD,monsoon,3,8,2,2,1,34,49,2025-08-04,15,True,0.344,False,78,66,High (65-100),High (65-100)
PO003837,2025-06-16,V01,Tirupur,False,0.92,woven,shirt,188,Guwahati,Tier-3,COD,monsoon,2,1,1,3,2,37,47,2025-08-02,10,True,0.413,True,66,80,High (65-100),High (65-100)
PO003857,2025-06-16,V05,Bengaluru,False,0.93,woven,denim-jacket,50,Guwahati,Tier-3,Prepaid,monsoon,3,4,0,3,1,37,46,2025-08-01,9,True,0.33,False,60,55,Medium (35-65),Medium (35-65)
PO004263,2025-06-16,V01,Tirupur,False,0.92,knit,polo,149,Chennai,Tier-1,Prepaid,monsoon,1,0,2,4,2,21,26,2025-07-12,5,False,0.264,False,35,35,Low (0-35),Low (0-35)
PO004494,2025-06-16,V05,Bengaluru,False,0.93,knit,polo,249,Pune,Tier-2,Prepaid,monsoon,11,2,1,0,2,22,23,2025-07-09,1,False,0.22,True,33,25,Low (0-35),Low (0-35)
PO004506,2025-06-16,V01,Tirupur,False,0.92,woven,denim-jacket,153,Guwahati,Tier-3,COD,monsoon,15,3,2,1,1,37,56,2025-08-11,19,True,0.413,True,72,80,High (65-100),High (65-100)
PO000431,2025-06-17,V05,Bengaluru,False,0.93,knit,t-shirt,260,Nagpur,Tier-3,COD,monsoon,1,1,1,2,1,24,29,2025-07-16,5,False,0.33,True,34,54,Low (0-35),Medium (35-65)
PO000581,2025-06-17,V01,Tirupur,False,0.92,knit,t-shirt,241,Vadodara,Tier-2,COD,monsoon,0,1,1,1,1,22,24,2025-07-11,2,False,0.275,False,39,50,Medium (35-65),Medium (35-65)
PO001575,2025-06-17,V07,Ludhiana,False,0.87,woven,overshirt,283,Lucknow,Tier-2,COD,monsoon,1,5,1,1,3,35,46,2025-08-02,11,True,0.406,True,61,80,Medium (35-65),High (65-100)
PO003108,2025-06-17,V02,Tirupur,False,0.88,knit,t-shirt,220,Mysuru,Tier-3,COD,monsoon,9,4,0,4,1,24,36,2025-07-23,12,True,0.495,False,53,79,Medium (35-65),High (65-100)
PO003437,2025-06-17,V03,Tirupur,False,0.85,woven,chinos,192,Kolkata,Tier-1,COD,monsoon,2,10,1,1,2,34,51,2025-08-07,17,True,0.344,False,64,66,Medium (35-65),High (65-100)
PO003645,2025-06-17,V09,Delhi NCR,False,0.86,woven,shirt,192,Chandigarh,Tier-2,COD,monsoon,2,18,0,3,2,35,45,2025-08-01,10,True,0.344,True,55,63,Medium (35-65),Medium (35-65)
PO004202,2025-06-17,V05,Bengaluru,False,0.93,knit,t-shirt,220,Chandigarh,Tier-2,COD,monsoon,1,5,0,0,3,22,28,2025-07-15,6,True,0.406,False,43,65,Medium (35-65),Medium (35-65)
PO004574,2025-06-17,V01,Tirupur,False,0.92,knit,sweatshirt,204,Nagpur,Tier-3,Prepaid,monsoon,1,3,0,1,1,24,23,2025-07-10,-1,False,0.264,True,42,43,Medium (35-65),Medium (35-65)
PO004617,2025-06-17,V02,Tirupur,False,0.88,knit,hoodie,207,Indore,Tier-2,COD,monsoon,2,8,1,2,2,22,30,2025-07-17,8,True,0.344,False,47,58,Medium (35-65),Medium (35-65)
PO005000,2025-06-17,V05,Bengaluru,False,0.93,knit,t-shirt,134,Dehradun,Tier-3,Prepaid,monsoon,0,3,0,2,2,24,30,2025-07-17,6,True,0.33,False,32,32,Low (0-35),Low (0-35)
PO001154,2025-06-18,V06,Bengaluru,False,0.89,knit,henley,227,Bhubaneswar,Tier-3,COD,monsoon,3,1,1,2,1,24,20,2025-07-08,-4,False,0.33,False,40,62,Medium (35-65),Medium (35-65)
PO001520,2025-06-18,V07,Ludhiana,False,0.87,knit,polo,274,Pune,Tier-2,COD,monsoon,1,2,1,3,1,22,29,2025-07-17,7,True,0.344,True,25,47,Low (0-35),Medium (35-65)
PO003430,2025-06-18,V07,Ludhiana,False,0.87,knit,t-shirt,220,Vadodara,Tier-2,Prepaid,monsoon,1,0,1,3,1,22,22,2025-07-10,0,False,0.22,False,23,25,Low (0-35),Low (0-35)
PO004695,2025-06-18,V03,Tirupur,False,0.85,woven,shirt,167,Chennai,Tier-1,COD,monsoon,1,4,0,0,3,34,53,2025-08-10,19,True,0.406,False,62,76,Medium (35-65),High (65-100)
PO000245,2025-06-19,V01,Tirupur,False,0.92,knit,sweatshirt,50,Jaipur,Tier-2,COD,monsoon,1,3,1,0,1,22,21,2025-07-10,-1,False,0.275,False,39,50,Medium (35-65),Medium (35-65)
PO000506,2025-06-19,V01,Tirupur,False,0.92,knit,t-shirt,282,Jodhpur,Tier-3,COD,monsoon,1,1,2,0,3,24,29,2025-07-18,5,False,0.389,False,50,75,Medium (35-65),High (65-100)
PO000593,2025-06-19,V04,Tirupur,False,0.9,knit,polo,209,Mumbai,Tier-1,COD,monsoon,1,3,2,1,2,21,25,2025-07-14,4,False,0.275,False,34,43,Low (0-35),Medium (35-65)
PO000604,2025-06-19,V03,Tirupur,False,0.85,knit,polo,76,Surat,Tier-2,COD,monsoon,6,7,1,3,1,22,29,2025-07-18,7,True,0.344,True,53,58,Medium (35-65),Medium (35-65)
PO000749,2025-06-19,V06,Bengaluru,False,0.89,knit,sweatshirt,163,Jaipur,Tier-2,Prepaid,monsoon,3,4,1,2,2,22,27,2025-07-16,5,False,0.22,True,33,25,Low (0-35),Low (0-35)
PO000930,2025-06-19,V06,Bengaluru,False,0.89,knit,polo,227,Raipur,Tier-3,COD,monsoon,1,1,0,1,2,24,22,2025-07-11,-2,False,0.33,True,34,54,Low (0-35),Medium (35-65)
PO002440,2025-06-19,V01,Tirupur,False,0.92,knit,t-shirt,97,Hyderabad,Tier-1,COD,monsoon,1,0,1,0,1,21,26,2025-07-15,5,False,0.275,True,34,43,Low (0-35),Medium (35-65)
PO002802,2025-06-19,V05,Bengaluru,False,0.93,knit,polo,104,Vijayawada,Tier-3,COD,monsoon,3,1,1,1,3,24,31,2025-07-20,7,True,0.487,True,46,72,Medium (35-65),High (65-100)
PO002849,2025-06-19,V02,Tirupur,False,0.88,knit,hoodie,203,Surat,Tier-2,COD,monsoon,2,1,2,3,1,22,29,2025-07-18,7,True,0.344,False,39,50,Medium (35-65),Medium (35-65)
PO003216,2025-06-19,V01,Tirupur,False,0.92,woven,trouser,295,Lucknow,Tier-2,COD,monsoon,2,1,1,0,1,35,40,2025-07-29,5,False,0.275,False,61,73,Medium (35-65),High (65-100)
PO003284,2025-06-19,V01,Tirupur,False,0.92,knit,polo,122,Bengaluru,Tier-1,Prepaid,monsoon,5,2,1,2,1,21,27,2025-07-16,6,True,0.275,False,38,21,Medium (35-65),Low (0-35)
PO003506,2025-06-19,V01,Tirupur,False,0.92,knit,t-shirt,189,Pune,Tier-2,COD,monsoon,0,0,1,3,2,22,30,2025-07-19,8,True,0.344,False,39,50,Medium (35-65),Medium (35-65)
PO003856,2025-06-19,V08,Ludhiana,False,0.84,woven,overshirt,213,Kolkata,Tier-1,COD,monsoon,1,8,1,2,1,34,40,2025-07-29,6,True,0.344,False,62,69,Medium (35-65),High (65-100)
PO004881,2025-06-19,V06,Bengaluru,False,0.89,knit,sweatshirt,354,Delhi,Tier-1,COD,monsoon,1,1,1,3,1,21,24,2025-07-13,3,False,0.275,False,32,40,Low (0-35),Medium (35-65)
PO000277,2025-06-20,V01,Tirupur,False,0.92,knit,polo,310,Indore,Tier-2,COD,monsoon,2,3,4,1,1,22,27,2025-07-17,5,False,0.316,False,44,64,Medium (35-65),Medium (35-65)
PO000620,2025-06-20,V03,Tirupur,False,0.85,knit,polo,255,Bengaluru,Tier-1,Prepaid,monsoon,0,0,1,2,1,21,24,2025-07-14,3,False,0.22,False,32,21,Low (0-35),Low (0-35)
PO000696,2025-06-20,V04,Tirupur,False,0.9,knit,henley,198,Tiruchirappalli,Tier-3,COD,monsoon,1,2,1,0,1,24,23,2025-07-13,-1,False,0.33,False,44,65,Medium (35-65),Medium (35-65)
PO000965,2025-06-20,V07,Ludhiana,False,0.87,knit,hoodie,156,Chandigarh,Tier-2,COD,monsoon,2,5,1,1,3,22,27,2025-07-17,5,False,0.325,True,39,57,Medium (35-65),Medium (35-65)
PO001294,2025-06-20,V05,Bengaluru,False,0.93,knit,polo,206,Bengaluru,Tier-1,COD,monsoon,2,0,1,0,2,21,21,2025-07-11,0,False,0.275,False,24,40,Low (0-35),Medium (35-65)
PO001434,2025-06-20,V02,Tirupur,False,0.88,knit,henley,205,Mumbai,Tier-1,Prepaid,monsoon,5,4,1,1,1,21,29,2025-07-19,8,True,0.275,False,38,21,Medium (35-65),Low (0-35)
PO001719,2025-06-20,V06,Bengaluru,False,0.89,knit,sweatshirt,203,Pune,Tier-2,COD,monsoon,1,7,2,1,3,22,28,2025-07-18,6,True,0.406,True,43,65,Medium (35-65),Medium (35-65)
PO001734,2025-06-20,V08,Ludhiana,False,0.84,woven,chinos,136,Chandigarh,Tier-2,Prepaid,monsoon,1,1,1,4,2,35,49,2025-08-08,14,True,0.33,False,60,68,Medium (35-65),High (65-100)
PO001930,2025-06-20,V01,Tirupur,False,0.92,knit,sweatshirt,50,Chennai,Tier-1,COD,monsoon,2,7,3,2,1,21,26,2025-07-16,5,False,0.316,True,47,57,Medium (35-65),Medium (35-65)
PO002617,2025-06-20,V04,Tirupur,False,0.9,knit,polo,367,Mumbai,Tier-1,COD,monsoon,3,1,1,1,2,21,23,2025-07-13,2,False,0.275,False,48,51,Medium (35-65),Medium (35-65)
PO003114,2025-06-20,V03,Tirupur,False,0.85,knit,sweatshirt,192,Indore,Tier-2,COD,monsoon,1,1,6,2,1,22,22,2025-07-12,0,False,0.316,False,44,64,Medium (35-65),Medium (35-65)
PO003137,2025-06-20,V05,Bengaluru,False,0.93,knit,polo,347,Mumbai,Tier-1,COD,monsoon,1,1,1,0,2,21,25,2025-07-15,4,False,0.275,False,24,40,Low (0-35),Medium (35-65)
PO003346,2025-06-20,V08,Ludhiana,False,0.84,knit,hoodie,191,Ahmedabad,Tier-2,COD,monsoon,5,1,1,2,1,22,29,2025-07-19,7,True,0.344,False,43,61,Medium (35-65),Medium (35-65)
PO003355,2025-06-20,V01,Tirupur,False,0.92,woven,chinos,184,Pune,Tier-2,Prepaid,monsoon,1,1,1,0,3,35,50,2025-08-09,15,True,0.325,True,65,61,Medium (35-65),Medium (35-65)
PO003453,2025-06-20,V05,Bengaluru,False,0.93,woven,overshirt,277,Ranchi,Tier-3,Prepaid,monsoon,1,1,4,3,2,37,48,2025-08-07,11,True,0.38,True,59,54,Medium (35-65),Medium (35-65)
PO003617,2025-06-20,V01,Tirupur,False,0.92,woven,shirt,155,Ahmedabad,Tier-2,COD,monsoon,2,3,2,1,1,35,52,2025-08-11,17,True,0.344,False,61,73,Medium (35-65),High (65-100)
PO004764,2025-06-20,V02,Tirupur,False,0.88,knit,hoodie,201,Ranchi,Tier-3,Prepaid,monsoon,2,2,1,1,2,24,25,2025-07-15,1,False,0.264,False,42,43,Medium (35-65),Medium (35-65)
PO004879,2025-06-20,V06,Bengaluru,False,0.89,knit,polo,260,Jaipur,Tier-2,Prepaid,monsoon,0,3,1,1,2,22,28,2025-07-18,6,True,0.275,True,27,25,Low (0-35),Low (0-35)
PO000017,2025-06-21,V02,Tirupur,False,0.88,knit,henley,228,Nagpur,Tier-3,COD,monsoon,3,4,3,1,2,24,33,2025-07-24,9,True,0.474,True,55,71,Medium (35-65),High (65-100)
PO000093,2025-06-21,V01,Tirupur,False,0.92,knit,polo,214,Guwahati,Tier-3,COD,monsoon,6,4,0,1,1,24,31,2025-07-22,7,True,0.413,True,50,65,Medium (35-65),Medium (35-65)
PO001015,2025-06-21,V09,Delhi NCR,False,0.86,woven,trouser,262,Kolkata,Tier-1,COD,monsoon,4,9,1,4,1,34,46,2025-08-06,12,True,0.412,False,59,70,Medium (35-65),High (65-100)
PO001135,2025-06-21,V01,Tirupur,False,0.92,knit,sweatshirt,311,Indore,Tier-2,Prepaid,monsoon,1,8,0,3,1,22,27,2025-07-18,5,False,0.22,True,45,36,Medium (35-65),Medium (35-65)
PO001136,2025-06-21,V05,Bengaluru,False,0.93,knit,hoodie,143,Chennai,Tier-1,COD,monsoon,1,1,1,2,3,21,23,2025-07-14,2,False,0.325,False,30,50,Low (0-35),Medium (35-65)
PO001672,2025-06-21,V02,Tirupur,False,0.88,knit,polo,57,Ranchi,Tier-3,COD,monsoon,2,9,2,1,2,24,30,2025-07-21,6,True,0.413,False,52,65,Medium (35-65),Medium (35-65)
PO001722,2025-06-21,V03,Tirupur,False,0.85,knit,henley,50,Mumbai,Tier-1,COD,monsoon,6,2,1,2,2,21,25,2025-07-16,4,False,0.275,False,40,51,Medium (35-65),Medium (35-65)
PO001887,2025-06-21,V01,Tirupur,False,0.92,knit,t-shirt,131,Pune,Tier-2,Prepaid,monsoon,2,0,1,1,1,22,23,2025-07-14,1,False,0.22,False,37,28,Medium (35-65),Low (0-35)
PO002637,2025-06-21,V01,Tirupur,False,0.92,woven,denim-jacket,89,Guwahati,Tier-3,COD,monsoon,2,6,1,2,1,37,54,2025-08-14,17,True,0.413,True,74,80,High (65-100),High (65-100)
PO003672,2025-06-21,V05,Bengaluru,False,0.93,woven,denim-jacket,205,Chennai,Tier-1,Prepaid,monsoon,1,9,5,1,3,34,39,2025-07-30,5,False,0.299,True,63,57,Medium (35-65),Medium (35-65)
PO003870,2025-06-21,V08,Ludhiana,False,0.84,woven,chinos,365,Bengaluru,Tier-1,Prepaid,monsoon,1,3,4,3,3,34,33,2025-07-24,-1,False,0.299,False,71,63,High (65-100),Medium (35-65)
PO001019,2025-06-22,V12,Bengaluru,True,0.78,knit,sweatshirt,339,Lucknow,Tier-2,COD,monsoon,3,0,2,3,1,22,36,2025-07-28,14,True,0.395,False,75,78,High (65-100),High (65-100)
PO001050,2025-06-22,V07,Ludhiana,False,0.87,knit,hoodie,206,Jaipur,Tier-2,COD,monsoon,3,4,2,4,2,22,27,2025-07-19,5,False,0.33,False,34,61,Low (0-35),Medium (35-65)
PO001305,2025-06-22,V01,Tirupur,False,0.92,knit,t-shirt,285,Lucknow,Tier-2,COD,monsoon,3,0,2,2,1,22,26,2025-07-18,4,False,0.275,False,45,58,Medium (35-65),Medium (35-65)
PO001627,2025-06-22,V02,Tirupur,False,0.88,knit,t-shirt,161,Mumbai,Tier-1,COD,monsoon,1,4,1,2,3,21,25,2025-07-17,4,False,0.325,True,40,61,Medium (35-65),Medium (35-65)
PO001736,2025-06-22,V05,Bengaluru,False,0.93,knit,polo,355,Vijayawada,Tier-3,COD,monsoon,2,1,0,0,2,24,28,2025-07-20,4,False,0.33,True,42,62,Medium (35-65),Medium (35-65)
PO002362,2025-06-22,V01,Tirupur,False,0.92,knit,henley,316,Surat,Tier-2,COD,monsoon,1,0,0,3,2,22,25,2025-07-17,3,False,0.275,False,39,50,Medium (35-65),Medium (35-65)
PO002720,2025-06-22,V02,Tirupur,False,0.88,knit,sweatshirt,214,Lucknow,Tier-2,Prepaid,monsoon,1,4,1,1,1,22,25,2025-07-17,3,False,0.22,True,37,28,Medium (35-65),Low (0-35)
PO003014,2025-06-22,V05,Bengaluru,False,0.93,knit,hoodie,302,Bengaluru,Tier-1,Prepaid,monsoon,1,3,1,1,1,21,21,2025-07-13,0,False,0.22,False,22,18,Low (0-35),Low (0-35)
PO003836,2025-06-22,V03,Tirupur,False,0.85,knit,sweatshirt,268,Chandigarh,Tier-2,COD,monsoon,7,2,1,3,2,22,27,2025-07-19,5,False,0.275,False,45,58,Medium (35-65),Medium (35-65)
PO004381,2025-06-22,V02,Tirupur,False,0.88,woven,overshirt,105,Vadodara,Tier-2,COD,monsoon,2,6,3,2,1,35,45,2025-08-06,10,True,0.395,False,74,79,High (65-100),High (65-100)
PO004731,2025-06-22,V02,Tirupur,False,0.88,knit,henley,152,Surat,Tier-2,COD,monsoon,7,0,3,0,1,22,26,2025-07-18,4,False,0.316,False,50,64,Medium (35-65),Medium (35-65)
PO004971,2025-06-22,V05,Bengaluru,False,0.93,knit,sweatshirt,101,Kolkata,Tier-1,Prepaid,monsoon,2,2,1,3,1,21,22,2025-07-14,1,False,0.22,False,22,18,Low (0-35),Low (0-35)
PO000155,2025-06-23,V09,Delhi NCR,False,0.86,woven,chinos,241,Mumbai,Tier-1,COD,monsoon,3,5,1,4,1,34,37,2025-07-30,3,False,0.33,False,59,70,Medium (35-65),High (65-100)
PO000733,2025-06-23,V05,Bengaluru,False,0.93,woven,trouser,104,Chennai,Tier-1,Prepaid,monsoon,1,2,4,0,1,34,42,2025-08-04,8,True,0.316,False,49,40,Medium (35-65),Medium (35-65)
PO001013,2025-06-23,V02,Tirupur,False,0.88,knit,polo,143,Indore,Tier-2,COD,monsoon,2,0,3,0,1,22,31,2025-07-24,9,True,0.395,False,44,64,Medium (35-65),Medium (35-65)
PO002304,2025-06-23,V01,Tirupur,False,0.92,knit,henley,294,Chennai,Tier-1,COD,monsoon,1,1,2,1,1,21,28,2025-07-21,7,True,0.344,False,34,43,Low (0-35),Medium (35-65)
PO002495,2025-06-23,V02,Tirupur,False,0.88,knit,henley,115,Delhi,Tier-1,COD,monsoon,1,2,4,1,1,21,26,2025-07-19,5,False,0.316,True,39,49,Medium (35-65),Medium (35-65)
PO002763,2025-06-23,V05,Bengaluru,False,0.93,knit,henley,193,Ahmedabad,Tier-2,COD,monsoon,0,1,3,2,2,22,29,2025-07-22,7,True,0.395,False,34,53,Low (0-35),Medium (35-65)
PO002863,2025-06-23,V01,Tirupur,False,0.92,woven,denim-jacket,225,Pune,Tier-2,Prepaid,monsoon,0,1,1,2,2,35,52,2025-08-14,17,True,0.275,False,59,44,Medium (35-65),Medium (35-65)
PO002991,2025-06-23,V09,Delhi NCR,False,0.86,woven,overshirt,210,Vadodara,Tier-2,COD,monsoon,11,1,0,2,1,35,36,2025-07-29,1,False,0.275,True,53,63,Medium (35-65),Medium (35-65)
PO003374,2025-06-23,V01,Tirupur,False,0.92,knit,hoodie,380,Jaipur,Tier-2,COD,monsoon,2,1,2,0,2,22,27,2025-07-20,5,False,0.275,False,47,58,Medium (35-65),Medium (35-65)
PO004535,2025-06-23,V01,Tirupur,False,0.92,woven,denim-jacket,156,Chandigarh,Tier-2,COD,monsoon,8,5,1,0,1,35,54,2025-08-16,19,True,0.344,False,75,73,High (65-100),High (65-100)
PO004917,2025-06-23,V05,Bengaluru,False,0.93,knit,sweatshirt,204,Kolkata,Tier-1,COD,monsoon,1,2,1,2,2,21,23,2025-07-16,2,False,0.275,True,24,40,Low (0-35),Medium (35-65)
PO002880,2025-06-24,V05,Bengaluru,False,0.93,knit,sweatshirt,196,Kolkata,Tier-1,COD,monsoon,6,0,2,0,1,21,26,2025-07-20,5,False,0.275,False,30,40,Low (0-35),Medium (35-65)
PO003376,2025-06-24,V03,Tirupur,False,0.85,knit,polo,356,Guwahati,Tier-3,Prepaid,monsoon,0,1,4,1,2,24,29,2025-07-23,5,False,0.304,True,55,49,Medium (35-65),Medium (35-65)
PO003412,2025-06-24,V01,Tirupur,False,0.92,woven,denim-jacket,76,Surat,Tier-2,Prepaid,monsoon,4,3,1,1,1,35,51,2025-08-14,16,True,0.275,False,65,51,Medium (35-65),Medium (35-65)
PO004022,2025-06-24,V03,Tirupur,False,0.85,knit,hoodie,172,Chandigarh,Tier-2,COD,monsoon,1,0,1,0,1,22,26,2025-07-20,4,False,0.275,False,39,50,Medium (35-65),Medium (35-65)
PO004086,2025-06-24,V05,Bengaluru,False,0.93,knit,sweatshirt,111,Coimbatore,Tier-2,COD,monsoon,9,2,0,1,1,22,26,2025-07-20,4,False,0.275,True,35,47,Low (0-35),Medium (35-65)
PO001035,2025-06-25,V05,Bengaluru,False,0.93,woven,shirt,309,Mumbai,Tier-1,COD,monsoon,2,6,4,3,1,34,43,2025-08-07,9,True,0.395,True,59,62,Medium (35-65),Medium (35-65)
PO001483,2025-06-25,V06,Bengaluru,False,0.89,knit,hoodie,223,Hyderabad,Tier-1,Prepaid,monsoon,2,0,2,0,2,21,22,2025-07-17,1,False,0.22,False,22,18,Low (0-35),Low (0-35)
PO001534,2025-06-25,V04,Tirupur,False,0.9,knit,hoodie,182,Chennai,Tier-1,Prepaid,monsoon,0,1,0,3,3,21,25,2025-07-20,4,False,0.26,False,38,31,Medium (35-65),Low (0-35)
PO001763,2025-06-25,V02,Tirupur,False,0.88,knit,sweatshirt,196,Vadodara,Tier-2,COD,monsoon,0,0,1,1,3,22,25,2025-07-20,3,False,0.325,False,45,68,Medium (35-65),High (65-100)
PO001967,2025-06-25,V06,Bengaluru,False,0.89,knit,henley,292,Bengaluru,Tier-1,Prepaid,monsoon,2,0,0,1,2,21,24,2025-07-19,3,False,0.22,True,22,18,Low (0-35),Low (0-35)
PO002577,2025-06-25,V01,Tirupur,False,0.92,knit,t-shirt,120,Kochi,Tier-2,COD,monsoon,3,4,2,3,3,22,28,2025-07-23,6,True,0.406,True,51,68,Medium (35-65),High (65-100)
PO002931,2025-06-25,V10,Delhi NCR,False,0.82,woven,chinos,83,Patna,Tier-3,Prepaid,monsoon,3,8,3,5,3,37,51,2025-08-15,14,True,0.537,False,90,91,High (65-100),High (65-100)
PO003120,2025-06-25,V01,Tirupur,False,0.92,knit,henley,78,Bengaluru,Tier-1,COD,monsoon,4,0,3,0,2,21,25,2025-07-20,4,False,0.316,False,45,57,Medium (35-65),Medium (35-65)
PO003379,2025-06-25,V01,Tirupur,False,0.92,knit,hoodie,243,Jodhpur,Tier-3,COD,monsoon,1,1,0,4,3,24,24,2025-07-19,0,False,0.467,False,53,89,Medium (35-65),High (65-100)
PO004438,2025-06-25,V02,Tirupur,False,0.88,woven,trouser,173,Kochi,Tier-2,COD,monsoon,1,0,0,2,1,35,37,2025-08-01,2,False,0.275,False,61,73,Medium (35-65),High (65-100)
PO004963,2025-06-25,V02,Tirupur,False,0.88,knit,hoodie,221,Pune,Tier-2,COD,monsoon,2,0,1,7,1,22,29,2025-07-24,7,True,0.412,True,42,72,Medium (35-65),High (65-100)
PO004975,2025-06-25,V04,Tirupur,False,0.9,knit,polo,202,Bengaluru,Tier-1,Prepaid,monsoon,10,9,2,0,1,21,27,2025-07-22,6,True,0.275,False,46,29,Medium (35-65),Low (0-35)
PO001094,2025-06-26,V06,Bengaluru,False,0.89,knit,t-shirt,257,Vadodara,Tier-2,COD,monsoon,3,1,0,1,2,22,27,2025-07-23,5,False,0.275,False,35,47,Low (0-35),Medium (35-65)
PO001194,2025-06-26,V01,Tirupur,False,0.92,woven,trouser,253,Pune,Tier-2,COD,monsoon,1,5,2,1,2,35,55,2025-08-20,20,True,0.344,True,69,73,High (65-100),High (65-100)
PO001449,2025-06-26,V04,Tirupur,False,0.9,knit,hoodie,50,Kolkata,Tier-1,Prepaid,monsoon,6,1,1,2,1,21,28,2025-07-24,7,True,0.275,False,38,21,Medium (35-65),Low (0-35)
PO002097,2025-06-26,V05,Bengaluru,False,0.93,knit,t-shirt,195,Mumbai,Tier-1,Prepaid,monsoon,4,4,4,1,1,21,24,2025-07-20,3,False,0.253,False,33,24,Low (0-35),Low (0-35)
PO002288,2025-06-26,V02,Tirupur,False,0.88,knit,t-shirt,198,Dehradun,Tier-3,COD,monsoon,7,3,1,0,1,24,33,2025-07-29,9,True,0.413,False,50,65,Medium (35-65),Medium (35-65)
PO003015,2025-06-26,V01,Tirupur,False,0.92,knit,sweatshirt,274,Ahmedabad,Tier-2,COD,monsoon,7,0,5,1,2,22,31,2025-07-27,9,True,0.395,False,50,64,Medium (35-65),Medium (35-65)
PO004043,2025-06-26,V06,Bengaluru,False,0.89,knit,polo,108,Vijayawada,Tier-3,COD,monsoon,1,2,1,2,1,24,28,2025-07-24,4,False,0.33,True,34,54,Low (0-35),Medium (35-65)
PO004445,2025-06-26,V01,Tirupur,False,0.92,knit,sweatshirt,95,Coimbatore,Tier-2,COD,monsoon,1,0,1,3,1,22,23,2025-07-19,1,False,0.275,False,39,50,Medium (35-65),Medium (35-65)
PO004729,2025-06-26,V05,Bengaluru,False,0.93,knit,henley,327,Bengaluru,Tier-1,COD,monsoon,3,1,0,2,1,21,24,2025-07-20,3,False,0.275,False,30,40,Low (0-35),Medium (35-65)
PO004940,2025-06-26,V01,Tirupur,False,0.92,knit,polo,209,Vijayawada,Tier-3,COD,monsoon,15,4,2,0,1,24,31,2025-07-27,7,True,0.413,False,50,65,Medium (35-65),Medium (35-65)
PO000497,2025-06-27,V04,Tirupur,False,0.9,woven,trouser,271,Kochi,Tier-2,Prepaid,monsoon,5,2,2,2,1,35,45,2025-08-11,10,True,0.275,False,65,51,Medium (35-65),Medium (35-65)
PO000608,2025-06-27,V06,Bengaluru,False,0.89,woven,chinos,181,Chandigarh,Tier-2,COD,monsoon,1,2,3,2,3,35,44,2025-08-10,9,True,0.466,True,62,86,Medium (35-65),High (65-100)
PO001215,2025-06-27,V08,Ludhiana,False,0.84,woven,shirt,255,Chennai,Tier-1,COD,monsoon,0,12,4,2,1,34,39,2025-08-05,5,False,0.316,False,67,75,High (65-100),High (65-100)
PO001850,2025-06-27,V05,Bengaluru,False,0.93,knit,polo,134,Jaipur,Tier-2,COD,monsoon,0,1,3,1,1,22,23,2025-07-20,1,False,0.316,False,34,53,Low (0-35),Medium (35-65)
PO002249,2025-06-27,V08,Ludhiana,False,0.84,woven,chinos,172,Surat,Tier-2,Prepaid,monsoon,6,1,3,2,1,35,43,2025-08-09,8,True,0.316,False,68,60,High (65-100),Medium (35-65)
PO002326,2025-06-27,V06,Bengaluru,False,0.89,knit,sweatshirt,239,Chennai,Tier-1,COD,monsoon,1,1,2,1,1,21,22,2025-07-19,1,False,0.275,False,24,40,Low (0-35),Medium (35-65)
PO002523,2025-06-27,V05,Bengaluru,False,0.93,knit,hoodie,130,Jodhpur,Tier-3,COD,monsoon,1,2,3,3,1,24,28,2025-07-25,4,False,0.38,True,39,60,Medium (35-65),Medium (35-65)
PO004652,2025-06-27,V01,Tirupur,False,0.92,woven,trouser,233,Kochi,Tier-2,COD,monsoon,1,5,3,0,1,35,42,2025-08-08,7,True,0.395,True,74,79,High (65-100),High (65-100)
PO004842,2025-06-27,V05,Bengaluru,False,0.93,knit,sweatshirt,144,Surat,Tier-2,Prepaid,monsoon,1,0,2,0,1,22,21,2025-07-18,-1,False,0.22,False,27,25,Low (0-35),Low (0-35)
PO000184,2025-06-28,V01,Tirupur,False,0.92,woven,denim-jacket,297,Ahmedabad,Tier-2,Prepaid,monsoon,1,2,1,2,2,35,48,2025-08-15,13,True,0.275,True,59,44,Medium (35-65),Medium (35-65)
PO000220,2025-06-28,V02,Tirupur,False,0.88,knit,sweatshirt,223,Chandigarh,Tier-2,COD,monsoon,0,6,1,0,2,22,24,2025-07-22,2,False,0.275,True,47,58,Medium (35-65),Medium (35-65)
PO000610,2025-06-28,V02,Tirupur,False,0.88,knit,hoodie,313,Jodhpur,Tier-3,COD,monsoon,1,0,4,1,3,24,28,2025-07-26,4,False,0.448,False,55,81,Medium (35-65),High (65-100)
PO001396,2025-06-28,V07,Ludhiana,False,0.87,knit,henley,295,Vijayawada,Tier-3,Prepaid,monsoon,5,3,4,0,2,24,31,2025-07-29,7,True,0.38,False,39,38,Medium (35-65),Medium (35-65)
PO001970,2025-06-28,V02,Tirupur,False,0.88,knit,polo,85,Chennai,Tier-1,Prepaid,monsoon,1,0,1,0,2,21,26,2025-07-24,5,False,0.22,False,32,21,Low (0-35),Low (0-35)
PO002056,2025-06-28,V01,Tirupur,False,0.92,knit,polo,224,Ranchi,Tier-3,Prepaid,monsoon,1,1,2,0,3,24,32,2025-07-30,8,True,0.389,False,48,53,Medium (35-65),Medium (35-65)
PO002106,2025-06-28,V03,Tirupur,False,0.85,knit,polo,281,Nagpur,Tier-3,COD,monsoon,4,0,1,4,1,24,26,2025-07-24,2,False,0.396,True,53,79,Medium (35-65),High (65-100)
PO002874,2025-06-28,V01,Tirupur,False,0.92,knit,henley,129,Chennai,Tier-1,COD,monsoon,4,1,5,1,2,21,26,2025-07-24,5,False,0.316,True,45,57,Medium (35-65),Medium (35-65)
PO003003,2025-06-28,V07,Ludhiana,False,0.87,knit,t-shirt,243,Bhubaneswar,Tier-3,COD,monsoon,6,4,1,1,2,24,31,2025-07-29,7,True,0.413,False,36,54,Medium (35-65),Medium (35-65)
PO003334,2025-06-28,V10,Delhi NCR,False,0.82,woven,chinos,134,Ahmedabad,Tier-2,COD,monsoon,2,11,1,2,3,35,50,2025-08-17,15,True,0.406,True,73,86,High (65-100),High (65-100)
PO004033,2025-06-28,V01,Tirupur,False,0.92,woven,chinos,210,Dehradun,Tier-3,Prepaid,monsoon,1,5,6,0,1,37,47,2025-08-14,10,True,0.38,False,77,64,High (65-100),Medium (35-65)
PO004440,2025-06-28,V08,Ludhiana,False,0.84,woven,trouser,367,Vadodara,Tier-2,Prepaid,monsoon,2,6,1,2,1,35,43,2025-08-10,8,True,0.275,True,73,54,High (65-100),Medium (35-65)
PO000264,2025-06-29,V07,Ludhiana,False,0.87,knit,henley,217,Mysuru,Tier-3,Prepaid,monsoon,5,4,1,1,2,24,27,2025-07-26,3,False,0.264,False,34,32,Low (0-35),Low (0-35)
PO000428,2025-06-29,V02,Tirupur,False,0.88,knit,henley,249,Ahmedabad,Tier-2,COD,monsoon,0,5,3,2,3,22,26,2025-07-25,4,False,0.373,False,58,74,Medium (35-65),High (65-100)
PO000990,2025-06-29,V02,Tirupur,False,0.88,knit,henley,197,Delhi,Tier-1,COD,monsoon,2,1,1,4,2,21,27,2025-07-26,6,True,0.412,False,37,57,Medium (35-65),Medium (35-65)
PO001024,2025-06-29,V05,Bengaluru,False,0.93,woven,denim-jacket,193,Bengaluru,Tier-1,COD,monsoon,0,3,2,1,1,34,38,2025-08-06,4,False,0.275,True,46,56,Medium (35-65),Medium (35-65)
PO001841,2025-06-29,V09,Delhi NCR,False,0.86,woven,overshirt,156,Kolkata,Tier-1,COD,monsoon,1,5,2,0,2,34,40,2025-08-08,6,True,0.344,False,50,56,Medium (35-65),Medium (35-65)
PO001846,2025-06-29,V10,Delhi NCR,False,0.82,woven,trouser,251,Madurai,Tier-3,COD,monsoon,0,2,0,5,1,37,53,2025-08-21,16,True,0.495,True,67,97,High (65-100),High (65-100)
PO001985,2025-06-29,V08,Ludhiana,False,0.84,woven,overshirt,221,Jaipur,Tier-2,COD,monsoon,4,4,1,3,1,35,42,2025-08-10,7,True,0.344,True,65,76,Medium (35-65),High (65-100)
PO002728,2025-06-29,V02,Tirupur,False,0.88,knit,polo,50,Kochi,Tier-2,COD,monsoon,1,1,1,1,3,22,27,2025-07-26,5,False,0.325,False,45,68,Medium (35-65),High (65-100)
PO002790,2025-06-29,V01,Tirupur,False,0.92,knit,henley,202,Jaipur,Tier-2,Prepaid,monsoon,1,1,1,2,3,22,32,2025-07-31,10,True,0.325,False,43,46,Medium (35-65),Medium (35-65)
PO003401,2025-06-29,V04,Tirupur,False,0.9,knit,henley,126,Chandigarh,Tier-2,COD,monsoon,1,5,1,1,3,22,27,2025-07-26,5,False,0.325,False,53,68,Medium (35-65),High (65-100)
PO003660,2025-06-29,V05,Bengaluru,False,0.93,knit,hoodie,176,Chandigarh,Tier-2,Prepaid,monsoon,3,2,1,0,2,22,25,2025-07-24,3,False,0.22,True,33,25,Low (0-35),Low (0-35)
PO004449,2025-06-29,V01,Tirupur,False,0.92,knit,t-shirt,200,Lucknow,Tier-2,Prepaid,monsoon,2,4,1,0,1,22,24,2025-07-23,2,False,0.22,True,37,28,Medium (35-65),Low (0-35)
PO004488,2025-06-29,V07,Ludhiana,False,0.87,woven,overshirt,242,Mumbai,Tier-1,COD,monsoon,1,1,1,1,3,34,37,2025-08-05,3,False,0.325,False,48,66,Medium (35-65),High (65-100)
PO004575,2025-06-29,V05,Bengaluru,False,0.93,knit,henley,139,Mumbai,Tier-1,Prepaid,monsoon,0,2,2,5,1,21,23,2025-07-22,2,False,0.264,False,25,32,Low (0-35),Low (0-35)
PO004628,2025-06-29,V03,Tirupur,False,0.85,knit,t-shirt,317,Jaipur,Tier-2,Prepaid,monsoon,12,9,1,3,2,22,34,2025-08-02,12,True,0.275,False,51,36,Medium (35-65),Medium (35-65)
PO000139,2025-06-30,V03,Tirupur,False,0.85,knit,henley,233,Kolkata,Tier-1,Prepaid,monsoon,2,6,2,2,1,21,21,2025-07-21,0,False,0.22,True,40,29,Medium (35-65),Low (0-35)
PO000510,2025-06-30,V04,Tirupur,False,0.9,knit,hoodie,170,Kolkata,Tier-1,COD,monsoon,4,4,2,1,1,21,26,2025-07-26,5,False,0.275,False,40,51,Medium (35-65),Medium (35-65)
PO000802,2025-06-30,V01,Tirupur,False,0.92,woven,denim-jacket,286,Surat,Tier-2,Prepaid,monsoon,3,20,1,3,1,35,53,2025-08-22,18,True,0.275,False,73,51,High (65-100),Medium (35-65)
PO000905,2025-06-30,V08,Ludhiana,False,0.84,woven,denim-jacket,122,Madurai,Tier-3,Prepaid,monsoon,2,1,0,3,1,37,62,2025-08-31,25,True,0.33,True,62,61,Medium (35-65),Medium (35-65)
PO000963,2025-06-30,V01,Tirupur,False,0.92,knit,hoodie,50,Hyderabad,Tier-1,Prepaid,monsoon,0,2,1,1,3,21,27,2025-07-27,6,True,0.325,False,38,31,Medium (35-65),Low (0-35)
PO000964,2025-06-30,V11,Tirupur,True,0.75,woven,shirt,93,Kolkata,Tier-1,Prepaid,monsoon,2,7,2,6,1,34,67,2025-09-05,33,True,0.379,True,100,76,High (65-100),High (65-100)
PO001080,2025-06-30,V02,Tirupur,False,0.88,knit,t-shirt,207,Surat,Tier-2,Prepaid,monsoon,1,0,0,3,2,22,21,2025-07-21,-1,False,0.22,False,37,28,Medium (35-65),Low (0-35)
PO001275,2025-06-30,V01,Tirupur,False,0.92,knit,hoodie,122,Hyderabad,Tier-1,COD,monsoon,3,0,1,2,1,21,23,2025-07-23,2,False,0.275,True,40,51,Medium (35-65),Medium (35-65)
PO002907,2025-06-30,V10,Delhi NCR,False,0.82,woven,chinos,343,Raipur,Tier-3,Prepaid,monsoon,1,2,1,3,1,37,51,2025-08-20,14,True,0.33,False,62,61,Medium (35-65),Medium (35-65)
PO002912,2025-06-30,V05,Bengaluru,False,0.93,knit,henley,112,Patna,Tier-3,Prepaid,monsoon,3,1,2,1,1,24,24,2025-07-24,0,False,0.264,False,38,32,Medium (35-65),Low (0-35)
PO002924,2025-06-30,V06,Bengaluru,False,0.89,knit,polo,166,Vadodara,Tier-2,Prepaid,monsoon,4,3,1,1,1,22,25,2025-07-25,3,False,0.22,False,33,25,Low (0-35),Low (0-35)
PO002953,2025-06-30,V03,Tirupur,False,0.85,knit,t-shirt,217,Mysuru,Tier-3,Prepaid,monsoon,1,1,0,2,1,24,29,2025-07-29,5,False,0.264,False,42,43,Medium (35-65),Medium (35-65)
PO003088,2025-06-30,V08,Ludhiana,False,0.84,woven,trouser,336,Coimbatore,Tier-2,COD,monsoon,3,2,2,3,3,35,42,2025-08-11,7,True,0.406,True,71,86,High (65-100),High (65-100)
PO003155,2025-06-30,V05,Bengaluru,False,0.93,knit,polo,422,Raipur,Tier-3,COD,monsoon,0,0,4,1,1,24,28,2025-07-28,4,False,0.38,False,47,68,Medium (35-65),High (65-100)
PO003383,2025-06-30,V03,Tirupur,False,0.85,knit,t-shirt,226,Vijayawada,Tier-3,Prepaid,monsoon,4,1,3,2,3,24,33,2025-08-02,9,True,0.448,False,59,59,Medium (35-65),Medium (35-65)
PO003601,2025-06-30,V01,Tirupur,False,0.92,knit,t-shirt,293,Ahmedabad,Tier-2,Prepaid,monsoon,2,1,0,2,1,22,28,2025-07-28,6,True,0.275,False,37,28,Medium (35-65),Low (0-35)
PO003688,2025-06-30,V10,Delhi NCR,False,0.82,woven,chinos,347,Indore,Tier-2,COD,monsoon,4,2,1,1,2,35,49,2025-08-18,14,True,0.344,True,65,76,Medium (35-65),High (65-100)
PO003928,2025-06-30,V05,Bengaluru,False,0.93,woven,overshirt,234,Tiruchirappalli,Tier-3,Prepaid,monsoon,4,6,1,1,1,37,47,2025-08-16,10,True,0.33,False,68,55,High (65-100),Medium (35-65)
PO003978,2025-06-30,V06,Bengaluru,False,0.89,woven,chinos,215,Surat,Tier-2,Prepaid,monsoon,3,1,6,1,1,35,48,2025-08-17,13,True,0.316,False,60,54,Medium (35-65),Medium (35-65)
PO000310,2025-07-01,V04,Tirupur,False,0.9,knit,henley,192,Bengaluru,Tier-1,COD,monsoon,1,4,2,3,3,21,24,2025-07-25,3,False,0.325,False,40,61,Medium (35-65),Medium (35-65)
PO000362,2025-07-01,V05,Bengaluru,False,0.93,knit,sweatshirt,163,Chennai,Tier-1,Prepaid,monsoon,9,1,2,2,1,21,25,2025-07-26,4,False,0.22,False,28,18,Low (0-35),Low (0-35)
PO000427,2025-07-01,V03,Tirupur,False,0.85,woven,chinos,50,Kochi,Tier-2,Prepaid,monsoon,2,5,2,1,2,35,44,2025-08-14,9,True,0.275,False,67,51,High (65-100),Medium (35-65)
PO001229,2025-07-01,V02,Tirupur,False,0.88,woven,chinos,334,Chennai,Tier-1,Prepaid,monsoon,1,1,1,1,1,34,54,2025-08-24,20,True,0.275,True,54,37,Medium (35-65),Medium (35-65)
PO001304,2025-07-01,V03,Tirupur,False,0.85,woven,chinos,201,Pune,Tier-2,Prepaid,monsoon,12,13,3,0,1,35,48,2025-08-18,13,True,0.316,False,78,57,High (65-100),Medium (35-65)
PO001873,2025-07-01,V07,Ludhiana,False,0.87,knit,t-shirt,186,Ahmedabad,Tier-2,Prepaid,monsoon,15,0,1,2,2,22,26,2025-07-27,4,False,0.22,False,29,25,Low (0-35),Low (0-35)
PO002030,2025-07-01,V02,Tirupur,False,0.88,knit,t-shirt,106,Tiruchirappalli,Tier-3,Prepaid,monsoon,1,0,0,0,1,24,35,2025-08-05,11,True,0.33,False,42,43,Medium (35-65),Medium (35-65)
PO002332,2025-07-01,V05,Bengaluru,False,0.93,knit,henley,190,Indore,Tier-2,COD,monsoon,1,0,2,4,1,22,24,2025-07-25,2,False,0.33,True,32,61,Low (0-35),Medium (35-65)
PO003421,2025-07-01,V02,Tirupur,False,0.88,woven,overshirt,258,Chennai,Tier-1,COD,monsoon,3,8,1,2,2,34,47,2025-08-17,13,True,0.344,False,70,66,High (65-100),High (65-100)
PO003527,2025-07-01,V05,Bengaluru,False,0.93,knit,t-shirt,222,Nagpur,Tier-3,Prepaid,monsoon,1,2,4,0,2,24,27,2025-07-28,3,False,0.304,True,37,38,Medium (35-65),Medium (35-65)
PO004467,2025-07-01,V09,Delhi NCR,False,0.86,knit,henley,312,Lucknow,Tier-2,COD,monsoon,0,0,2,4,2,22,26,2025-07-27,4,False,0.33,False,28,61,Low (0-35),Medium (35-65)
PO004783,2025-07-01,V06,Bengaluru,False,0.89,knit,henley,208,Tiruchirappalli,Tier-3,COD,monsoon,0,1,0,1,1,24,25,2025-07-26,1,False,0.33,True,34,54,Low (0-35),Medium (35-65)
PO004900,2025-07-01,V02,Tirupur,False,0.88,knit,hoodie,274,Ahmedabad,Tier-2,Prepaid,monsoon,1,5,2,1,3,22,29,2025-07-30,7,True,0.325,False,51,46,Medium (35-65),Medium (35-65)
PO000210,2025-07-02,V09,Delhi NCR,False,0.86,woven,chinos,330,Vijayawada,Tier-3,COD,monsoon,9,20,1,1,2,37,49,2025-08-20,12,True,0.413,False,66,77,High (65-100),High (65-100)
PO000546,2025-07-02,V10,Delhi NCR,False,0.82,woven,overshirt,239,Coimbatore,Tier-2,COD,monsoon,1,4,2,1,3,35,44,2025-08-15,9,True,0.406,False,65,86,Medium (35-65),High (65-100)
PO000633,2025-07-02,V02,Tirupur,False,0.88,knit,polo,286,Chennai,Tier-1,COD,monsoon,2,2,1,4,1,21,19,2025-07-21,-2,False,0.33,False,37,57,Medium (35-65),Medium (35-65)
PO001133,2025-07-02,V02,Tirupur,False,0.88,knit,sweatshirt,93,Jodhpur,Tier-3,Prepaid,monsoon,1,5,1,1,3,24,33,2025-08-04,9,True,0.389,True,56,53,Medium (35-65),Medium (35-65)
PO001173,2025-07-02,V10,Delhi NCR,False,0.82,woven,shirt,171,Ahmedabad,Tier-2,COD,monsoon,1,2,7,3,1,35,43,2025-08-14,8,True,0.395,False,64,82,Medium (35-65),High (65-100)
PO001261,2025-07-02,V01,Tirupur,False,0.92,knit,hoodie,188,Jodhpur,Tier-3,Prepaid,monsoon,0,1,3,3,1,24,30,2025-08-01,6,True,0.38,False,47,49,Medium (35-65),Medium (35-65)
PO001657,2025-07-02,V03,Tirupur,False,0.85,knit,sweatshirt,156,Chennai,Tier-1,COD,monsoon,1,1,1,3,1,21,23,2025-07-25,2,False,0.275,True,34,43,Low (0-35),Medium (35-65)
PO002600,2025-07-02,V06,Bengaluru,False,0.89,woven,chinos,220,Kolkata,Tier-1,COD,monsoon,3,4,1,3,2,34,39,2025-08-10,5,False,0.275,False,52,56,Medium (35-65),Medium (35-65)
PO003217,2025-07-02,V06,Bengaluru,False,0.89,woven,trouser,153,Vadodara,Tier-2,COD,monsoon,1,3,0,4,2,35,49,2025-08-20,14,True,0.412,True,54,77,Medium (35-65),High (65-100)
PO003344,2025-07-02,V02,Tirupur,False,0.88,knit,sweatshirt,209,Chandigarh,Tier-2,COD,monsoon,1,2,1,2,1,22,26,2025-07-28,4,False,0.275,True,39,50,Medium (35-65),Medium (35-65)
PO003610,2025-07-02,V02,Tirupur,False,0.88,woven,chinos,294,Mumbai,Tier-1,Prepaid,monsoon,3,3,1,1,3,34,42,2025-08-13,8,True,0.325,False,66,54,High (65-100),Medium (35-65)
PO004435,2025-07-02,V02,Tirupur,False,0.88,knit,t-shirt,460,Mumbai,Tier-1,COD,monsoon,2,5,2,0,1,21,25,2025-07-27,4,False,0.275,False,50,51,Medium (35-65),Medium (35-65)
PO000342,2025-07-03,V01,Tirupur,False,0.92,woven,shirt,271,Bengaluru,Tier-1,COD,monsoon,2,5,3,0,1,34,44,2025-08-16,10,True,0.395,False,69,72,High (65-100),High (65-100)
PO002630,2025-07-03,V05,Bengaluru,False,0.93,knit,t-shirt,341,Patna,Tier-3,COD,monsoon,11,2,4,2,2,24,27,2025-07-30,3,False,0.38,True,45,68,Medium (35-65),High (65-100)
PO002741,2025-07-03,V01,Tirupur,False,0.92,knit,sweatshirt,244,Lucknow,Tier-2,COD,monsoon,6,1,2,1,1,22,31,2025-08-03,9,True,0.344,False,45,58,Medium (35-65),Medium (35-65)
PO002913,2025-07-03,V03,Tirupur,False,0.85,knit,t-shirt,231,Raipur,Tier-3,COD,monsoon,3,0,1,2,1,24,27,2025-07-30,3,False,0.33,True,50,65,Medium (35-65),Medium (35-65)
PO004220,2025-07-03,V09,Delhi NCR,False,0.86,woven,chinos,223,Mumbai,Tier-1,COD,monsoon,0,2,6,3,3,34,43,2025-08-15,9,True,0.466,False,53,72,Medium (35-65),High (65-100)
PO000010,2025-07-04,V01,Tirupur,False,0.92,knit,hoodie,350,Hyderabad,Tier-1,Prepaid,monsoon,2,2,1,2,1,21,27,2025-07-31,6,True,0.275,False,32,21,Low (0-35),Low (0-35)
PO000821,2025-07-04,V09,Delhi NCR,False,0.86,woven,shirt,112,Ranchi,Tier-3,Prepaid,monsoon,3,5,2,2,1,37,50,2025-08-23,13,True,0.33,False,64,55,Medium (35-65),Medium (35-65)
PO000875,2025-07-04,V01,Tirupur,False,0.92,knit,sweatshirt,94,Chandigarh,Tier-2,COD,monsoon,2,2,1,3,1,22,29,2025-08-02,7,True,0.344,False,39,50,Medium (35-65),Medium (35-65)
PO001906,2025-07-04,V01,Tirupur,False,0.92,knit,t-shirt,92,Jaipur,Tier-2,Prepaid,monsoon,2,2,1,3,1,22,21,2025-07-25,-1,False,0.22,False,37,28,Medium (35-65),Low (0-35)
PO002035,2025-07-04,V07,Ludhiana,False,0.87,knit,henley,265,Vijayawada,Tier-3,COD,monsoon,2,0,1,1,3,24,24,2025-07-28,0,False,0.389,True,36,64,Medium (35-65),Medium (35-65)
PO002354,2025-07-04,V05,Bengaluru,False,0.93,knit,t-shirt,340,Indore,Tier-2,COD,monsoon,1,3,2,2,2,22,23,2025-07-27,1,False,0.275,False,29,47,Low (0-35),Medium (35-65)
PO002401,2025-07-04,V01,Tirupur,False,0.92,knit,sweatshirt,148,Ahmedabad,Tier-2,Prepaid,monsoon,1,3,0,2,1,22,25,2025-07-29,3,False,0.22,False,37,28,Medium (35-65),Low (0-35)
PO002843,2025-07-04,V04,Tirupur,False,0.9,woven,overshirt,257,Ahmedabad,Tier-2,COD,monsoon,2,10,3,0,3,35,49,2025-08-22,14,True,0.466,True,80,89,High (65-100),High (65-100)
PO003067,2025-07-04,V01,Tirupur,False,0.92,knit,henley,108,Dehradun,Tier-3,COD,monsoon,2,5,3,2,1,24,27,2025-07-31,3,False,0.38,True,57,71,Medium (35-65),High (65-100)
PO003532,2025-07-04,V05,Bengaluru,False,0.93,knit,hoodie,306,Tiruchirappalli,Tier-3,Prepaid,monsoon,3,3,3,0,1,24,29,2025-08-02,5,False,0.304,False,43,46,Medium (35-65),Medium (35-65)
PO004556,2025-07-04,V01,Tirupur,False,0.92,knit,sweatshirt,106,Guwahati,Tier-3,COD,monsoon,2,2,0,2,1,24,25,2025-07-29,1,False,0.33,False,44,65,Medium (35-65),Medium (35-65)
PO000239,2025-07-05,V01,Tirupur,False,0.92,knit,sweatshirt,359,Delhi,Tier-1,COD,monsoon,2,7,1,1,2,21,26,2025-07-31,5,False,0.275,False,50,51,Medium (35-65),Medium (35-65)
PO000640,2025-07-05,V04,Tirupur,False,0.9,knit,sweatshirt,254,Hyderabad,Tier-1,COD,monsoon,4,3,1,1,1,21,30,2025-08-04,9,True,0.344,False,40,51,Medium (35-65),Medium (35-65)
PO000819,2025-07-05,V02,Tirupur,False,0.88,knit,henley,250,Kochi,Tier-2,COD,monsoon,3,1,0,2,1,22,29,2025-08-03,7,True,0.344,False,45,58,Medium (35-65),Medium (35-65)
PO001144,2025-07-05,V02,Tirupur,False,0.88,knit,henley,254,Pune,Tier-2,COD,monsoon,3,4,2,3,3,22,27,2025-08-01,5,False,0.325,True,51,68,Medium (35-65),High (65-100)
PO001712,2025-07-05,V08,Ludhiana,False,0.84,woven,overshirt,177,Jodhpur,Tier-3,COD,monsoon,2,3,1,2,2,37,46,2025-08-20,9,True,0.413,False,64,83,Medium (35-65),High (65-100)
PO001989,2025-07-05,V02,Tirupur,False,0.88,knit,t-shirt,291,Bengaluru,Tier-1,COD,monsoon,1,1,2,1,1,21,27,2025-08-01,6,True,0.344,False,34,43,Low (0-35),Medium (35-65)
PO002257,2025-07-05,V10,Delhi NCR,False,0.82,knit,sweatshirt,219,Raipur,Tier-3,COD,monsoon,1,1,3,4,1,24,25,2025-07-30,1,False,0.455,False,50,88,Medium (35-65),High (65-100)
PO002936,2025-07-05,V06,Bengaluru,False,0.89,knit,sweatshirt,183,Patna,Tier-3,COD,monsoon,1,1,0,3,2,24,28,2025-08-02,4,False,0.33,True,34,54,Low (0-35),Medium (35-65)
PO002963,2025-07-05,V02,Tirupur,False,0.88,knit,sweatshirt,401,Madurai,Tier-3,COD,monsoon,3,6,1,4,2,24,29,2025-08-03,5,False,0.396,False,69,86,High (65-100),High (65-100)
PO002985,2025-07-05,V02,Tirupur,False,0.88,knit,hoodie,200,Kochi,Tier-2,Prepaid,monsoon,0,3,10,0,1,22,26,2025-07-31,4,False,0.253,False,42,42,Medium (35-65),Medium (35-65)
PO003620,2025-07-05,V03,Tirupur,False,0.85,knit,henley,50,Madurai,Tier-3,Prepaid,monsoon,1,2,0,0,2,24,31,2025-08-05,7,True,0.33,False,42,43,Medium (35-65),Medium (35-65)
PO004180,2025-07-05,V09,Delhi NCR,False,0.86,woven,trouser,322,Chennai,Tier-1,COD,monsoon,1,5,1,1,2,34,44,2025-08-18,10,True,0.344,False,50,56,Medium (35-65),Medium (35-65)
PO004751,2025-07-05,V01,Tirupur,False,0.92,knit,t-shirt,264,Hyderabad,Tier-1,Prepaid,monsoon,2,4,2,1,2,21,24,2025-07-29,3,False,0.22,False,32,21,Low (0-35),Low (0-35)
PO000130,2025-07-06,V05,Bengaluru,False,0.93,knit,hoodie,201,Surat,Tier-2,COD,monsoon,6,1,2,3,3,22,25,2025-07-31,3,False,0.325,False,41,65,Medium (35-65),Medium (35-65)
PO000508,2025-07-06,V02,Tirupur,False,0.88,knit,polo,194,Chennai,Tier-1,COD,monsoon,1,5,0,0,2,21,28,2025-08-03,7,True,0.344,False,42,51,Medium (35-65),Medium (35-65)
PO000518,2025-07-06,V03,Tirupur,False,0.85,knit,hoodie,204,Chandigarh,Tier-2,Prepaid,monsoon,0,1,0,2,1,22,27,2025-08-02,5,False,0.22,True,37,28,Medium (35-65),Low (0-35)
PO001490,2025-07-06,V09,Delhi NCR,False,0.86,woven,denim-jacket,293,Bhubaneswar,Tier-3,COD,monsoon,2,2,1,4,1,37,48,2025-08-23,11,True,0.495,True,55,84,Medium (35-65),High (65-100)
PO001726,2025-07-06,V04,Tirupur,False,0.9,woven,chinos,177,Bengaluru,Tier-1,Prepaid,monsoon,1,14,1,2,1,34,47,2025-08-22,13,True,0.275,False,62,44,Medium (35-65),Medium (35-65)
PO001819,2025-07-06,V06,Bengaluru,False,0.89,knit,t-shirt,139,Mumbai,Tier-1,COD,monsoon,1,3,0,0,3,21,24,2025-07-30,3,False,0.325,False,30,50,Low (0-35),Medium (35-65)
PO002038,2025-07-06,V05,Bengaluru,False,0.93,knit,sweatshirt,225,Kolkata,Tier-1,COD,monsoon,3,9,2,3,1,21,27,2025-08-02,6,True,0.344,False,38,40,Medium (35-65),Medium (35-65)
PO002483,2025-07-06,V09,Delhi NCR,False,0.86,woven,chinos,193,Pune,Tier-2,COD,monsoon,1,2,0,1,2,35,41,2025-08-16,6,True,0.344,True,47,63,Medium (35-65),Medium (35-65)
PO002505,2025-07-06,V09,Delhi NCR,False,0.86,woven,trouser,254,Mumbai,Tier-1,COD,monsoon,2,3,1,4,3,34,38,2025-08-13,4,False,0.389,False,51,80,Medium (35-65),High (65-100)
PO002928,2025-07-06,V01,Tirupur,False,0.92,knit,polo,207,Bengaluru,Tier-1,COD,monsoon,2,1,1,1,1,21,27,2025-08-02,6,True,0.344,True,34,43,Low (0-35),Medium (35-65)
PO003266,2025-07-06,V05,Bengaluru,False,0.93,knit,t-shirt,109,Bengaluru,Tier-1,Prepaid,monsoon,1,0,0,2,3,21,23,2025-07-29,2,False,0.26,True,28,28,Low (0-35),Low (0-35)
PO003624,2025-07-06,V12,Bengaluru,True,0.78,knit,henley,257,Raipur,Tier-3,Prepaid,monsoon,1,0,0,5,1,24,35,2025-08-10,11,True,0.455,True,69,77,High (65-100),High (65-100)
PO003655,2025-07-06,V01,Tirupur,False,0.92,knit,sweatshirt,330,Pune,Tier-2,COD,monsoon,1,1,3,3,1,22,30,2025-08-05,8,True,0.395,True,44,64,Medium (35-65),Medium (35-65)
PO004077,2025-07-06,V07,Ludhiana,False,0.87,knit,hoodie,207,Bengaluru,Tier-1,COD,monsoon,2,4,1,0,1,21,23,2025-07-29,2,False,0.275,False,20,40,Low (0-35),Medium (35-65)
PO004287,2025-07-06,V02,Tirupur,False,0.88,woven,overshirt,125,Jaipur,Tier-2,COD,monsoon,5,3,2,2,2,35,41,2025-08-16,6,True,0.344,False,67,73,High (65-100),High (65-100)
PO004433,2025-07-06,V02,Tirupur,False,0.88,knit,polo,120,Ranchi,Tier-3,COD,monsoon,1,20,1,1,1,24,32,2025-08-07,8,True,0.413,False,52,65,Medium (35-65),Medium (35-65)
PO004538,2025-07-06,V02,Tirupur,False,0.88,knit,henley,365,Bengaluru,Tier-1,Prepaid,monsoon,1,3,1,1,1,21,25,2025-07-31,4,False,0.22,False,40,29,Medium (35-65),Low (0-35)
PO004810,2025-07-06,V05,Bengaluru,False,0.93,knit,sweatshirt,304,Mumbai,Tier-1,COD,monsoon,15,1,2,2,1,21,27,2025-08-02,6,True,0.344,False,30,40,Low (0-35),Medium (35-65)
PO004819,2025-07-06,V06,Bengaluru,False,0.89,knit,polo,206,Bhubaneswar,Tier-3,COD,monsoon,2,8,1,0,1,24,27,2025-08-02,3,False,0.33,False,42,62,Medium (35-65),Medium (35-65)
PO004880,2025-07-06,V10,Delhi NCR,False,0.82,woven,overshirt,50,Chandigarh,Tier-2,COD,monsoon,1,1,1,5,2,35,40,2025-08-15,5,False,0.33,False,62,90,Medium (35-65),High (65-100)
PO000034,2025-07-07,V02,Tirupur,False,0.88,knit,hoodie,282,Ahmedabad,Tier-2,COD,monsoon,2,1,1,0,2,22,29,2025-08-05,7,True,0.344,False,39,50,Medium (35-65),Medium (35-65)
PO000249,2025-07-07,V03,Tirupur,False,0.85,knit,polo,77,Surat,Tier-2,Prepaid,monsoon,0,3,0,1,3,22,31,2025-08-07,9,True,0.325,False,43,46,Medium (35-65),Medium (35-65)
PO000735,2025-07-07,V02,Tirupur,False,0.88,knit,hoodie,323,Chandigarh,Tier-2,Prepaid,monsoon,1,2,1,2,1,22,24,2025-07-31,2,False,0.22,True,37,28,Medium (35-65),Low (0-35)
PO001042,2025-07-07,V02,Tirupur,False,0.88,knit,t-shirt,250,Bengaluru,Tier-1,COD,monsoon,2,2,2,2,1,21,24,2025-07-31,3,False,0.275,True,34,43,Low (0-35),Medium (35-65)
PO001256,2025-07-07,V01,Tirupur,False,0.92,knit,henley,277,Ranchi,Tier-3,COD,monsoon,1,2,1,1,3,24,25,2025-08-01,1,False,0.389,False,50,75,Medium (35-65),High (65-100)
PO001360,2025-07-07,V02,Tirupur,False,0.88,knit,sweatshirt,274,Chennai,Tier-1,Prepaid,monsoon,1,5,1,4,1,21,27,2025-08-03,6,True,0.33,True,43,43,Medium (35-65),Medium (35-65)
PO002092,2025-07-07,V05,Bengaluru,False,0.93,woven,shirt,169,Bengaluru,Tier-1,Prepaid,monsoon,15,3,2,0,3,34,43,2025-08-19,9,True,0.325,True,56,44,Medium (35-65),Medium (35-65)
PO002473,2025-07-07,V05,Bengaluru,False,0.93,knit,t-shirt,202,Kochi,Tier-2,Prepaid,monsoon,1,1,2,2,1,22,27,2025-08-03,5,False,0.22,False,27,25,Low (0-35),Low (0-35)
PO002920,2025-07-07,V02,Tirupur,False,0.88,knit,t-shirt,231,Tiruchirappalli,Tier-3,Prepaid,monsoon,6,1,2,5,1,24,26,2025-08-02,2,False,0.317,False,51,57,Medium (35-65),Medium (35-65)
PO003024,2025-07-07,V09,Delhi NCR,False,0.86,woven,shirt,321,Kochi,Tier-2,Prepaid,monsoon,2,3,1,3,1,35,42,2025-08-18,7,True,0.275,True,45,41,Medium (35-65),Medium (35-65)
PO003749,2025-07-07,V02,Tirupur,False,0.88,knit,t-shirt,165,Patna,Tier-3,COD,monsoon,13,2,2,0,1,24,27,2025-08-03,3,False,0.33,False,50,65,Medium (35-65),Medium (35-65)
PO003834,2025-07-07,V01,Tirupur,False,0.92,knit,t-shirt,269,Hyderabad,Tier-1,COD,monsoon,4,2,3,2,1,21,25,2025-08-01,4,False,0.316,False,45,57,Medium (35-65),Medium (35-65)
PO004278,2025-07-07,V11,Tirupur,True,0.75,woven,denim-jacket,110,Jaipur,Tier-2,Prepaid,monsoon,2,20,1,3,1,35,56,2025-09-01,21,True,0.316,True,100,69,High (65-100),High (65-100)
PO004760,2025-07-07,V07,Ludhiana,False,0.87,knit,sweatshirt,202,Mumbai,Tier-1,COD,monsoon,4,1,1,1,1,21,20,2025-07-27,-1,False,0.275,False,26,40,Low (0-35),Medium (35-65)
PO000080,2025-07-08,V05,Bengaluru,False,0.93,knit,sweatshirt,222,Bhubaneswar,Tier-3,COD,monsoon,1,9,2,3,2,24,34,2025-08-11,10,True,0.413,True,42,62,Medium (35-65),Medium (35-65)
PO000177,2025-07-08,V10,Delhi NCR,False,0.82,woven,trouser,254,Vadodara,Tier-2,Prepaid,monsoon,5,1,2,1,1,35,38,2025-08-15,3,False,0.22,False,63,54,Medium (35-65),Medium (35-65)
PO000580,2025-07-08,V06,Bengaluru,False,0.89,woven,chinos,253,Kolkata,Tier-1,COD,monsoon,0,7,0,2,1,34,43,2025-08-20,9,True,0.344,True,54,56,Medium (35-65),Medium (35-65)
PO000746,2025-07-08,V01,Tirupur,False,0.92,knit,henley,169,Chennai,Tier-1,Prepaid,monsoon,1,1,0,0,2,21,22,2025-07-30,1,False,0.22,True,32,21,Low (0-35),Low (0-35)
PO000761,2025-07-08,V05,Bengaluru,False,0.93,knit,sweatshirt,86,Guwahati,Tier-3,COD,monsoon,1,1,5,2,3,24,28,2025-08-05,4,False,0.448,True,45,78,Medium (35-65),High (65-100)
PO001237,2025-07-08,V08,Ludhiana,False,0.84,woven,denim-jacket,280,Madurai,Tier-3,Prepaid,monsoon,1,13,1,5,2,37,49,2025-08-26,12,True,0.396,False,73,75,High (65-100),High (65-100)
PO001499,2025-07-08,V05,Bengaluru,False,0.93,knit,polo,211,Bengaluru,Tier-1,COD,monsoon,2,4,1,2,1,21,26,2025-08-03,5,False,0.275,True,24,40,Low (0-35),Medium (35-65)
PO001940,2025-07-08,V01,Tirupur,False,0.92,woven,denim-jacket,143,Mysuru,Tier-3,COD,monsoon,0,5,1,0,3,37,45,2025-08-22,8,True,0.487,True,80,90,High (65-100),High (65-100)
PO003057,2025-07-08,V01,Tirupur,False,0.92,knit,polo,218,Mumbai,Tier-1,Prepaid,monsoon,8,5,0,1,2,21,28,2025-08-05,7,True,0.275,True,46,29,Medium (35-65),Low (0-35)
PO003648,2025-07-08,V05,Bengaluru,False,0.93,knit,henley,207,Jaipur,Tier-2,Prepaid,monsoon,12,8,6,3,1,22,27,2025-08-04,5,False,0.253,False,46,39,Medium (35-65),Medium (35-65)
PO004255,2025-07-08,V01,Tirupur,False,0.92,knit,hoodie,217,Patna,Tier-3,Prepaid,monsoon,1,0,1,2,3,24,29,2025-08-06,5,False,0.312,False,48,53,Medium (35-65),Medium (35-65)
PO004979,2025-07-08,V05,Bengaluru,False,0.93,woven,chinos,107,Coimbatore,Tier-2,Prepaid,monsoon,3,4,1,4,2,35,39,2025-08-16,4,False,0.264,False,58,55,Medium (35-65),Medium (35-65)
PO000081,2025-07-09,V03,Tirupur,False,0.85,knit,henley,147,Kochi,Tier-2,Prepaid,monsoon,1,1,2,2,2,22,31,2025-08-09,9,True,0.275,False,37,28,Medium (35-65),Low (0-35)
PO000364,2025-07-09,V02,Tirupur,False,0.88,woven,trouser,88,Jodhpur,Tier-3,Prepaid,monsoon,2,1,1,3,2,37,45,2025-08-23,8,True,0.33,True,64,58,Medium (35-65),Medium (35-65)
PO000900,2025-07-09,V02,Tirupur,False,0.88,woven,overshirt,294,Mumbai,Tier-1,COD,monsoon,5,5,2,1,1,34,44,2025-08-22,10,True,0.344,False,70,66,High (65-100),High (65-100)
PO001184,2025-07-09,V07,Ludhiana,False,0.87,knit,polo,238,Kolkata,Tier-1,Prepaid,monsoon,2,1,1,0,3,21,25,2025-08-03,4,False,0.26,False,24,28,Low (0-35),Low (0-35)
PO001300,2025-07-09,V05,Bengaluru,False,0.93,knit,henley,90,Vijayawada,Tier-3,COD,monsoon,2,5,5,1,1,24,27,2025-08-05,3,False,0.38,False,47,68,Medium (35-65),High (65-100)
PO001462,2025-07-09,V09,Delhi NCR,False,0.86,woven,chinos,218,Guwahati,Tier-3,COD,monsoon,2,1,1,2,1,37,45,2025-08-23,8,True,0.413,True,52,70,Medium (35-65),High (65-100)
PO001786,2025-07-09,V05,Bengaluru,False,0.93,knit,t-shirt,130,Pune,Tier-2,COD,monsoon,4,2,1,1,1,22,25,2025-08-03,3,False,0.275,False,35,47,Low (0-35),Medium (35-65)
PO002691,2025-07-09,V05,Bengaluru,False,0.93,knit,sweatshirt,243,Vadodara,Tier-2,COD,monsoon,2,1,1,4,1,22,22,2025-07-31,0,False,0.33,True,32,61,Low (0-35),Medium (35-65)
PO002884,2025-07-09,V01,Tirupur,False,0.92,knit,sweatshirt,240,Chennai,Tier-1,Prepaid,monsoon,7,2,1,0,2,21,25,2025-08-03,4,False,0.22,True,38,21,Medium (35-65),Low (0-35)
PO002926,2025-07-09,V02,Tirupur,False,0.88,knit,hoodie,53,Vadodara,Tier-2,COD,monsoon,9,4,1,2,1,22,32,2025-08-10,10,True,0.344,False,45,58,Medium (35-65),Medium (35-65)
PO004001,2025-07-09,V01,Tirupur,False,0.92,knit,t-shirt,225,Mumbai,Tier-1,Prepaid,monsoon,2,2,1,1,3,21,23,2025-08-01,2,False,0.26,False,38,31,Medium (35-65),Low (0-35)
PO004144,2025-07-09,V06,Bengaluru,False,0.89,knit,polo,227,Hyderabad,Tier-1,COD,monsoon,6,0,2,1,2,21,26,2025-08-04,5,False,0.275,True,30,40,Low (0-35),Medium (35-65)
PO004925,2025-07-09,V08,Ludhiana,False,0.84,woven,trouser,246,Surat,Tier-2,COD,monsoon,1,20,5,0,1,35,54,2025-09-01,19,True,0.395,True,72,82,High (65-100),High (65-100)
PO000105,2025-07-10,V05,Bengaluru,False,0.93,knit,henley,222,Jaipur,Tier-2,Prepaid,monsoon,1,2,0,1,1,22,25,2025-08-04,3,False,0.22,False,27,25,Low (0-35),Low (0-35)
PO000707,2025-07-10,V03,Tirupur,False,0.85,knit,t-shirt,72,Surat,Tier-2,Prepaid,monsoon,7,11,4,0,1,22,26,2025-08-05,4,False,0.253,False,56,42,Medium (35-65),Medium (35-65)
PO001166,2025-07-10,V08,Ludhiana,False,0.84,knit,t-shirt,244,Guwahati,Tier-3,Prepaid,monsoon,9,1,3,2,1,24,24,2025-08-03,0,False,0.304,False,51,52,Medium (35-65),Medium (35-65)
PO001481,2025-07-10,V06,Bengaluru,False,0.89,knit,sweatshirt,139,Chennai,Tier-1,COD,monsoon,5,2,2,1,1,21,24,2025-08-03,3,False,0.275,False,30,40,Low (0-35),Medium (35-65)
PO001519,2025-07-10,V04,Tirupur,False,0.9,knit,t-shirt,286,Vijayawada,Tier-3,COD,monsoon,2,3,3,0,2,24,32,2025-08-11,8,True,0.474,True,49,71,Medium (35-65),High (65-100)
PO001831,2025-07-10,V01,Tirupur,False,0.92,knit,t-shirt,238,Mumbai,Tier-1,COD,monsoon,1,0,3,1,1,21,22,2025-08-01,1,False,0.316,False,39,49,Medium (35-65),Medium (35-65)
PO001844,2025-07-10,V06,Bengaluru,False,0.89,knit,hoodie,132,Hyderabad,Tier-1,COD,monsoon,2,0,1,1,1,21,25,2025-08-04,4,False,0.275,False,24,40,Low (0-35),Medium (35-65)
PO002893,2025-07-10,V01,Tirupur,False,0.92,woven,chinos,166,Vijayawada,Tier-3,COD,monsoon,0,3,2,3,3,37,54,2025-09-02,17,True,0.487,True,72,90,High (65-100),High (65-100)
PO002956,2025-07-10,V07,Ludhiana,False,0.87,knit,hoodie,195,Dehradun,Tier-3,COD,monsoon,1,0,9,3,2,24,28,2025-08-07,4,False,0.38,True,35,60,Low (0-35),Medium (35-65)
PO003138,2025-07-10,V03,Tirupur,False,0.85,knit,t-shirt,226,Coimbatore,Tier-2,COD,monsoon,2,4,1,0,1,22,23,2025-08-02,1,False,0.275,True,39,50,Medium (35-65),Medium (35-65)
PO003225,2025-07-10,V05,Bengaluru,False,0.93,knit,polo,251,Vijayawada,Tier-3,Prepaid,monsoon,1,0,3,1,1,24,26,2025-08-05,2,False,0.304,False,37,38,Medium (35-65),Medium (35-65)
PO003312,2025-07-10,V04,Tirupur,False,0.9,woven,shirt,228,Lucknow,Tier-2,COD,monsoon,4,20,1,2,1,35,55,2025-09-03,20,True,0.344,False,75,73,High (65-100),High (65-100)
PO003318,2025-07-10,V01,Tirupur,False,0.92,knit,polo,285,Bengaluru,Tier-1,COD,monsoon,0,1,5,0,3,21,27,2025-08-06,6,True,0.466,True,45,67,Medium (35-65),High (65-100)
PO003646,2025-07-10,V01,Tirupur,False,0.92,knit,t-shirt,83,Madurai,Tier-3,COD,monsoon,3,1,0,0,2,24,30,2025-08-09,6,True,0.413,True,50,65,Medium (35-65),Medium (35-65)
PO003816,2025-07-10,V05,Bengaluru,False,0.93,knit,polo,340,Jodhpur,Tier-3,COD,monsoon,8,0,0,2,3,24,27,2025-08-06,3,False,0.389,False,46,72,Medium (35-65),High (65-100)
PO004147,2025-07-10,V09,Delhi NCR,False,0.86,woven,chinos,50,Indore,Tier-2,Prepaid,monsoon,1,3,2,4,3,35,49,2025-08-28,14,True,0.389,False,54,65,Medium (35-65),Medium (35-65)
PO004883,2025-07-10,V04,Tirupur,False,0.9,woven,shirt,287,Dehradun,Tier-3,Prepaid,monsoon,2,7,0,2,3,37,46,2025-08-25,9,True,0.389,True,78,68,High (65-100),High (65-100)
PO004999,2025-07-10,V05,Bengaluru,False,0.93,knit,sweatshirt,226,Patna,Tier-3,Prepaid,monsoon,2,1,1,1,1,24,26,2025-08-05,2,False,0.264,True,32,32,Low (0-35),Low (0-35)
PO000088,2025-07-11,V05,Bengaluru,False,0.93,knit,henley,243,Mysuru,Tier-3,Prepaid,monsoon,1,1,6,3,3,24,32,2025-08-12,8,True,0.448,True,43,56,Medium (35-65),Medium (35-65)
PO000168,2025-07-11,V05,Bengaluru,False,0.93,knit,henley,302,Indore,Tier-2,COD,monsoon,3,0,2,2,2,22,23,2025-08-03,1,False,0.275,False,35,47,Low (0-35),Medium (35-65)
PO000995,2025-07-11,V03,Tirupur,False,0.85,knit,polo,189,Nagpur,Tier-3,Prepaid,monsoon,1,1,1,1,3,24,30,2025-08-10,6,True,0.389,True,48,53,Medium (35-65),Medium (35-65)
PO001046,2025-07-11,V04,Tirupur,False,0.9,knit,henley,369,Jodhpur,Tier-3,COD,monsoon,4,3,0,1,1,24,33,2025-08-13,9,True,0.413,False,58,65,Medium (35-65),Medium (35-65)
PO001281,2025-07-11,V01,Tirupur,False,0.92,woven,denim-jacket,242,Coimbatore,Tier-2,Prepaid,monsoon,5,1,3,1,1,35,54,2025-09-03,19,True,0.316,False,70,57,High (65-100),Medium (35-65)
PO001394,2025-07-11,V02,Tirupur,False,0.88,knit,hoodie,171,Indore,Tier-2,Prepaid,monsoon,3,6,0,1,1,22,26,2025-08-06,4,False,0.22,False,51,36,Medium (35-65),Medium (35-65)
PO002087,2025-07-11,V08,Ludhiana,False,0.84,woven,denim-jacket,75,Madurai,Tier-3,COD,monsoon,1,2,1,2,2,37,51,2025-08-31,14,True,0.413,False,64,83,Medium (35-65),High (65-100)
PO002452,2025-07-11,V05,Bengaluru,False,0.93,woven,shirt,258,Mumbai,Tier-1,COD,monsoon,2,1,0,0,1,34,39,2025-08-19,5,False,0.275,False,46,56,Medium (35-65),Medium (35-65)
PO002459,2025-07-11,V04,Tirupur,False,0.9,knit,sweatshirt,233,Kolkata,Tier-1,COD,monsoon,2,2,0,1,1,21,29,2025-08-09,8,True,0.344,False,34,43,Low (0-35),Medium (35-65)
PO002784,2025-07-11,V02,Tirupur,False,0.88,knit,sweatshirt,178,Raipur,Tier-3,COD,monsoon,2,2,1,1,2,24,27,2025-08-07,3,False,0.33,False,44,65,Medium (35-65),Medium (35-65)
PO002987,2025-07-11,V03,Tirupur,False,0.85,knit,sweatshirt,126,Ahmedabad,Tier-2,COD,monsoon,1,0,2,1,1,22,28,2025-08-08,6,True,0.344,False,39,50,Medium (35-65),Medium (35-65)
PO004073,2025-07-11,V07,Ludhiana,False,0.87,woven,overshirt,205,Hyderabad,Tier-1,Prepaid,monsoon,2,6,2,1,2,34,40,2025-08-20,6,True,0.275,True,48,34,Medium (35-65),Low (0-35)
PO004380,2025-07-11,V09,Delhi NCR,False,0.86,woven,chinos,192,Coimbatore,Tier-2,COD,monsoon,4,6,2,1,3,35,44,2025-08-24,9,True,0.406,False,67,80,High (65-100),High (65-100)
PO000026,2025-07-12,V01,Tirupur,False,0.92,knit,sweatshirt,207,Chennai,Tier-1,COD,monsoon,3,1,7,1,2,21,27,2025-08-08,6,True,0.395,False,45,57,Medium (35-65),Medium (35-65)
PO000332,2025-07-12,V04,Tirupur,False,0.9,woven,overshirt,139,Vadodara,Tier-2,Prepaid,monsoon,1,1,1,0,2,35,40,2025-08-21,5,False,0.22,False,59,44,Medium (35-65),Medium (35-65)
PO000381,2025-07-12,V12,Bengaluru,True,0.78,knit,t-shirt,215,Madurai,Tier-3,COD,monsoon,3,2,1,4,1,24,31,2025-08-12,7,True,0.569,True,83,99,High (65-100),High (65-100)
PO000586,2025-07-12,V06,Bengaluru,False,0.89,knit,t-shirt,190,Kolkata,Tier-1,Prepaid,monsoon,1,2,1,2,3,21,24,2025-08-05,3,False,0.26,False,28,28,Low (0-35),Low (0-35)
PO001004,2025-07-12,V04,Tirupur,False,0.9,knit,hoodie,50,Hyderabad,Tier-1,Prepaid,monsoon,1,2,2,2,3,21,25,2025-08-06,4,False,0.26,False,38,31,Medium (35-65),Low (0-35)
PO002773,2025-07-12,V01,Tirupur,False,0.92,woven,denim-jacket,295,Pune,Tier-2,COD,monsoon,0,1,1,2,1,35,48,2025-08-29,13,True,0.344,False,61,73,Medium (35-65),High (65-100)
PO003205,2025-07-12,V01,Tirupur,False,0.92,woven,shirt,291,Chandigarh,Tier-2,COD,monsoon,7,2,2,0,3,35,51,2025-09-01,16,True,0.406,False,73,83,High (65-100),High (65-100)
PO003434,2025-07-12,V12,Bengaluru,True,0.78,knit,sweatshirt,299,Dehradun,Tier-3,Prepaid,monsoon,4,3,1,3,1,24,30,2025-08-11,6,True,0.38,False,78,63,High (65-100),Medium (35-65)
PO004384,2025-07-12,V01,Tirupur,False,0.92,knit,sweatshirt,343,Vadodara,Tier-2,COD,monsoon,3,1,1,2,3,22,29,2025-08-10,7,True,0.406,False,51,68,Medium (35-65),High (65-100)
PO004396,2025-07-12,V04,Tirupur,False,0.9,knit,henley,210,Kochi,Tier-2,COD,monsoon,7,1,0,0,2,22,30,2025-08-11,8,True,0.344,True,45,58,Medium (35-65),Medium (35-65)
PO004739,2025-07-12,V01,Tirupur,False,0.92,knit,hoodie,132,Hyderabad,Tier-1,COD,monsoon,2,1,1,3,1,21,27,2025-08-08,6,True,0.344,False,34,43,Low (0-35),Medium (35-65)
PO000170,2025-07-13,V07,Ludhiana,False,0.87,woven,denim-jacket,185,Dehradun,Tier-3,COD,monsoon,6,0,4,0,1,37,40,2025-08-22,3,False,0.38,False,63,83,Medium (35-65),High (65-100)
PO001436,2025-07-13,V03,Tirupur,False,0.85,woven,shirt,246,Ranchi,Tier-3,Prepaid,monsoon,9,2,1,1,1,37,49,2025-08-31,12,True,0.33,False,70,58,High (65-100),Medium (35-65)
PO001474,2025-07-13,V02,Tirupur,False,0.88,knit,t-shirt,232,Jaipur,Tier-2,COD,monsoon,1,1,1,2,3,22,29,2025-08-11,7,True,0.406,False,45,68,Medium (35-65),High (65-100)
PO001830,2025-07-13,V02,Tirupur,False,0.88,knit,hoodie,215,Ranchi,Tier-3,COD,monsoon,2,1,0,0,3,24,26,2025-08-08,2,False,0.389,False,50,75,Medium (35-65),High (65-100)
PO001863,2025-07-13,V01,Tirupur,False,0.92,knit,sweatshirt,407,Dehradun,Tier-3,COD,monsoon,10,0,2,3,3,24,28,2025-08-10,4,False,0.389,False,64,82,Medium (35-65),High (65-100)
PO001905,2025-07-13,V01,Tirupur,False,0.92,knit,henley,234,Kolkata,Tier-1,COD,monsoon,2,10,0,2,2,21,25,2025-08-07,4,False,0.275,False,42,51,Medium (35-65),Medium (35-65)
PO002045,2025-07-13,V09,Delhi NCR,False,0.86,woven,denim-jacket,172,Jaipur,Tier-2,COD,monsoon,4,20,5,3,3,35,48,2025-08-30,13,True,0.466,False,72,86,High (65-100),High (65-100)
PO002279,2025-07-13,V01,Tirupur,False,0.92,woven,shirt,243,Chennai,Tier-1,COD,monsoon,1,17,1,1,2,34,52,2025-09-03,18,True,0.344,False,64,66,Medium (35-65),High (65-100)
PO002417,2025-07-13,V02,Tirupur,False,0.88,knit,t-shirt,115,Jaipur,Tier-2,COD,monsoon,2,1,1,0,2,22,26,2025-08-08,4,False,0.275,False,39,50,Medium (35-65),Medium (35-65)
PO002611,2025-07-13,V04,Tirupur,False,0.9,knit,hoodie,193,Delhi,Tier-1,COD,monsoon,4,1,1,1,2,21,24,2025-08-06,3,False,0.275,False,40,51,Medium (35-65),Medium (35-65)
PO002711,2025-07-13,V01,Tirupur,False,0.92,knit,polo,284,Mysuru,Tier-3,Prepaid,monsoon,2,3,0,0,2,24,25,2025-08-07,1,False,0.264,True,42,43,Medium (35-65),Medium (35-65)
PO003511,2025-07-13,V01,Tirupur,False,0.92,knit,sweatshirt,159,Hyderabad,Tier-1,Prepaid,monsoon,4,6,2,3,1,21,24,2025-08-06,3,False,0.22,False,46,29,Medium (35-65),Low (0-35)
PO004404,2025-07-13,V10,Delhi NCR,False,0.82,woven,chinos,53,Hyderabad,Tier-1,Prepaid,monsoon,1,8,4,5,1,34,43,2025-08-25,9,True,0.38,False,68,67,High (65-100),High (65-100)
PO004517,2025-07-13,V11,Tirupur,True,0.75,woven,chinos,267,Jaipur,Tier-2,COD,monsoon,4,1,1,6,1,35,67,2025-09-18,32,True,0.474,False,100,100,High (65-100),High (65-100)
PO004534,2025-07-13,V02,Tirupur,False,0.88,knit,henley,50,Ranchi,Tier-3,COD,monsoon,1,1,2,1,2,24,26,2025-08-08,2,False,0.33,False,44,65,Medium (35-65),Medium (35-65)
PO001543,2025-07-14,V04,Tirupur,False,0.9,knit,t-shirt,323,Kochi,Tier-2,COD,monsoon,1,1,1,1,1,22,24,2025-08-07,2,False,0.275,False,39,50,Medium (35-65),Medium (35-65)
PO002123,2025-07-14,V01,Tirupur,False,0.92,knit,t-shirt,172,Kolkata,Tier-1,Prepaid,monsoon,1,7,3,5,3,21,27,2025-08-10,6,True,0.448,False,54,59,Medium (35-65),Medium (35-65)
PO002196,2025-07-14,V04,Tirupur,False,0.9,knit,sweatshirt,159,Lucknow,Tier-2,COD,monsoon,2,2,6,1,1,22,29,2025-08-12,7,True,0.395,False,44,64,Medium (35-65),Medium (35-65)
PO002203,2025-07-14,V05,Bengaluru,False,0.93,knit,henley,207,Kochi,Tier-2,Prepaid,monsoon,8,1,0,0,3,22,26,2025-08-09,4,False,0.26,False,39,35,Medium (35-65),Low (0-35)
PO002310,2025-07-14,V06,Bengaluru,False,0.89,knit,hoodie,298,Jodhpur,Tier-3,Prepaid,monsoon,4,11,2,0,3,24,36,2025-08-19,12,True,0.389,True,52,50,Medium (35-65),Medium (35-65)
PO002662,2025-07-14,V05,Bengaluru,False,0.93,knit,t-shirt,152,Hyderabad,Tier-1,COD,monsoon,1,1,1,1,2,21,23,2025-08-06,2,False,0.275,False,24,40,Low (0-35),Medium (35-65)
PO002672,2025-07-14,V02,Tirupur,False,0.88,knit,t-shirt,165,Ranchi,Tier-3,COD,monsoon,3,3,2,1,1,24,26,2025-08-09,2,False,0.33,True,50,65,Medium (35-65),Medium (35-65)
PO002888,2025-07-14,V05,Bengaluru,False,0.93,knit,t-shirt,308,Chandigarh,Tier-2,COD,monsoon,9,8,1,0,2,22,32,2025-08-15,10,True,0.344,False,43,55,Medium (35-65),Medium (35-65)
PO003183,2025-07-14,V04,Tirupur,False,0.9,knit,sweatshirt,141,Dehradun,Tier-3,Prepaid,monsoon,5,1,1,1,2,24,29,2025-08-12,5,False,0.264,True,48,43,Medium (35-65),Medium (35-65)
PO003224,2025-07-14,V02,Tirupur,False,0.88,knit,polo,305,Kolkata,Tier-1,COD,monsoon,1,3,1,1,2,21,22,2025-08-05,1,False,0.275,False,34,43,Low (0-35),Medium (35-65)
PO004025,2025-07-14,V05,Bengaluru,False,0.93,woven,trouser,278,Chandigarh,Tier-2,Prepaid,monsoon,4,4,2,1,1,35,45,2025-08-28,10,True,0.275,False,55,41,Medium (35-65),Medium (35-65)
PO004588,2025-07-14,V01,Tirupur,False,0.92,knit,henley,209,Pune,Tier-2,COD,monsoon,9,2,0,0,1,22,30,2025-08-13,8,True,0.344,True,45,58,Medium (35-65),Medium (35-65)
PO000454,2025-07-15,V01,Tirupur,False,0.92,woven,chinos,202,Mumbai,Tier-1,COD,monsoon,2,1,3,0,3,34,41,2025-08-25,7,True,0.466,True,67,82,High (65-100),High (65-100)
PO000796,2025-07-15,V04,Tirupur,False,0.9,woven,shirt,301,Vadodara,Tier-2,COD,monsoon,4,2,1,0,1,35,45,2025-08-29,10,True,0.344,True,67,73,High (65-100),High (65-100)
PO000842,2025-07-15,V03,Tirupur,False,0.85,knit,t-shirt,279,Mumbai,Tier-1,COD,monsoon,4,0,1,0,2,21,26,2025-08-10,5,False,0.275,False,40,51,Medium (35-65),Medium (35-65)
PO000949,2025-07-15,V09,Delhi NCR,False,0.86,knit,t-shirt,268,Hyderabad,Tier-1,COD,monsoon,1,3,2,3,2,21,23,2025-08-07,2,False,0.275,False,20,40,Low (0-35),Medium (35-65)
PO001508,2025-07-15,V02,Tirupur,False,0.88,knit,polo,248,Bengaluru,Tier-1,COD,monsoon,2,0,0,2,3,21,26,2025-08-10,5,False,0.325,False,40,61,Medium (35-65),Medium (35-65)
PO002372,2025-07-15,V02,Tirupur,False,0.88,knit,polo,134,Lucknow,Tier-2,COD,monsoon,12,1,2,1,1,22,27,2025-08-11,5,False,0.275,True,45,58,Medium (35-65),Medium (35-65)
PO002561,2025-07-15,V01,Tirupur,False,0.92,knit,polo,158,Vijayawada,Tier-3,COD,monsoon,3,1,1,0,1,24,30,2025-08-14,6,True,0.413,False,50,65,Medium (35-65),Medium (35-65)
PO002632,2025-07-15,V07,Ludhiana,False,0.87,knit,polo,224,Chennai,Tier-1,Prepaid,monsoon,1,1,0,2,1,21,25,2025-08-09,4,False,0.22,True,18,18,Low (0-35),Low (0-35)
PO003085,2025-07-15,V05,Bengaluru,False,0.93,knit,sweatshirt,143,Vadodara,Tier-2,COD,monsoon,3,6,3,2,2,22,30,2025-08-14,8,True,0.395,False,48,61,Medium (35-65),Medium (35-65)
PO003292,2025-07-15,V05,Bengaluru,False,0.93,knit,henley,223,Vadodara,Tier-2,COD,monsoon,1,1,2,4,1,22,22,2025-08-06,0,False,0.33,True,32,61,Low (0-35),Medium (35-65)
PO003525,2025-07-15,V01,Tirupur,False,0.92,knit,hoodie,255,Nagpur,Tier-3,Prepaid,monsoon,1,2,4,1,3,24,31,2025-08-15,7,True,0.448,False,53,59,Medium (35-65),Medium (35-65)
PO003723,2025-07-15,V02,Tirupur,False,0.88,woven,chinos,346,Pune,Tier-2,COD,monsoon,0,0,2,2,1,35,43,2025-08-27,8,True,0.344,False,61,73,Medium (35-65),High (65-100)
PO003987,2025-07-15,V03,Tirupur,False,0.85,knit,hoodie,209,Hyderabad,Tier-1,Prepaid,monsoon,5,0,1,1,3,21,25,2025-08-09,4,False,0.26,False,44,39,Medium (35-65),Medium (35-65)
PO004090,2025-07-15,V04,Tirupur,False,0.9,knit,sweatshirt,299,Dehradun,Tier-3,Prepaid,monsoon,1,3,2,2,1,24,28,2025-08-12,4,False,0.264,False,42,43,Medium (35-65),Medium (35-65)
PO001066,2025-07-16,V08,Ludhiana,False,0.84,woven,denim-jacket,222,Kolkata,Tier-1,COD,monsoon,3,5,1,2,3,34,48,2025-09-02,14,True,0.406,True,74,79,High (65-100),High (65-100)
PO001814,2025-07-16,V01,Tirupur,False,0.92,knit,henley,224,Vadodara,Tier-2,COD,monsoon,1,2,0,0,3,22,29,2025-08-14,7,True,0.406,True,45,68,Medium (35-65),High (65-100)
PO002138,2025-07-16,V07,Ludhiana,False,0.87,woven,denim-jacket,174,Bhubaneswar,Tier-3,COD,monsoon,1,7,1,3,2,37,45,2025-08-30,8,True,0.413,False,60,77,Medium (35-65),High (65-100)
PO002148,2025-07-16,V06,Bengaluru,False,0.89,knit,sweatshirt,140,Chennai,Tier-1,COD,monsoon,5,0,1,1,1,21,22,2025-08-07,1,False,0.275,False,30,40,Low (0-35),Medium (35-65)
PO002634,2025-07-16,V03,Tirupur,False,0.85,knit,sweatshirt,153,Indore,Tier-2,COD,monsoon,3,1,1,1,2,22,26,2025-08-11,4,False,0.275,False,45,58,Medium (35-65),Medium (35-65)
PO003381,2025-07-16,V06,Bengaluru,False,0.89,knit,hoodie,188,Chennai,Tier-1,COD,monsoon,0,1,1,1,1,21,24,2025-08-09,3,False,0.275,True,24,40,Low (0-35),Medium (35-65)
PO003451,2025-07-16,V03,Tirupur,False,0.85,knit,t-shirt,155,Hyderabad,Tier-1,COD,monsoon,0,2,2,1,2,21,31,2025-08-16,10,True,0.344,True,34,43,Low (0-35),Medium (35-65)
PO000012,2025-07-17,V05,Bengaluru,False,0.93,woven,overshirt,115,Jaipur,Tier-2,COD,monsoon,3,1,4,1,1,35,47,2025-09-02,12,True,0.395,True,62,76,Medium (35-65),High (65-100)
PO000351,2025-07-17,V01,Tirupur,False,0.92,knit,sweatshirt,233,Surat,Tier-2,Prepaid,monsoon,1,3,1,0,2,22,27,2025-08-13,5,False,0.22,False,37,28,Medium (35-65),Low (0-35)
PO000713,2025-07-17,V04,Tirupur,False,0.9,knit,henley,196,Dehradun,Tier-3,Prepaid,monsoon,2,2,1,3,1,24,30,2025-08-16,6,True,0.33,False,42,43,Medium (35-65),Medium (35-65)
PO001110,2025-07-17,V03,Tirupur,False,0.85,knit,sweatshirt,334,Bengaluru,Tier-1,Prepaid,monsoon,15,2,1,0,1,21,26,2025-08-12,5,False,0.22,False,38,21,Medium (35-65),Low (0-35)
PO001688,2025-07-17,V01,Tirupur,False,0.92,knit,t-shirt,242,Tiruchirappalli,Tier-3,COD,monsoon,2,2,1,1,2,24,31,2025-08-17,7,True,0.413,False,44,65,Medium (35-65),Medium (35-65)
PO002200,2025-07-17,V02,Tirupur,False,0.88,woven,trouser,214,Dehradun,Tier-3,Prepaid,monsoon,1,4,1,3,1,37,51,2025-09-06,14,True,0.33,False,64,58,Medium (35-65),Medium (35-65)
PO002272,2025-07-17,V06,Bengaluru,False,0.89,woven,overshirt,228,Jaipur,Tier-2,Prepaid,monsoon,5,3,3,1,2,35,52,2025-09-07,17,True,0.316,False,60,54,Medium (35-65),Medium (35-65)
PO003302,2025-07-17,V05,Bengaluru,False,0.93,knit,t-shirt,326,Mysuru,Tier-3,Prepaid,monsoon,3,2,2,1,2,24,30,2025-08-16,6,True,0.33,True,38,32,Medium (35-65),Low (0-35)
PO003402,2025-07-17,V02,Tirupur,False,0.88,knit,polo,267,Kochi,Tier-2,COD,monsoon,1,6,4,1,1,22,26,2025-08-12,4,False,0.316,False,52,64,Medium (35-65),Medium (35-65)
PO003590,2025-07-17,V09,Delhi NCR,False,0.86,knit,polo,155,Jodhpur,Tier-3,Prepaid,monsoon,0,1,1,4,1,24,27,2025-08-13,3,False,0.317,True,31,46,Low (0-35),Medium (35-65)
PO003726,2025-07-17,V07,Ludhiana,False,0.87,knit,henley,117,Kolkata,Tier-1,Prepaid,monsoon,1,0,1,1,2,21,22,2025-08-08,1,False,0.22,False,18,18,Low (0-35),Low (0-35)
PO004150,2025-07-17,V02,Tirupur,False,0.88,knit,polo,166,Mysuru,Tier-3,COD,monsoon,3,2,1,1,1,24,29,2025-08-15,5,False,0.33,True,50,65,Medium (35-65),Medium (35-65)
PO000016,2025-07-18,V05,Bengaluru,False,0.93,knit,t-shirt,132,Vijayawada,Tier-3,Prepaid,monsoon,0,1,3,0,2,24,27,2025-08-14,3,False,0.304,False,37,38,Medium (35-65),Medium (35-65)
PO000553,2025-07-18,V01,Tirupur,False,0.92,woven,denim-jacket,200,Ahmedabad,Tier-2,COD,monsoon,2,1,1,4,1,35,50,2025-09-06,15,True,0.412,True,64,87,Medium (35-65),High (65-100)
PO001129,2025-07-18,V01,Tirupur,False,0.92,knit,sweatshirt,226,Bengaluru,Tier-1,Prepaid,monsoon,6,1,2,0,1,21,26,2025-08-13,5,False,0.22,False,38,21,Medium (35-65),Low (0-35)
PO001354,2025-07-18,V01,Tirupur,False,0.92,knit,sweatshirt,262,Mumbai,Tier-1,Prepaid,monsoon,2,0,3,0,1,21,22,2025-08-09,1,False,0.253,False,37,27,Medium (35-65),Low (0-35)
PO001372,2025-07-18,V05,Bengaluru,False,0.93,woven,shirt,272,Mumbai,Tier-1,Prepaid,monsoon,3,5,2,2,1,34,43,2025-08-30,9,True,0.275,True,58,34,Medium (35-65),Low (0-35)
PO003197,2025-07-18,V04,Tirupur,False,0.9,knit,polo,154,Ranchi,Tier-3,Prepaid,monsoon,4,2,3,2,1,24,29,2025-08-16,5,False,0.304,False,53,49,Medium (35-65),Medium (35-65)
PO003372,2025-07-18,V10,Delhi NCR,False,0.82,woven,denim-jacket,50,Patna,Tier-3,Prepaid,monsoon,1,6,1,1,1,37,45,2025-09-01,8,True,0.33,True,70,61,High (65-100),Medium (35-65)
PO003444,2025-07-18,V03,Tirupur,False,0.85,knit,polo,176,Bhubaneswar,Tier-3,Prepaid,monsoon,1,5,0,0,1,24,29,2025-08-16,5,False,0.264,False,50,43,Medium (35-65),Medium (35-65)
PO004637,2025-07-18,V06,Bengaluru,False,0.89,knit,hoodie,208,Dehradun,Tier-3,COD,monsoon,0,3,3,0,1,24,28,2025-08-15,4,False,0.38,False,39,60,Medium (35-65),Medium (35-65)
PO004898,2025-07-18,V06,Bengaluru,False,0.89,knit,sweatshirt,213,Chennai,Tier-1,COD,monsoon,1,1,1,1,1,21,21,2025-08-08,0,False,0.275,False,24,40,Low (0-35),Medium (35-65)
PO000015,2025-07-19,V03,Tirupur,False,0.85,knit,sweatshirt,201,Mumbai,Tier-1,Prepaid,monsoon,7,1,10,0,2,21,26,2025-08-14,5,False,0.253,False,43,35,Medium (35-65),Low (0-35)
PO001002,2025-07-19,V01,Tirupur,False,0.92,woven,chinos,196,Jodhpur,Tier-3,COD,monsoon,2,1,2,1,2,37,50,2025-09-07,13,True,0.413,True,66,80,High (65-100),High (65-100)
PO001838,2025-07-19,V01,Tirupur,False,0.92,woven,shirt,190,Coimbatore,Tier-2,COD,monsoon,4,3,2,3,1,35,46,2025-09-03,11,True,0.344,True,67,73,High (65-100),High (65-100)
PO001934,2025-07-19,V05,Bengaluru,False,0.93,knit,henley,229,Nagpur,Tier-3,Prepaid,monsoon,1,0,2,0,1,24,23,2025-08-11,-1,False,0.264,False,32,32,Low (0-35),Low (0-35)
PO001955,2025-07-19,V01,Tirupur,False,0.92,knit,sweatshirt,50,Hyderabad,Tier-1,COD,monsoon,0,5,1,2,3,21,26,2025-08-14,5,False,0.325,False,48,61,Medium (35-65),Medium (35-65)
PO001958,2025-07-19,V01,Tirupur,False,0.92,knit,sweatshirt,95,Coimbatore,Tier-2,Prepaid,monsoon,1,1,1,0,3,22,26,2025-08-14,4,False,0.26,False,43,46,Medium (35-65),Medium (35-65)
PO002005,2025-07-19,V05,Bengaluru,False,0.93,knit,hoodie,259,Vijayawada,Tier-3,Prepaid,monsoon,2,0,5,0,2,24,24,2025-08-12,0,False,0.304,True,37,38,Medium (35-65),Medium (35-65)
PO003452,2025-07-19,V01,Tirupur,False,0.92,knit,polo,85,Surat,Tier-2,COD,monsoon,11,3,0,2,1,22,32,2025-08-20,10,True,0.344,False,45,58,Medium (35-65),Medium (35-65)
PO003767,2025-07-19,V01,Tirupur,False,0.92,knit,henley,168,Jaipur,Tier-2,COD,monsoon,2,2,5,0,1,22,29,2025-08-17,7,True,0.395,False,44,64,Medium (35-65),Medium (35-65)
PO003873,2025-07-19,V01,Tirupur,False,0.92,knit,sweatshirt,50,Mysuru,Tier-3,COD,monsoon,3,2,1,3,3,24,28,2025-08-16,4,False,0.389,False,56,75,Medium (35-65),High (65-100)
PO004091,2025-07-19,V02,Tirupur,False,0.88,knit,t-shirt,157,Vadodara,Tier-2,Prepaid,monsoon,7,2,0,0,1,22,28,2025-08-16,6,True,0.275,False,43,36,Medium (35-65),Medium (35-65)
PO004437,2025-07-19,V05,Bengaluru,False,0.93,knit,polo,274,Dehradun,Tier-3,COD,monsoon,4,0,2,1,1,24,28,2025-08-16,4,False,0.33,False,40,62,Medium (35-65),Medium (35-65)
PO004806,2025-07-19,V05,Bengaluru,False,0.93,knit,hoodie,325,Indore,Tier-2,COD,monsoon,11,1,1,3,2,22,26,2025-08-14,4,False,0.275,False,35,47,Low (0-35),Medium (35-65)
PO000097,2025-07-20,V01,Tirupur,False,0.92,knit,sweatshirt,225,Chandigarh,Tier-2,Prepaid,monsoon,2,2,1,1,2,22,28,2025-08-17,6,True,0.275,True,37,28,Medium (35-65),Low (0-35)
PO000419,2025-07-20,V02,Tirupur,False,0.88,knit,polo,290,Kochi,Tier-2,Prepaid,monsoon,1,2,2,2,1,22,22,2025-08-11,0,False,0.22,False,37,28,Medium (35-65),Low (0-35)
PO001353,2025-07-20,V02,Tirupur,False,0.88,knit,henley,249,Bengaluru,Tier-1,COD,monsoon,5,1,1,1,3,21,21,2025-08-10,0,False,0.325,True,46,61,Medium (35-65),Medium (35-65)
PO001791,2025-07-20,V02,Tirupur,False,0.88,knit,henley,101,Bengaluru,Tier-1,Prepaid,monsoon,8,6,1,1,3,21,26,2025-08-15,5,False,0.26,False,52,39,Medium (35-65),Medium (35-65)
PO002425,2025-07-20,V05,Bengaluru,False,0.93,knit,hoodie,138,Guwahati,Tier-3,Prepaid,monsoon,1,2,1,1,1,24,26,2025-08-15,2,False,0.264,False,32,32,Low (0-35),Low (0-35)
PO002563,2025-07-20,V01,Tirupur,False,0.92,woven,shirt,344,Coimbatore,Tier-2,Prepaid,monsoon,3,1,4,3,1,35,52,2025-09-10,17,True,0.316,False,70,57,High (65-100),Medium (35-65)
PO003174,2025-07-20,V04,Tirupur,False,0.9,knit,sweatshirt,76,Chandigarh,Tier-2,COD,monsoon,7,4,2,1,1,22,27,2025-08-16,5,False,0.275,False,45,58,Medium (35-65),Medium (35-65)
PO003236,2025-07-20,V02,Tirupur,False,0.88,knit,henley,242,Dehradun,Tier-3,COD,monsoon,1,1,0,3,1,24,29,2025-08-18,5,False,0.33,True,44,65,Medium (35-65),Medium (35-65)
PO003802,2025-07-20,V10,Delhi NCR,False,0.82,knit,t-shirt,146,Surat,Tier-2,COD,monsoon,0,3,2,3,1,22,25,2025-08-14,3,False,0.275,True,37,53,Medium (35-65),Medium (35-65)
PO003865,2025-07-20,V06,Bengaluru,False,0.89,knit,polo,211,Coimbatore,Tier-2,Prepaid,monsoon,2,1,1,1,1,22,24,2025-08-13,2,False,0.22,False,27,25,Low (0-35),Low (0-35)
PO004078,2025-07-20,V09,Delhi NCR,False,0.86,woven,trouser,277,Patna,Tier-3,Prepaid,monsoon,12,2,0,3,1,37,45,2025-09-03,8,True,0.33,False,56,48,Medium (35-65),Medium (35-65)
PO004181,2025-07-20,V01,Tirupur,False,0.92,woven,chinos,199,Nagpur,Tier-3,COD,monsoon,9,12,1,0,1,37,57,2025-09-15,20,True,0.413,False,80,80,High (65-100),High (65-100)
PO000238,2025-07-21,V01,Tirupur,False,0.92,knit,polo,169,Kolkata,Tier-1,Prepaid,monsoon,1,0,1,2,1,21,27,2025-08-17,6,True,0.275,True,32,21,Low (0-35),Low (0-35)
PO001554,2025-07-21,V09,Delhi NCR,False,0.86,woven,chinos,377,Chennai,Tier-1,COD,monsoon,2,4,1,2,3,34,47,2025-09-06,13,True,0.406,False,56,66,Medium (35-65),High (65-100)
PO001748,2025-07-21,V08,Ludhiana,False,0.84,woven,overshirt,125,Tiruchirappalli,Tier-3,COD,monsoon,3,4,1,1,1,37,53,2025-09-12,16,True,0.413,False,70,83,High (65-100),High (65-100)
PO002405,2025-07-21,V09,Delhi NCR,False,0.86,woven,shirt,128,Bengaluru,Tier-1,COD,monsoon,4,2,1,1,3,34,46,2025-09-05,12,True,0.406,False,54,66,Medium (35-65),High (65-100)
PO002897,2025-07-21,V12,Bengaluru,True,0.78,knit,t-shirt,192,Chennai,Tier-1,Prepaid,monsoon,3,1,0,2,2,21,30,2025-08-20,9,True,0.316,False,68,49,High (65-100),Medium (35-65)
PO003112,2025-07-21,V01,Tirupur,False,0.92,knit,henley,191,Kolkata,Tier-1,COD,monsoon,2,2,1,1,2,21,25,2025-08-15,4,False,0.275,False,34,43,Low (0-35),Medium (35-65)
PO003739,2025-07-21,V02,Tirupur,False,0.88,woven,overshirt,50,Patna,Tier-3,Prepaid,monsoon,4,3,1,0,3,37,52,2025-09-11,15,True,0.389,False,76,68,High (65-100),High (65-100)
PO004000,2025-07-21,V09,Delhi NCR,False,0.86,woven,denim-jacket,134,Nagpur,Tier-3,COD,monsoon,1,4,2,2,3,37,47,2025-09-06,10,True,0.487,False,58,80,Medium (35-65),High (65-100)
PO004113,2025-07-21,V05,Bengaluru,False,0.93,knit,hoodie,241,Bhubaneswar,Tier-3,COD,monsoon,10,1,1,0,2,24,30,2025-08-20,6,True,0.413,False,40,62,Medium (35-65),Medium (35-65)
PO004775,2025-07-21,V05,Bengaluru,False,0.93,knit,t-shirt,50,Raipur,Tier-3,Prepaid,monsoon,2,5,1,1,1,24,28,2025-08-18,4,False,0.264,False,40,40,Medium (35-65),Medium (35-65)
PO004796,2025-07-21,V06,Bengaluru,False,0.89,knit,hoodie,182,Bengaluru,Tier-1,COD,monsoon,2,3,1,2,2,21,24,2025-08-14,3,False,0.275,False,24,40,Low (0-35),Medium (35-65)
PO000085,2025-07-22,V10,Delhi NCR,False,0.82,woven,trouser,179,Chandigarh,Tier-2,COD,monsoon,5,7,0,2,1,35,52,2025-09-12,17,True,0.344,True,73,76,High (65-100),High (65-100)
PO000211,2025-07-22,V03,Tirupur,False,0.85,knit,t-shirt,356,Jaipur,Tier-2,COD,monsoon,1,0,4,1,1,22,29,2025-08-20,7,True,0.395,False,52,64,Medium (35-65),Medium (35-65)
PO000379,2025-07-22,V05,Bengaluru,False,0.93,knit,henley,219,Lucknow,Tier-2,Prepaid,monsoon,8,1,1,3,1,22,25,2025-08-16,3,False,0.22,False,33,25,Low (0-35),Low (0-35)
PO001088,2025-07-22,V07,Ludhiana,False,0.87,knit,polo,166,Kochi,Tier-2,COD,monsoon,2,1,1,1,2,22,23,2025-08-14,1,False,0.275,False,25,47,Low (0-35),Medium (35-65)
PO001352,2025-07-22,V12,Bengaluru,True,0.78,knit,hoodie,313,Chennai,Tier-1,COD,monsoon,6,2,5,4,1,21,25,2025-08-16,4,False,0.436,True,78,91,High (65-100),High (65-100)
PO001951,2025-07-22,V01,Tirupur,False,0.92,knit,t-shirt,276,Delhi,Tier-1,Prepaid,monsoon,2,3,0,2,1,21,24,2025-08-15,3,False,0.22,False,32,21,Low (0-35),Low (0-35)
PO002589,2025-07-22,V02,Tirupur,False,0.88,knit,t-shirt,135,Hyderabad,Tier-1,COD,monsoon,3,10,1,0,1,21,26,2025-08-17,5,False,0.275,False,48,51,Medium (35-65),Medium (35-65)
PO003053,2025-07-22,V05,Bengaluru,False,0.93,knit,sweatshirt,305,Chennai,Tier-1,COD,monsoon,1,2,0,3,2,21,27,2025-08-18,6,True,0.344,False,24,40,Low (0-35),Medium (35-65)
PO003199,2025-07-22,V07,Ludhiana,False,0.87,knit,polo,193,Vijayawada,Tier-3,COD,monsoon,1,2,3,4,3,24,26,2025-08-17,2,False,0.537,True,44,92,Medium (35-65),High (65-100)
PO003400,2025-07-22,V06,Bengaluru,False,0.89,knit,hoodie,205,Ahmedabad,Tier-2,Prepaid,monsoon,2,0,0,2,1,22,25,2025-08-16,3,False,0.22,False,27,25,Low (0-35),Low (0-35)
PO003536,2025-07-22,V06,Bengaluru,False,0.89,knit,henley,212,Lucknow,Tier-2,Prepaid,monsoon,4,0,1,0,2,22,28,2025-08-19,6,True,0.275,False,33,25,Low (0-35),Low (0-35)
PO003552,2025-07-22,V01,Tirupur,False,0.92,knit,hoodie,202,Raipur,Tier-3,COD,monsoon,2,9,1,2,2,24,31,2025-08-22,7,True,0.413,True,52,65,Medium (35-65),Medium (35-65)
PO003772,2025-07-22,V09,Delhi NCR,False,0.86,woven,shirt,139,Guwahati,Tier-3,Prepaid,monsoon,0,7,1,3,1,37,39,2025-08-30,2,False,0.264,False,58,48,Medium (35-65),Medium (35-65)
PO004065,2025-07-22,V07,Ludhiana,False,0.87,knit,sweatshirt,234,Delhi,Tier-1,Prepaid,monsoon,2,3,1,0,2,21,22,2025-08-13,1,False,0.22,False,18,18,Low (0-35),Low (0-35)
PO004134,2025-07-22,V07,Ludhiana,False,0.87,knit,t-shirt,228,Coimbatore,Tier-2,COD,monsoon,1,2,0,1,2,22,21,2025-08-12,-1,False,0.275,True,25,47,Low (0-35),Medium (35-65)
PO004136,2025-07-22,V01,Tirupur,False,0.92,knit,henley,210,Kolkata,Tier-1,Prepaid,monsoon,1,5,0,3,2,21,27,2025-08-18,6,True,0.275,False,40,29,Medium (35-65),Low (0-35)
PO004326,2025-07-22,V07,Ludhiana,False,0.87,knit,sweatshirt,181,Dehradun,Tier-3,COD,monsoon,1,1,2,2,2,24,30,2025-08-21,6,True,0.413,True,30,54,Low (0-35),Medium (35-65)
PO000136,2025-07-23,V11,Tirupur,True,0.75,woven,denim-jacket,182,Delhi,Tier-1,COD,monsoon,2,3,1,5,3,34,65,2025-09-26,31,True,0.56,False,100,100,High (65-100),High (65-100)
PO000536,2025-07-23,V04,Tirupur,False,0.9,knit,sweatshirt,149,Surat,Tier-2,COD,monsoon,1,9,1,1,1,22,30,2025-08-22,8,True,0.344,False,47,58,Medium (35-65),Medium (35-65)
PO000544,2025-07-23,V02,Tirupur,False,0.88,knit,sweatshirt,177,Surat,Tier-2,COD,monsoon,5,1,1,2,2,22,29,2025-08-21,7,True,0.344,False,45,58,Medium (35-65),Medium (35-65)
PO000632,2025-07-23,V01,Tirupur,False,0.92,knit,sweatshirt,144,Patna,Tier-3,Prepaid,monsoon,5,1,2,1,1,24,27,2025-08-19,3,False,0.264,False,48,43,Medium (35-65),Medium (35-65)
PO001003,2025-07-23,V01,Tirupur,False,0.92,knit,hoodie,421,Delhi,Tier-1,COD,monsoon,0,3,9,2,1,21,25,2025-08-17,4,False,0.316,False,47,57,Medium (35-65),Medium (35-65)
PO001538,2025-07-23,V02,Tirupur,False,0.88,woven,shirt,227,Ahmedabad,Tier-2,COD,monsoon,1,6,2,1,1,35,43,2025-09-04,8,True,0.344,False,69,73,High (65-100),High (65-100)
PO001707,2025-07-23,V01,Tirupur,False,0.92,knit,sweatshirt,144,Jaipur,Tier-2,COD,monsoon,4,1,1,1,1,22,28,2025-08-20,6,True,0.344,False,45,58,Medium (35-65),Medium (35-65)
PO001716,2025-07-23,V01,Tirupur,False,0.92,woven,shirt,273,Lucknow,Tier-2,Prepaid,monsoon,2,3,0,2,1,35,48,2025-09-09,13,True,0.275,False,59,44,Medium (35-65),Medium (35-65)
PO002811,2025-07-23,V01,Tirupur,False,0.92,knit,henley,58,Madurai,Tier-3,COD,monsoon,3,2,1,3,3,24,34,2025-08-26,10,True,0.487,True,56,75,Medium (35-65),High (65-100)
PO003182,2025-07-23,V02,Tirupur,False,0.88,knit,henley,360,Kochi,Tier-2,Prepaid,monsoon,6,1,3,2,1,22,28,2025-08-20,6,True,0.316,False,56,42,Medium (35-65),Medium (35-65)
PO003338,2025-07-23,V01,Tirupur,False,0.92,knit,polo,165,Delhi,Tier-1,COD,monsoon,0,1,1,3,1,21,25,2025-08-17,4,False,0.275,True,34,43,Low (0-35),Medium (35-65)
PO003463,2025-07-23,V01,Tirupur,False,0.92,knit,polo,71,Delhi,Tier-1,Prepaid,monsoon,1,1,1,1,2,21,24,2025-08-16,3,False,0.22,False,32,21,Low (0-35),Low (0-35)
PO003509,2025-07-23,V05,Bengaluru,False,0.93,knit,t-shirt,70,Bengaluru,Tier-1,COD,monsoon,2,5,2,1,1,21,25,2025-08-17,4,False,0.275,True,32,40,Low (0-35),Medium (35-65)
PO004257,2025-07-23,V05,Bengaluru,False,0.93,knit,t-shirt,240,Surat,Tier-2,COD,monsoon,1,1,3,0,1,22,27,2025-08-19,5,False,0.316,True,34,53,Low (0-35),Medium (35-65)
PO004414,2025-07-23,V02,Tirupur,False,0.88,knit,hoodie,242,Surat,Tier-2,COD,monsoon,1,5,0,1,2,22,24,2025-08-16,2,False,0.275,True,47,58,Medium (35-65),Medium (35-65)
PO004744,2025-07-23,V05,Bengaluru,False,0.93,knit,henley,372,Ranchi,Tier-3,COD,monsoon,2,7,2,2,1,24,28,2025-08-20,4,False,0.33,False,50,62,Medium (35-65),Medium (35-65)
PO004793,2025-07-23,V02,Tirupur,False,0.88,knit,sweatshirt,75,Mysuru,Tier-3,COD,monsoon,15,0,2,0,1,24,33,2025-08-25,9,True,0.413,True,50,65,Medium (35-65),Medium (35-65)
PO000201,2025-07-24,V10,Delhi NCR,False,0.82,woven,trouser,287,Kochi,Tier-2,Prepaid,monsoon,1,1,1,3,1,35,45,2025-09-07,10,True,0.275,True,57,47,Medium (35-65),Medium (35-65)
PO000465,2025-07-24,V05,Bengaluru,False,0.93,knit,sweatshirt,164,Lucknow,Tier-2,COD,monsoon,11,1,7,0,1,22,30,2025-08-23,8,True,0.395,False,40,61,Medium (35-65),Medium (35-65)
PO000758,2025-07-24,V04,Tirupur,False,0.9,knit,polo,166,Chennai,Tier-1,COD,monsoon,12,1,2,1,1,21,26,2025-08-19,5,False,0.275,False,40,51,Medium (35-65),Medium (35-65)
PO001044,2025-07-24,V03,Tirupur,False,0.85,knit,henley,454,Raipur,Tier-3,Prepaid,monsoon,6,3,1,0,2,24,29,2025-08-22,5,False,0.264,False,56,43,Medium (35-65),Medium (35-65)
PO001178,2025-07-24,V01,Tirupur,False,0.92,woven,trouser,202,Dehradun,Tier-3,COD,monsoon,1,12,2,1,1,37,50,2025-09-12,13,True,0.413,False,74,80,High (65-100),High (65-100)
PO001343,2025-07-24,V01,Tirupur,False,0.92,knit,henley,315,Kolkata,Tier-1,COD,monsoon,2,1,8,5,2,21,27,2025-08-20,6,True,0.474,True,42,71,Medium (35-65),High (65-100)
PO001408,2025-07-24,V02,Tirupur,False,0.88,knit,henley,258,Mumbai,Tier-1,Prepaid,monsoon,1,0,2,0,1,21,21,2025-08-14,0,False,0.22,False,32,21,Low (0-35),Low (0-35)
PO001823,2025-07-24,V01,Tirupur,False,0.92,knit,t-shirt,123,Guwahati,Tier-3,Prepaid,monsoon,4,4,2,2,1,24,30,2025-08-23,6,True,0.33,False,48,43,Medium (35-65),Medium (35-65)
PO002246,2025-07-24,V05,Bengaluru,False,0.93,knit,t-shirt,226,Madurai,Tier-3,COD,monsoon,3,1,1,3,1,24,26,2025-08-19,2,False,0.33,True,40,62,Medium (35-65),Medium (35-65)
PO002294,2025-07-24,V11,Tirupur,True,0.75,knit,polo,191,Jodhpur,Tier-3,Prepaid,monsoon,1,2,1,6,1,24,36,2025-08-29,12,True,0.455,True,89,82,High (65-100),High (65-100)
PO003149,2025-07-24,V07,Ludhiana,False,0.87,knit,t-shirt,229,Lucknow,Tier-2,Prepaid,monsoon,2,1,3,2,2,22,28,2025-08-21,6,True,0.316,False,28,31,Low (0-35),Low (0-35)
PO000038,2025-07-25,V01,Tirupur,False,0.92,knit,hoodie,241,Coimbatore,Tier-2,Prepaid,monsoon,5,3,1,1,1,22,25,2025-08-19,3,False,0.22,False,43,36,Medium (35-65),Medium (35-65)
PO000178,2025-07-25,V02,Tirupur,False,0.88,knit,polo,297,Nagpur,Tier-3,COD,monsoon,4,1,3,1,2,24,30,2025-08-24,6,True,0.474,True,55,71,Medium (35-65),High (65-100)
PO000667,2025-07-25,V06,Bengaluru,False,0.89,knit,henley,145,Pune,Tier-2,COD,monsoon,2,1,6,0,3,22,25,2025-08-19,3,False,0.373,True,40,71,Medium (35-65),High (65-100)
PO000811,2025-07-25,V08,Ludhiana,False,0.84,woven,shirt,433,Jodhpur,Tier-3,Prepaid,monsoon,3,4,4,5,1,37,46,2025-09-09,9,True,0.455,False,84,81,High (65-100),High (65-100)
PO000873,2025-07-25,V02,Tirupur,False,0.88,knit,hoodie,236,Coimbatore,Tier-2,COD,monsoon,1,2,5,4,2,22,29,2025-08-23,7,True,0.474,True,47,78,Medium (35-65),High (65-100)
PO001145,2025-07-25,V02,Tirupur,False,0.88,knit,hoodie,202,Guwahati,Tier-3,COD,monsoon,0,4,2,0,2,24,25,2025-08-19,1,False,0.33,True,44,65,Medium (35-65),Medium (35-65)
PO001165,2025-07-25,V02,Tirupur,False,0.88,woven,overshirt,254,Lucknow,Tier-2,COD,monsoon,2,13,1,0,2,35,50,2025-09-13,15,True,0.344,True,69,73,High (65-100),High (65-100)
PO001247,2025-07-25,V02,Tirupur,False,0.88,knit,henley,50,Delhi,Tier-1,Prepaid,monsoon,0,11,4,2,2,21,24,2025-08-18,3,False,0.253,False,45,35,Medium (35-65),Low (0-35)
PO002718,2025-07-25,V01,Tirupur,False,0.92,knit,sweatshirt,209,Patna,Tier-3,COD,monsoon,2,2,2,1,2,24,33,2025-08-27,9,True,0.413,False,44,65,Medium (35-65),Medium (35-65)
PO003055,2025-07-25,V05,Bengaluru,False,0.93,knit,henley,298,Hyderabad,Tier-1,Prepaid,monsoon,2,0,7,1,1,21,23,2025-08-17,2,False,0.253,False,27,24,Low (0-35),Low (0-35)
PO003251,2025-07-25,V01,Tirupur,False,0.92,knit,sweatshirt,131,Tiruchirappalli,Tier-3,COD,monsoon,8,2,1,3,2,24,24,2025-08-18,0,False,0.33,True,50,65,Medium (35-65),Medium (35-65)
PO003343,2025-07-25,V01,Tirupur,False,0.92,woven,trouser,359,Mysuru,Tier-3,Prepaid,monsoon,2,13,1,1,1,37,52,2025-09-15,15,True,0.33,False,80,58,High (65-100),Medium (35-65)
PO003819,2025-07-25,V06,Bengaluru,False,0.89,knit,sweatshirt,50,Kolkata,Tier-1,Prepaid,monsoon,1,1,3,0,1,21,23,2025-08-17,2,False,0.253,False,27,24,Low (0-35),Low (0-35)
PO004009,2025-07-25,V09,Delhi NCR,False,0.86,woven,trouser,112,Coimbatore,Tier-2,COD,monsoon,2,2,1,2,1,35,44,2025-09-07,9,True,0.344,False,47,63,Medium (35-65),Medium (35-65)
PO004332,2025-07-25,V04,Tirupur,False,0.9,knit,sweatshirt,223,Bengaluru,Tier-1,COD,monsoon,8,2,1,2,1,21,29,2025-08-23,8,True,0.344,True,40,51,Medium (35-65),Medium (35-65)
PO000084,2025-07-26,V01,Tirupur,False,0.92,knit,polo,50,Coimbatore,Tier-2,COD,monsoon,2,0,2,2,2,22,25,2025-08-20,3,False,0.275,False,39,50,Medium (35-65),Medium (35-65)
PO000086,2025-07-26,V05,Bengaluru,False,0.93,knit,t-shirt,175,Chennai,Tier-1,COD,monsoon,3,1,1,0,1,21,21,2025-08-16,0,False,0.275,True,30,40,Low (0-35),Medium (35-65)
PO000154,2025-07-26,V03,Tirupur,False,0.85,knit,hoodie,198,Chennai,Tier-1,Prepaid,monsoon,1,4,3,1,1,21,26,2025-08-21,5,False,0.253,True,37,27,Medium (35-65),Low (0-35)
PO000627,2025-07-26,V06,Bengaluru,False,0.89,knit,t-shirt,260,Pune,Tier-2,COD,monsoon,2,1,1,1,1,22,22,2025-08-17,0,False,0.275,False,29,47,Low (0-35),Medium (35-65)
PO000866,2025-07-26,V03,Tirupur,False,0.85,knit,sweatshirt,233,Patna,Tier-3,COD,monsoon,2,3,2,2,1,24,29,2025-08-24,5,False,0.33,True,44,65,Medium (35-65),Medium (35-65)
PO001053,2025-07-26,V05,Bengaluru,False,0.93,knit,hoodie,156,Chennai,Tier-1,COD,monsoon,1,1,4,1,1,21,23,2025-08-18,2,False,0.316,False,29,46,Low (0-35),Medium (35-65)
PO001087,2025-07-26,V04,Tirupur,False,0.9,woven,shirt,398,Coimbatore,Tier-2,COD,monsoon,1,3,0,2,1,35,42,2025-09-06,7,True,0.344,False,69,73,High (65-100),High (65-100)
PO001339,2025-07-26,V02,Tirupur,False,0.88,knit,polo,248,Guwahati,Tier-3,Prepaid,monsoon,2,1,2,1,2,24,34,2025-08-29,10,True,0.33,False,42,43,Medium (35-65),Medium (35-65)
PO001463,2025-07-26,V03,Tirupur,False,0.85,woven,denim-jacket,197,Ahmedabad,Tier-2,COD,monsoon,5,1,2,2,2,35,50,2025-09-14,15,True,0.344,False,67,73,High (65-100),High (65-100)
PO002069,2025-07-26,V05,Bengaluru,False,0.93,knit,sweatshirt,369,Chandigarh,Tier-2,COD,monsoon,5,2,1,3,1,22,24,2025-08-19,2,False,0.275,False,43,55,Medium (35-65),Medium (35-65)
PO002369,2025-07-26,V03,Tirupur,False,0.85,knit,hoodie,192,Pune,Tier-2,COD,monsoon,2,5,2,1,2,22,28,2025-08-23,6,True,0.344,False,47,58,Medium (35-65),Medium (35-65)
PO002466,2025-07-26,V02,Tirupur,False,0.88,woven,trouser,232,Jodhpur,Tier-3,Prepaid,monsoon,5,5,2,2,1,37,50,2025-09-14,13,True,0.33,True,78,58,High (65-100),Medium (35-65)
PO002870,2025-07-26,V05,Bengaluru,False,0.93,knit,sweatshirt,123,Lucknow,Tier-2,COD,monsoon,1,1,1,2,1,22,22,2025-08-17,0,False,0.275,False,29,47,Low (0-35),Medium (35-65)
PO003037,2025-07-26,V05,Bengaluru,False,0.93,knit,polo,194,Indore,Tier-2,Prepaid,monsoon,1,2,1,2,1,22,19,2025-08-14,-3,False,0.22,False,27,25,Low (0-35),Low (0-35)
PO003570,2025-07-26,V05,Bengaluru,False,0.93,knit,t-shirt,137,Mysuru,Tier-3,COD,monsoon,6,2,0,5,1,24,26,2025-08-21,2,False,0.396,False,43,76,Medium (35-65),High (65-100)
PO004088,2025-07-26,V03,Tirupur,False,0.85,woven,chinos,268,Chandigarh,Tier-2,COD,monsoon,10,2,3,0,1,35,46,2025-09-10,11,True,0.395,True,72,79,High (65-100),High (65-100)
PO004229,2025-07-26,V05,Bengaluru,False,0.93,woven,overshirt,71,Bengaluru,Tier-1,COD,monsoon,1,1,1,2,3,34,41,2025-09-05,7,True,0.406,True,52,66,Medium (35-65),High (65-100)
PO004500,2025-07-26,V03,Tirupur,False,0.85,knit,polo,173,Hyderabad,Tier-1,COD,monsoon,1,7,7,1,2,21,27,2025-08-22,6,True,0.395,True,47,57,Medium (35-65),Medium (35-65)
PO004800,2025-07-26,V07,Ludhiana,False,0.87,knit,t-shirt,82,Ahmedabad,Tier-2,Prepaid,monsoon,1,1,1,2,3,22,30,2025-08-25,8,True,0.325,False,29,35,Low (0-35),Low (0-35)
PO000121,2025-07-27,V06,Bengaluru,False,0.89,knit,hoodie,162,Delhi,Tier-1,Prepaid,monsoon,0,2,1,1,1,21,21,2025-08-17,0,False,0.22,False,22,18,Low (0-35),Low (0-35)
PO000241,2025-07-27,V01,Tirupur,False,0.92,knit,henley,205,Kolkata,Tier-1,Prepaid,monsoon,1,5,3,0,3,21,24,2025-08-20,3,False,0.299,False,51,45,Medium (35-65),Medium (35-65)
PO000711,2025-07-27,V01,Tirupur,False,0.92,knit,hoodie,205,Hyderabad,Tier-1,COD,monsoon,3,3,2,3,2,21,23,2025-08-19,2,False,0.275,False,40,51,Medium (35-65),Medium (35-65)
PO000778,2025-07-27,V10,Delhi NCR,False,0.82,knit,polo,144,Mumbai,Tier-1,COD,monsoon,11,4,1,2,1,21,24,2025-08-20,3,False,0.275,False,38,46,Medium (35-65),Medium (35-65)
PO002946,2025-07-27,V12,Bengaluru,True,0.78,knit,hoodie,268,Tiruchirappalli,Tier-3,COD,monsoon,1,3,1,6,1,24,29,2025-08-25,5,False,0.455,False,71,99,High (65-100),High (65-100)
PO003810,2025-07-27,V07,Ludhiana,False,0.87,knit,henley,264,Indore,Tier-2,COD,monsoon,2,12,3,1,2,22,29,2025-08-25,7,True,0.395,True,38,53,Medium (35-65),Medium (35-65)
PO000158,2025-07-28,V02,Tirupur,False,0.88,woven,trouser,374,Nagpur,Tier-3,COD,monsoon,1,2,2,1,2,37,57,2025-09-23,20,True,0.413,False,74,80,High (65-100),High (65-100)
PO000654,2025-07-28,V01,Tirupur,False,0.92,woven,trouser,208,Bengaluru,Tier-1,COD,monsoon,5,2,2,1,1,34,43,2025-09-09,9,True,0.344,False,62,66,Medium (35-65),High (65-100)
PO001328,2025-07-28,V05,Bengaluru,False,0.93,knit,henley,172,Jodhpur,Tier-3,COD,monsoon,1,4,0,2,1,24,25,2025-08-22,1,False,0.33,False,34,54,Low (0-35),Medium (35-65)
PO001879,2025-07-28,V12,Bengaluru,True,0.78,knit,t-shirt,250,Delhi,Tier-1,Prepaid,monsoon,2,0,3,1,2,21,31,2025-08-28,10,True,0.364,False,61,55,Medium (35-65),Medium (35-65)
PO001949,2025-07-28,V03,Tirupur,False,0.85,knit,sweatshirt,147,Surat,Tier-2,COD,monsoon,2,2,1,2,2,22,26,2025-08-23,4,False,0.275,True,39,50,Medium (35-65),Medium (35-65)
PO002266,2025-07-28,V03,Tirupur,False,0.85,knit,hoodie,91,Patna,Tier-3,COD,monsoon,3,5,2,4,1,24,31,2025-08-28,7,True,0.495,False,61,86,Medium (35-65),High (65-100)
PO002486,2025-07-28,V04,Tirupur,False,0.9,knit,polo,143,Nagpur,Tier-3,COD,monsoon,1,3,1,1,1,24,33,2025-08-30,9,True,0.413,False,44,65,Medium (35-65),Medium (35-65)
PO002825,2025-07-28,V04,Tirupur,False,0.9,woven,denim-jacket,246,Delhi,Tier-1,COD,monsoon,2,3,4,1,2,34,41,2025-09-07,7,True,0.395,False,61,72,Medium (35-65),High (65-100)
PO003181,2025-07-28,V01,Tirupur,False,0.92,woven,overshirt,223,Madurai,Tier-3,COD,monsoon,0,20,0,6,1,37,60,2025-09-26,23,True,0.495,False,77,94,High (65-100),High (65-100)
PO003613,2025-07-28,V01,Tirupur,False,0.92,knit,henley,223,Vadodara,Tier-2,COD,monsoon,2,2,2,3,1,22,30,2025-08-27,8,True,0.344,False,39,50,Medium (35-65),Medium (35-65)
PO003887,2025-07-28,V03,Tirupur,False,0.85,woven,trouser,182,Bengaluru,Tier-1,Prepaid,monsoon,2,15,2,1,1,34,50,2025-09-16,16,True,0.275,False,62,44,Medium (35-65),Medium (35-65)
PO003926,2025-07-28,V02,Tirupur,False,0.88,knit,sweatshirt,243,Hyderabad,Tier-1,COD,monsoon,1,2,4,1,1,21,28,2025-08-25,7,True,0.395,False,39,49,Medium (35-65),Medium (35-65)
PO004345,2025-07-28,V04,Tirupur,False,0.9,knit,polo,247,Ahmedabad,Tier-2,COD,monsoon,2,2,0,2,3,22,29,2025-08-26,7,True,0.406,True,45,68,Medium (35-65),High (65-100)
PO004406,2025-07-28,V03,Tirupur,False,0.85,knit,henley,182,Hyderabad,Tier-1,COD,monsoon,2,3,1,2,1,21,27,2025-08-24,6,True,0.344,False,34,43,Low (0-35),Medium (35-65)
PO004768,2025-07-28,V01,Tirupur,False,0.92,knit,t-shirt,113,Guwahati,Tier-3,COD,monsoon,2,1,2,1,2,24,31,2025-08-28,7,True,0.413,False,44,65,Medium (35-65),Medium (35-65)
PO004838,2025-07-28,V04,Tirupur,False,0.9,knit,sweatshirt,180,Ahmedabad,Tier-2,COD,monsoon,1,3,3,1,1,22,29,2025-08-26,7,True,0.395,False,44,64,Medium (35-65),Medium (35-65)
PO000507,2025-07-29,V01,Tirupur,False,0.92,knit,henley,181,Indore,Tier-2,COD,monsoon,1,2,4,0,1,22,29,2025-08-27,7,True,0.395,False,44,64,Medium (35-65),Medium (35-65)
PO000665,2025-07-29,V01,Tirupur,False,0.92,knit,sweatshirt,291,Ahmedabad,Tier-2,Prepaid,monsoon,1,4,1,0,1,22,23,2025-08-21,1,False,0.22,True,37,28,Medium (35-65),Low (0-35)
PO000774,2025-07-29,V01,Tirupur,False,0.92,woven,trouser,50,Jodhpur,Tier-3,Prepaid,monsoon,1,3,4,4,1,37,47,2025-09-14,10,True,0.455,True,72,78,High (65-100),High (65-100)
PO001645,2025-07-29,V08,Ludhiana,False,0.84,woven,chinos,187,Raipur,Tier-3,Prepaid,monsoon,2,15,3,3,1,37,50,2025-09-17,13,True,0.38,True,75,67,High (65-100),High (65-100)
PO001795,2025-07-29,V01,Tirupur,False,0.92,knit,hoodie,140,Kolkata,Tier-1,Prepaid,monsoon,2,2,3,1,2,21,26,2025-08-24,5,False,0.253,False,37,27,Medium (35-65),Low (0-35)
PO001853,2025-07-29,V07,Ludhiana,False,0.87,knit,hoodie,108,Ahmedabad,Tier-2,COD,monsoon,1,3,2,3,3,22,28,2025-08-26,6,True,0.406,False,31,57,Low (0-35),Medium (35-65)
PO001878,2025-07-29,V02,Tirupur,False,0.88,knit,sweatshirt,269,Delhi,Tier-1,COD,monsoon,2,1,3,0,2,21,26,2025-08-24,5,False,0.316,False,39,49,Medium (35-65),Medium (35-65)
PO003160,2025-07-29,V01,Tirupur,False,0.92,knit,t-shirt,167,Guwahati,Tier-3,Prepaid,monsoon,0,4,0,0,1,24,31,2025-08-29,7,True,0.33,False,42,43,Medium (35-65),Medium (35-65)
PO004072,2025-07-29,V02,Tirupur,False,0.88,knit,sweatshirt,227,Chennai,Tier-1,Prepaid,monsoon,7,1,2,1,2,21,29,2025-08-27,8,True,0.275,False,38,21,Medium (35-65),Low (0-35)
PO004336,2025-07-29,V06,Bengaluru,False,0.89,knit,t-shirt,264,Mumbai,Tier-1,Prepaid,monsoon,0,0,0,0,2,21,21,2025-08-19,0,False,0.22,False,22,18,Low (0-35),Low (0-35)
PO004502,2025-07-29,V09,Delhi NCR,False,0.86,woven,trouser,175,Jodhpur,Tier-3,COD,monsoon,2,2,1,1,1,37,39,2025-09-06,2,False,0.33,False,52,70,Medium (35-65),High (65-100)
PO004804,2025-07-29,V05,Bengaluru,False,0.93,knit,sweatshirt,303,Guwahati,Tier-3,COD,monsoon,4,3,1,2,1,24,26,2025-08-24,2,False,0.33,True,40,62,Medium (35-65),Medium (35-65)
PO000487,2025-07-30,V01,Tirupur,False,0.92,knit,polo,266,Madurai,Tier-3,COD,monsoon,1,2,1,1,3,24,30,2025-08-29,6,True,0.487,True,50,75,Medium (35-65),High (65-100)
PO000492,2025-07-30,V10,Delhi NCR,False,0.82,woven,overshirt,174,Tiruchirappalli,Tier-3,COD,monsoon,0,7,2,4,1,37,44,2025-09-12,7,True,0.495,False,75,97,High (65-100),High (65-100)
PO000594,2025-07-30,V04,Tirupur,False,0.9,knit,polo,139,Indore,Tier-2,Prepaid,monsoon,2,6,1,1,2,22,24,2025-08-23,2,False,0.22,False,45,36,Medium (35-65),Medium (35-65)
PO000773,2025-07-30,V10,Delhi NCR,False,0.82,woven,trouser,250,Kochi,Tier-2,COD,monsoon,2,1,5,1,1,35,47,2025-09-15,12,True,0.395,False,64,82,Medium (35-65),High (65-100)
PO000906,2025-07-30,V04,Tirupur,False,0.9,woven,chinos,278,Guwahati,Tier-3,Prepaid,monsoon,2,3,1,2,3,37,53,2025-09-21,16,True,0.389,True,70,68,High (65-100),High (65-100)
PO001610,2025-07-30,V05,Bengaluru,False,0.93,knit,polo,220,Pune,Tier-2,COD,monsoon,1,0,2,2,1,22,22,2025-08-21,0,False,0.275,True,29,47,Low (0-35),Medium (35-65)
PO001858,2025-07-30,V04,Tirupur,False,0.9,knit,polo,280,Vijayawada,Tier-3,Prepaid,monsoon,1,1,1,0,2,24,27,2025-08-26,3,False,0.264,True,42,43,Medium (35-65),Medium (35-65)
PO002046,2025-07-30,V03,Tirupur,False,0.85,knit,polo,55,Vadodara,Tier-2,Prepaid,monsoon,1,1,5,1,2,22,26,2025-08-25,4,False,0.253,False,42,42,Medium (35-65),Medium (35-65)
PO002233,2025-07-30,V05,Bengaluru,False,0.93,woven,chinos,335,Surat,Tier-2,COD,monsoon,2,3,6,1,2,35,42,2025-09-10,7,True,0.395,False,56,69,Medium (35-65),High (65-100)
PO002964,2025-07-30,V07,Ludhiana,False,0.87,knit,t-shirt,147,Kolkata,Tier-1,Prepaid,monsoon,3,1,1,2,1,21,23,2025-08-22,2,False,0.22,False,24,18,Low (0-35),Low (0-35)
PO003991,2025-07-30,V04,Tirupur,False,0.9,woven,chinos,338,Pune,Tier-2,COD,monsoon,5,4,0,3,3,35,49,2025-09-17,14,True,0.406,False,73,83,High (65-100),High (65-100)
PO004135,2025-07-30,V04,Tirupur,False,0.9,knit,hoodie,286,Jaipur,Tier-2,Prepaid,monsoon,3,2,3,2,3,22,27,2025-08-26,5,False,0.299,False,54,52,Medium (35-65),Medium (35-65)
PO004504,2025-07-30,V01,Tirupur,False,0.92,woven,trouser,118,Kolkata,Tier-1,Prepaid,monsoon,11,1,1,1,1,34,50,2025-09-18,16,True,0.275,True,60,44,Medium (35-65),Medium (35-65)
PO000142,2025-07-31,V05,Bengaluru,False,0.93,knit,t-shirt,221,Tiruchirappalli,Tier-3,Prepaid,monsoon,3,0,3,3,2,24,25,2025-08-25,1,False,0.304,False,43,46,Medium (35-65),Medium (35-65)
PO000246,2025-07-31,V03,Tirupur,False,0.85,knit,henley,248,Raipur,Tier-3,Prepaid,monsoon,3,1,1,1,1,24,27,2025-08-27,3,False,0.264,False,48,43,Medium (35-65),Medium (35-65)
PO001157,2025-07-31,V02,Tirupur,False,0.88,knit,polo,195,Delhi,Tier-1,COD,monsoon,1,1,0,2,1,21,25,2025-08-25,4,False,0.275,False,34,43,Low (0-35),Medium (35-65)
PO001510,2025-07-31,V04,Tirupur,False,0.9,knit,polo,72,Kochi,Tier-2,COD,monsoon,3,2,1,0,2,22,30,2025-08-30,8,True,0.344,True,45,58,Medium (35-65),Medium (35-65)
PO001720,2025-07-31,V01,Tirupur,False,0.92,knit,sweatshirt,88,Chennai,Tier-1,Prepaid,monsoon,4,0,2,1,3,21,26,2025-08-26,5,False,0.26,False,44,39,Medium (35-65),Medium (35-65)
PO002891,2025-07-31,V01,Tirupur,False,0.92,woven,trouser,158,Chennai,Tier-1,Prepaid,monsoon,6,15,1,3,3,34,51,2025-09-20,17,True,0.325,False,74,54,High (65-100),Medium (35-65)
PO003038,2025-07-31,V01,Tirupur,False,0.92,knit,henley,179,Hyderabad,Tier-1,Prepaid,monsoon,0,2,1,1,1,21,26,2025-08-26,5,False,0.22,False,32,21,Low (0-35),Low (0-35)
PO003265,2025-07-31,V05,Bengaluru,False,0.93,knit,polo,147,Kochi,Tier-2,Prepaid,monsoon,6,1,1,1,1,22,27,2025-08-27,5,False,0.22,False,33,25,Low (0-35),Low (0-35)
PO004722,2025-07-31,V01,Tirupur,False,0.92,woven,trouser,258,Jaipur,Tier-2,COD,monsoon,2,15,2,1,1,35,53,2025-09-22,18,True,0.344,False,69,73,High (65-100),High (65-100)
PO000037,2025-08-01,V03,Tirupur,False,0.85,woven,trouser,164,Mumbai,Tier-1,Prepaid,monsoon,1,2,1,0,1,34,38,2025-09-08,4,False,0.22,True,54,37,Medium (35-65),Medium (35-65)
PO000234,2025-08-01,V09,Delhi NCR,False,0.86,knit,hoodie,238,Madurai,Tier-3,Prepaid,monsoon,0,4,1,2,1,24,24,2025-08-25,0,False,0.264,False,28,32,Low (0-35),Low (0-35)
PO000658,2025-08-01,V09,Delhi NCR,False,0.86,woven,overshirt,103,Guwahati,Tier-3,Prepaid,monsoon,3,3,0,2,1,37,42,2025-09-12,5,False,0.264,False,56,48,Medium (35-65),Medium (35-65)
PO001378,2025-08-01,V02,Tirupur,False,0.88,knit,henley,313,Kochi,Tier-2,COD,monsoon,3,2,1,2,1,22,25,2025-08-26,3,False,0.275,False,45,58,Medium (35-65),Medium (35-65)
PO002391,2025-08-01,V02,Tirupur,False,0.88,knit,sweatshirt,214,Mumbai,Tier-1,COD,monsoon,1,4,1,2,1,21,23,2025-08-24,2,False,0.275,False,34,43,Low (0-35),Medium (35-65)
PO002677,2025-08-01,V06,Bengaluru,False,0.89,woven,shirt,173,Chennai,Tier-1,Prepaid,monsoon,0,3,0,4,2,34,42,2025-09-12,8,True,0.33,False,47,48,Medium (35-65),Medium (35-65)
PO002864,2025-08-01,V05,Bengaluru,False,0.93,woven,overshirt,240,Hyderabad,Tier-1,COD,monsoon,15,2,1,1,2,34,45,2025-09-15,11,True,0.344,True,52,56,Medium (35-65),Medium (35-65)
PO002898,2025-08-01,V09,Delhi NCR,False,0.86,woven,chinos,255,Raipur,Tier-3,Prepaid,monsoon,1,5,1,3,1,37,50,2025-09-20,13,True,0.33,False,58,48,Medium (35-65),Medium (35-65)
PO003788,2025-08-01,V01,Tirupur,False,0.92,knit,sweatshirt,233,Guwahati,Tier-3,Prepaid,monsoon,1,1,3,2,1,24,26,2025-08-27,2,False,0.304,False,47,49,Medium (35-65),Medium (35-65)
PO004594,2025-08-01,V02,Tirupur,False,0.88,knit,polo,204,Patna,Tier-3,COD,monsoon,1,1,4,2,2,24,30,2025-08-31,6,True,0.474,True,49,71,Medium (35-65),High (65-100)
PO000268,2025-08-02,V01,Tirupur,False,0.92,knit,polo,299,Vijayawada,Tier-3,Prepaid,monsoon,3,0,5,3,2,24,28,2025-08-30,4,False,0.304,True,53,49,Medium (35-65),Medium (35-65)
PO000612,2025-08-02,V05,Bengaluru,False,0.93,knit,polo,286,Madurai,Tier-3,COD,monsoon,1,1,8,1,1,24,29,2025-08-31,5,False,0.38,False,39,60,Medium (35-65),Medium (35-65)
PO000800,2025-08-02,V04,Tirupur,False,0.9,knit,t-shirt,188,Indore,Tier-2,Prepaid,monsoon,3,1,1,3,3,22,28,2025-08-30,6,True,0.325,True,49,46,Medium (35-65),Medium (35-65)
PO001457,2025-08-02,V05,Bengaluru,False,0.93,knit,henley,158,Hyderabad,Tier-1,Prepaid,monsoon,1,0,2,2,1,21,23,2025-08-25,2,False,0.22,True,22,18,Low (0-35),Low (0-35)
PO001466,2025-08-02,V01,Tirupur,False,0.92,knit,polo,305,Coimbatore,Tier-2,COD,monsoon,2,1,1,1,1,22,26,2025-08-28,4,False,0.275,False,39,50,Medium (35-65),Medium (35-65)
PO001479,2025-08-02,V02,Tirupur,False,0.88,knit,hoodie,206,Madurai,Tier-3,Prepaid,monsoon,1,4,1,1,3,24,35,2025-09-06,11,True,0.389,False,48,53,Medium (35-65),Medium (35-65)
PO001560,2025-08-02,V12,Bengaluru,True,0.78,knit,sweatshirt,240,Patna,Tier-3,Prepaid,monsoon,2,2,0,2,1,24,35,2025-09-06,11,True,0.38,True,66,63,High (65-100),Medium (35-65)
PO001743,2025-08-02,V02,Tirupur,False,0.88,woven,trouser,289,Kolkata,Tier-1,Prepaid,monsoon,1,3,3,2,2,34,41,2025-09-12,7,True,0.316,False,59,43,Medium (35-65),Medium (35-65)
PO002385,2025-08-02,V07,Ludhiana,False,0.87,knit,hoodie,108,Kochi,Tier-2,COD,monsoon,5,2,3,2,1,22,26,2025-08-28,4,False,0.316,False,36,53,Medium (35-65),Medium (35-65)
PO002421,2025-08-02,V08,Ludhiana,False,0.84,knit,hoodie,208,Surat,Tier-2,COD,monsoon,2,2,0,6,1,22,21,2025-08-23,-1,False,0.33,False,40,75,Medium (35-65),High (65-100)
PO002481,2025-08-02,V01,Tirupur,False,0.92,knit,polo,208,Bengaluru,Tier-1,Prepaid,monsoon,1,7,0,2,1,21,25,2025-08-27,4,False,0.22,False,40,29,Medium (35-65),Low (0-35)
PO002609,2025-08-02,V01,Tirupur,False,0.92,knit,hoodie,147,Vijayawada,Tier-3,COD,monsoon,1,1,1,0,1,24,37,2025-09-08,13,True,0.413,False,44,65,Medium (35-65),Medium (35-65)
PO003056,2025-08-02,V06,Bengaluru,False,0.89,knit,polo,203,Mumbai,Tier-1,COD,monsoon,2,0,2,0,2,21,25,2025-08-27,4,False,0.275,False,24,40,Low (0-35),Medium (35-65)
PO004606,2025-08-02,V01,Tirupur,False,0.92,knit,polo,80,Kochi,Tier-2,Prepaid,monsoon,1,1,2,1,2,22,27,2025-08-29,5,False,0.22,False,37,28,Medium (35-65),Low (0-35)
PO000776,2025-08-03,V01,Tirupur,False,0.92,knit,polo,267,Mysuru,Tier-3,COD,monsoon,3,6,1,2,3,24,27,2025-08-30,3,False,0.389,False,64,82,Medium (35-65),High (65-100)
PO000790,2025-08-03,V11,Tirupur,True,0.75,knit,hoodie,86,Hyderabad,Tier-1,Prepaid,monsoon,15,1,1,4,1,21,33,2025-09-05,12,True,0.379,True,91,68,High (65-100),High (65-100)
PO001291,2025-08-03,V02,Tirupur,False,0.88,knit,t-shirt,84,Lucknow,Tier-2,COD,monsoon,1,6,1,3,1,22,28,2025-08-31,6,True,0.344,False,47,58,Medium (35-65),Medium (35-65)
PO001311,2025-08-03,V03,Tirupur,False,0.85,woven,denim-jacket,138,Indore,Tier-2,Prepaid,monsoon,2,4,6,1,3,35,52,2025-09-24,17,True,0.373,False,70,67,High (65-100),High (65-100)
PO001429,2025-08-03,V06,Bengaluru,False,0.89,knit,sweatshirt,236,Kochi,Tier-2,Prepaid,monsoon,3,1,0,1,1,22,22,2025-08-25,0,False,0.22,False,33,25,Low (0-35),Low (0-35)
PO001686,2025-08-03,V01,Tirupur,False,0.92,knit,sweatshirt,279,Kolkata,Tier-1,COD,monsoon,1,1,1,0,1,21,23,2025-08-26,2,False,0.275,False,34,43,Low (0-35),Medium (35-65)
PO001741,2025-08-03,V02,Tirupur,False,0.88,knit,polo,162,Bengaluru,Tier-1,COD,monsoon,1,5,2,1,1,21,28,2025-08-31,7,True,0.344,True,42,51,Medium (35-65),Medium (35-65)
PO001780,2025-08-03,V06,Bengaluru,False,0.89,knit,polo,271,Mysuru,Tier-3,COD,monsoon,4,3,1,2,2,24,29,2025-09-01,5,False,0.33,False,40,62,Medium (35-65),Medium (35-65)
PO001839,2025-08-03,V10,Delhi NCR,False,0.82,woven,denim-jacket,196,Delhi,Tier-1,COD,monsoon,4,3,1,4,3,34,43,2025-09-15,9,True,0.487,False,69,93,High (65-100),High (65-100)
PO001913,2025-08-03,V01,Tirupur,False,0.92,knit,hoodie,299,Raipur,Tier-3,COD,monsoon,3,2,2,2,1,24,30,2025-09-02,6,True,0.413,False,50,65,Medium (35-65),Medium (35-65)
PO002387,2025-08-03,V09,Delhi NCR,False,0.86,woven,denim-jacket,184,Mumbai,Tier-1,Prepaid,monsoon,8,4,2,2,1,34,43,2025-09-15,9,True,0.275,True,46,34,Medium (35-65),Low (0-35)
PO004432,2025-08-03,V06,Bengaluru,False,0.89,knit,henley,228,Chennai,Tier-1,COD,monsoon,1,0,1,1,2,21,21,2025-08-24,0,False,0.275,False,24,40,Low (0-35),Medium (35-65)
PO004489,2025-08-03,V03,Tirupur,False,0.85,knit,t-shirt,297,Madurai,Tier-3,COD,monsoon,1,2,3,5,1,24,27,2025-08-30,3,False,0.455,True,52,85,Medium (35-65),High (65-100)
PO000616,2025-08-04,V01,Tirupur,False,0.92,knit,polo,71,Kolkata,Tier-1,COD,monsoon,4,0,2,1,2,21,21,2025-08-25,0,False,0.275,True,40,51,Medium (35-65),Medium (35-65)
PO001875,2025-08-04,V03,Tirupur,False,0.85,knit,henley,267,Kolkata,Tier-1,COD,monsoon,3,1,1,1,1,21,25,2025-08-29,4,False,0.275,False,40,51,Medium (35-65),Medium (35-65)
PO002614,2025-08-04,V02,Tirupur,False,0.88,knit,hoodie,159,Surat,Tier-2,Prepaid,monsoon,2,0,0,3,1,22,25,2025-08-29,3,False,0.22,False,37,28,Medium (35-65),Low (0-35)
PO002651,2025-08-04,V01,Tirupur,False,0.92,knit,polo,164,Vijayawada,Tier-3,Prepaid,monsoon,1,20,1,1,1,24,33,2025-09-06,9,True,0.33,False,50,43,Medium (35-65),Medium (35-65)
PO003050,2025-08-04,V06,Bengaluru,False,0.89,knit,hoodie,157,Kolkata,Tier-1,COD,monsoon,2,1,3,3,1,21,20,2025-08-24,-1,False,0.316,False,29,46,Low (0-35),Medium (35-65)
PO003839,2025-08-04,V01,Tirupur,False,0.92,knit,henley,67,Hyderabad,Tier-1,Prepaid,monsoon,2,3,2,1,2,21,26,2025-08-30,5,False,0.22,False,32,21,Low (0-35),Low (0-35)
PO004176,2025-08-04,V07,Ludhiana,False,0.87,knit,t-shirt,150,Bengaluru,Tier-1,COD,monsoon,1,4,1,0,1,21,23,2025-08-27,2,False,0.275,True,20,40,Low (0-35),Medium (35-65)
PO000094,2025-08-05,V04,Tirupur,False,0.9,knit,hoodie,212,Chandigarh,Tier-2,Prepaid,monsoon,1,6,1,1,2,22,28,2025-09-02,6,True,0.275,False,45,36,Medium (35-65),Medium (35-65)
PO000983,2025-08-05,V02,Tirupur,False,0.88,knit,t-shirt,261,Jaipur,Tier-2,COD,monsoon,4,14,2,3,3,22,28,2025-09-02,6,True,0.406,False,59,68,Medium (35-65),High (65-100)
PO001170,2025-08-05,V05,Bengaluru,False,0.93,knit,henley,202,Surat,Tier-2,COD,monsoon,2,0,1,1,1,22,20,2025-08-25,-2,False,0.275,False,29,47,Low (0-35),Medium (35-65)
PO002215,2025-08-05,V07,Ludhiana,False,0.87,knit,t-shirt,199,Delhi,Tier-1,Prepaid,monsoon,2,2,10,1,1,21,25,2025-08-30,4,False,0.253,False,23,24,Low (0-35),Low (0-35)
PO002492,2025-08-05,V01,Tirupur,False,0.92,knit,hoodie,50,Delhi,Tier-1,Prepaid,monsoon,2,4,1,2,3,21,32,2025-09-06,11,True,0.325,False,38,31,Medium (35-65),Low (0-35)
PO002798,2025-08-05,V02,Tirupur,False,0.88,knit,hoodie,259,Mumbai,Tier-1,Prepaid,monsoon,3,5,0,1,1,21,26,2025-08-31,5,False,0.22,False,46,29,Medium (35-65),Low (0-35)
PO002845,2025-08-05,V05,Bengaluru,False,0.93,knit,sweatshirt,242,Madurai,Tier-3,Prepaid,monsoon,2,1,1,1,3,24,25,2025-08-30,1,False,0.312,True,38,42,Medium (35-65),Medium (35-65)
PO003173,2025-08-05,V02,Tirupur,False,0.88,knit,hoodie,227,Patna,Tier-3,Prepaid,monsoon,4,1,1,1,1,24,33,2025-09-07,9,True,0.33,True,48,43,Medium (35-65),Medium (35-65)
PO003341,2025-08-05,V02,Tirupur,False,0.88,woven,trouser,152,Ahmedabad,Tier-2,COD,monsoon,2,2,1,0,1,35,42,2025-09-16,7,True,0.344,False,61,73,Medium (35-65),High (65-100)
PO004047,2025-08-05,V10,Delhi NCR,False,0.82,woven,trouser,204,Raipur,Tier-3,Prepaid,monsoon,1,7,1,6,1,37,51,2025-09-25,14,True,0.396,False,73,75,High (65-100),High (65-100)
PO004512,2025-08-05,V02,Tirupur,False,0.88,knit,polo,263,Surat,Tier-2,COD,monsoon,5,4,2,0,1,22,27,2025-09-01,5,False,0.275,True,45,58,Medium (35-65),Medium (35-65)
PO000192,2025-08-06,V02,Tirupur,False,0.88,woven,overshirt,288,Kolkata,Tier-1,COD,monsoon,3,20,1,1,1,34,54,2025-09-29,20,True,0.344,False,70,66,High (65-100),High (65-100)
PO000363,2025-08-06,V01,Tirupur,False,0.92,knit,hoodie,145,Hyderabad,Tier-1,Prepaid,monsoon,0,2,0,2,1,21,27,2025-09-02,6,True,0.275,False,32,21,Low (0-35),Low (0-35)
PO000804,2025-08-06,V02,Tirupur,False,0.88,woven,denim-jacket,282,Indore,Tier-2,COD,monsoon,1,4,0,6,1,35,54,2025-09-29,19,True,0.412,True,64,87,Medium (35-65),High (65-100)
PO002618,2025-08-06,V04,Tirupur,False,0.9,knit,t-shirt,144,Mysuru,Tier-3,COD,monsoon,0,3,4,3,3,24,33,2025-09-08,9,True,0.56,True,55,81,Medium (35-65),High (65-100)
PO003709,2025-08-06,V07,Ludhiana,False,0.87,woven,shirt,115,Lucknow,Tier-2,COD,monsoon,0,1,1,2,2,35,45,2025-09-20,10,True,0.344,False,47,63,Medium (35-65),Medium (35-65)
PO003934,2025-08-06,V07,Ludhiana,False,0.87,knit,polo,210,Bengaluru,Tier-1,COD,monsoon,1,5,1,0,2,21,24,2025-08-30,3,False,0.275,False,28,40,Low (0-35),Medium (35-65)
PO004996,2025-08-06,V03,Tirupur,False,0.85,knit,t-shirt,134,Kolkata,Tier-1,Prepaid,monsoon,1,2,2,0,1,21,26,2025-09-01,5,False,0.22,False,32,21,Low (0-35),Low (0-35)
PO000144,2025-08-07,V02,Tirupur,False,0.88,knit,polo,216,Chandigarh,Tier-2,COD,monsoon,4,2,2,0,3,22,27,2025-09-03,5,False,0.325,False,51,68,Medium (35-65),High (65-100)
PO000147,2025-08-07,V01,Tirupur,False,0.92,knit,polo,203,Lucknow,Tier-2,Prepaid,monsoon,2,0,3,0,1,22,28,2025-09-04,6,True,0.316,False,42,42,Medium (35-65),Medium (35-65)
PO001192,2025-08-07,V03,Tirupur,False,0.85,woven,trouser,257,Bengaluru,Tier-1,Prepaid,monsoon,1,2,1,2,1,34,39,2025-09-15,5,False,0.22,True,54,37,Medium (35-65),Medium (35-65)
PO001363,2025-08-07,V04,Tirupur,False,0.9,knit,henley,174,Mysuru,Tier-3,COD,monsoon,1,1,3,1,2,24,27,2025-09-03,3,False,0.38,False,49,71,Medium (35-65),High (65-100)
PO003279,2025-08-07,V08,Ludhiana,False,0.84,woven,denim-jacket,301,Bengaluru,Tier-1,COD,monsoon,2,20,0,2,1,34,46,2025-09-22,12,True,0.344,True,62,69,Medium (35-65),High (65-100)
PO003814,2025-08-07,V07,Ludhiana,False,0.87,knit,hoodie,104,Raipur,Tier-3,COD,monsoon,2,1,4,0,1,24,31,2025-09-07,7,True,0.474,False,35,60,Low (0-35),Medium (35-65)
PO004300,2025-08-07,V02,Tirupur,False,0.88,knit,polo,326,Madurai,Tier-3,COD,monsoon,4,2,3,1,2,24,29,2025-09-05,5,False,0.38,False,55,71,Medium (35-65),High (65-100)
PO004774,2025-08-07,V10,Delhi NCR,False,0.82,woven,trouser,247,Indore,Tier-2,COD,monsoon,1,6,2,3,2,35,50,2025-09-26,15,True,0.344,False,67,76,High (65-100),High (65-100)
PO000535,2025-08-08,V02,Tirupur,False,0.88,knit,henley,235,Hyderabad,Tier-1,COD,monsoon,1,0,1,0,2,21,23,2025-08-31,2,False,0.275,False,34,43,Low (0-35),Medium (35-65)
PO000903,2025-08-08,V01,Tirupur,False,0.92,woven,overshirt,69,Bhubaneswar,Tier-3,COD,monsoon,15,2,1,1,1,37,52,2025-09-29,15,True,0.413,False,72,80,High (65-100),High (65-100)
PO000919,2025-08-08,V11,Tirupur,True,0.75,knit,t-shirt,338,Pune,Tier-2,Prepaid,monsoon,1,1,1,2,2,22,31,2025-09-08,9,True,0.316,False,81,61,High (65-100),Medium (35-65)
PO001219,2025-08-08,V06,Bengaluru,False,0.89,knit,hoodie,211,Pune,Tier-2,Prepaid,monsoon,1,3,1,1,2,22,26,2025-09-03,4,False,0.22,False,27,25,Low (0-35),Low (0-35)
PO002171,2025-08-08,V02,Tirupur,False,0.88,knit,polo,50,Hyderabad,Tier-1,COD,monsoon,12,1,1,2,1,21,29,2025-09-06,8,True,0.344,False,40,51,Medium (35-65),Medium (35-65)
PO002181,2025-08-08,V01,Tirupur,False,0.92,knit,t-shirt,234,Kolkata,Tier-1,Prepaid,monsoon,2,3,1,1,1,21,30,2025-09-07,9,True,0.275,True,32,21,Low (0-35),Low (0-35)
PO002517,2025-08-08,V05,Bengaluru,False,0.93,knit,sweatshirt,228,Lucknow,Tier-2,Prepaid,monsoon,0,0,1,0,1,22,23,2025-08-31,1,False,0.22,False,27,25,Low (0-35),Low (0-35)
PO002565,2025-08-08,V01,Tirupur,False,0.92,knit,sweatshirt,156,Chennai,Tier-1,Prepaid,monsoon,3,2,3,0,1,21,26,2025-09-03,5,False,0.253,False,43,35,Medium (35-65),Low (0-35)
PO003040,2025-08-08,V02,Tirupur,False,0.88,knit,sweatshirt,124,Guwahati,Tier-3,Prepaid,monsoon,6,1,1,3,2,24,34,2025-09-11,10,True,0.33,False,48,43,Medium (35-65),Medium (35-65)
PO003606,2025-08-08,V01,Tirupur,False,0.92,knit,sweatshirt,129,Chennai,Tier-1,COD,monsoon,2,2,0,2,1,21,26,2025-09-03,5,False,0.275,False,34,43,Low (0-35),Medium (35-65)
PO004177,2025-08-08,V01,Tirupur,False,0.92,knit,hoodie,281,Indore,Tier-2,Prepaid,monsoon,6,2,3,0,1,22,29,2025-09-06,7,True,0.316,True,48,42,Medium (35-65),Medium (35-65)
PO004442,2025-08-08,V03,Tirupur,False,0.85,knit,hoodie,161,Bhubaneswar,Tier-3,Prepaid,monsoon,11,2,3,3,1,24,29,2025-09-06,5,False,0.304,True,53,49,Medium (35-65),Medium (35-65)
PO000265,2025-08-09,V05,Bengaluru,False,0.93,knit,hoodie,139,Delhi,Tier-1,Prepaid,monsoon,2,5,2,0,1,21,26,2025-09-04,5,False,0.22,False,30,18,Low (0-35),Low (0-35)
PO000370,2025-08-09,V02,Tirupur,False,0.88,knit,polo,136,Hyderabad,Tier-1,COD,monsoon,2,1,6,2,2,21,25,2025-09-03,4,False,0.316,True,39,49,Medium (35-65),Medium (35-65)
PO000872,2025-08-09,V05,Bengaluru,False,0.93,knit,t-shirt,260,Delhi,Tier-1,COD,monsoon,1,3,0,1,3,21,24,2025-09-02,3,False,0.325,False,30,50,Low (0-35),Medium (35-65)
PO001689,2025-08-09,V05,Bengaluru,False,0.93,knit,polo,159,Bhubaneswar,Tier-3,COD,monsoon,1,5,4,0,1,24,26,2025-09-04,2,False,0.38,True,47,68,Medium (35-65),High (65-100)
PO002042,2025-08-09,V05,Bengaluru,False,0.93,knit,polo,152,Lucknow,Tier-2,COD,monsoon,2,4,2,5,1,22,27,2025-09-05,5,False,0.33,False,32,61,Low (0-35),Medium (35-65)
PO002357,2025-08-09,V05,Bengaluru,False,0.93,knit,t-shirt,264,Kochi,Tier-2,Prepaid,monsoon,4,3,1,2,1,22,28,2025-09-06,6,True,0.275,True,33,25,Low (0-35),Low (0-35)
PO002604,2025-08-09,V01,Tirupur,False,0.92,knit,sweatshirt,249,Jaipur,Tier-2,COD,monsoon,10,2,2,3,3,22,28,2025-09-06,6,True,0.406,False,51,68,Medium (35-65),High (65-100)
PO003020,2025-08-09,V08,Ludhiana,False,0.84,knit,t-shirt,207,Nagpur,Tier-3,COD,monsoon,5,5,3,3,2,24,26,2025-09-04,2,False,0.38,False,61,81,Medium (35-65),High (65-100)
PO003170,2025-08-09,V09,Delhi NCR,False,0.86,knit,hoodie,93,Chennai,Tier-1,COD,monsoon,5,0,10,1,1,21,25,2025-09-03,4,False,0.316,False,31,46,Low (0-35),Medium (35-65)
PO003271,2025-08-09,V01,Tirupur,False,0.92,knit,t-shirt,303,Pune,Tier-2,Prepaid,monsoon,3,1,1,1,1,22,24,2025-09-02,2,False,0.22,False,43,36,Medium (35-65),Medium (35-65)
PO003768,2025-08-09,V10,Delhi NCR,False,0.82,woven,shirt,187,Mumbai,Tier-1,COD,monsoon,3,12,1,2,1,34,42,2025-09-20,8,True,0.344,False,68,69,High (65-100),High (65-100)
PO003792,2025-08-09,V08,Ludhiana,False,0.84,woven,denim-jacket,133,Chennai,Tier-1,COD,monsoon,0,4,2,3,2,34,43,2025-09-21,9,True,0.344,False,54,62,Medium (35-65),Medium (35-65)
PO004294,2025-08-09,V04,Tirupur,False,0.9,knit,henley,213,Bhubaneswar,Tier-3,Prepaid,monsoon,2,0,2,2,2,24,30,2025-09-08,6,True,0.33,False,42,43,Medium (35-65),Medium (35-65)
PO004352,2025-08-09,V02,Tirupur,False,0.88,woven,trouser,147,Ranchi,Tier-3,COD,monsoon,1,2,0,0,3,37,49,2025-09-27,12,True,0.487,False,72,90,High (65-100),High (65-100)
PO004684,2025-08-09,V08,Ludhiana,False,0.84,woven,overshirt,216,Tiruchirappalli,Tier-3,COD,monsoon,1,1,0,3,1,37,38,2025-09-16,1,False,0.33,True,64,83,Medium (35-65),High (65-100)
PO004706,2025-08-09,V01,Tirupur,False,0.92,knit,henley,67,Chandigarh,Tier-2,Prepaid,monsoon,2,1,4,3,2,22,26,2025-09-04,4,False,0.253,False,42,42,Medium (35-65),Medium (35-65)
PO000412,2025-08-10,V04,Tirupur,False,0.9,woven,shirt,77,Kochi,Tier-2,COD,monsoon,1,2,1,1,1,35,51,2025-09-30,16,True,0.344,False,61,73,Medium (35-65),High (65-100)
PO001615,2025-08-10,V02,Tirupur,False,0.88,woven,trouser,179,Kolkata,Tier-1,COD,monsoon,5,8,3,0,1,34,54,2025-10-03,20,True,0.395,False,75,72,High (65-100),High (65-100)
PO001751,2025-08-10,V03,Tirupur,False,0.85,knit,henley,178,Chandigarh,Tier-2,Prepaid,monsoon,1,3,4,1,2,22,28,2025-09-07,6,True,0.316,False,42,42,Medium (35-65),Medium (35-65)
PO002409,2025-08-10,V02,Tirupur,False,0.88,knit,henley,154,Guwahati,Tier-3,Prepaid,monsoon,1,1,2,2,3,24,28,2025-09-07,4,False,0.312,True,48,53,Medium (35-65),Medium (35-65)
PO002538,2025-08-10,V10,Delhi NCR,False,0.82,woven,trouser,102,Dehradun,Tier-3,COD,monsoon,4,1,1,5,2,37,46,2025-09-25,9,True,0.495,False,73,97,High (65-100),High (65-100)
PO003358,2025-08-10,V02,Tirupur,False,0.88,woven,overshirt,207,Bengaluru,Tier-1,COD,monsoon,5,16,1,3,3,34,51,2025-09-30,17,True,0.406,False,76,76,High (65-100),High (65-100)
PO003414,2025-08-10,V08,Ludhiana,False,0.84,woven,chinos,96,Kolkata,Tier-1,Prepaid,monsoon,1,20,1,5,3,34,51,2025-09-30,17,True,0.389,False,69,71,High (65-100),High (65-100)
PO003652,2025-08-10,V05,Bengaluru,False,0.93,knit,hoodie,206,Bengaluru,Tier-1,COD,monsoon,2,2,1,1,1,21,24,2025-09-03,3,False,0.275,False,24,40,Low (0-35),Medium (35-65)
PO003684,2025-08-10,V04,Tirupur,False,0.9,woven,overshirt,204,Surat,Tier-2,COD,monsoon,1,11,3,3,1,35,54,2025-10-03,19,True,0.395,True,74,79,High (65-100),High (65-100)
PO004498,2025-08-10,V02,Tirupur,False,0.88,knit,hoodie,66,Raipur,Tier-3,COD,monsoon,2,0,1,1,1,24,28,2025-09-07,4,False,0.33,False,44,65,Medium (35-65),Medium (35-65)
PO004679,2025-08-10,V02,Tirupur,False,0.88,knit,sweatshirt,138,Tiruchirappalli,Tier-3,COD,monsoon,2,3,0,1,2,24,29,2025-09-08,5,False,0.33,False,44,65,Medium (35-65),Medium (35-65)
PO004777,2025-08-10,V06,Bengaluru,False,0.89,knit,polo,127,Ahmedabad,Tier-2,COD,monsoon,1,1,3,0,2,22,24,2025-09-03,2,False,0.316,True,34,53,Low (0-35),Medium (35-65)
PO000330,2025-08-11,V04,Tirupur,False,0.9,knit,hoodie,172,Jodhpur,Tier-3,Prepaid,monsoon,0,4,3,2,1,24,28,2025-09-08,4,False,0.304,False,47,49,Medium (35-65),Medium (35-65)
PO000391,2025-08-11,V10,Delhi NCR,False,0.82,woven,overshirt,441,Ranchi,Tier-3,Prepaid,monsoon,3,2,1,3,1,37,53,2025-10-03,16,True,0.33,True,76,61,High (65-100),Medium (35-65)
PO000725,2025-08-11,V01,Tirupur,False,0.92,knit,t-shirt,105,Indore,Tier-2,Prepaid,monsoon,5,8,2,4,1,22,30,2025-09-10,8,True,0.33,True,54,50,Medium (35-65),Medium (35-65)
PO001569,2025-08-11,V05,Bengaluru,False,0.93,woven,shirt,303,Vadodara,Tier-2,COD,monsoon,0,2,0,4,3,35,34,2025-09-14,-1,False,0.389,True,60,94,Medium (35-65),High (65-100)
PO001715,2025-08-11,V05,Bengaluru,False,0.93,knit,hoodie,246,Chennai,Tier-1,Prepaid,monsoon,2,1,1,2,3,21,25,2025-09-05,4,False,0.26,False,28,28,Low (0-35),Low (0-35)
PO002661,2025-08-11,V05,Bengaluru,False,0.93,knit,henley,223,Chandigarh,Tier-2,COD,monsoon,1,1,1,1,1,22,26,2025-09-06,4,False,0.275,False,29,47,Low (0-35),Medium (35-65)
PO002966,2025-08-11,V01,Tirupur,False,0.92,knit,sweatshirt,166,Surat,Tier-2,COD,monsoon,2,1,2,2,2,22,27,2025-09-07,5,False,0.275,False,39,50,Medium (35-65),Medium (35-65)
PO002993,2025-08-11,V01,Tirupur,False,0.92,knit,sweatshirt,133,Surat,Tier-2,Prepaid,monsoon,1,1,1,2,2,22,30,2025-09-10,8,True,0.275,True,37,28,Medium (35-65),Low (0-35)
PO003062,2025-08-11,V05,Bengaluru,False,0.93,woven,denim-jacket,50,Pune,Tier-2,COD,monsoon,1,1,1,1,3,35,44,2025-09-24,9,True,0.406,False,57,73,Medium (35-65),High (65-100)
PO003380,2025-08-11,V01,Tirupur,False,0.92,knit,henley,311,Mumbai,Tier-1,COD,monsoon,3,5,2,1,2,21,28,2025-09-08,7,True,0.344,False,48,51,Medium (35-65),Medium (35-65)
PO004011,2025-08-11,V02,Tirupur,False,0.88,knit,sweatshirt,170,Tiruchirappalli,Tier-3,COD,monsoon,15,1,2,1,1,24,27,2025-09-07,3,False,0.33,True,50,65,Medium (35-65),Medium (35-65)
PO004518,2025-08-11,V01,Tirupur,False,0.92,knit,henley,50,Tiruchirappalli,Tier-3,COD,monsoon,5,2,1,2,2,24,34,2025-09-14,10,True,0.413,False,50,65,Medium (35-65),Medium (35-65)
PO004674,2025-08-11,V04,Tirupur,False,0.9,knit,polo,275,Vijayawada,Tier-3,COD,monsoon,1,3,1,2,1,24,32,2025-09-12,8,True,0.413,False,44,65,Medium (35-65),Medium (35-65)
PO001536,2025-08-12,V05,Bengaluru,False,0.93,knit,sweatshirt,186,Patna,Tier-3,Prepaid,monsoon,4,1,1,3,1,24,28,2025-09-09,4,False,0.264,False,38,32,Medium (35-65),Low (0-35)
PO001921,2025-08-12,V07,Ludhiana,False,0.87,knit,polo,219,Chandigarh,Tier-2,COD,monsoon,5,1,1,1,2,22,26,2025-09-07,4,False,0.275,False,31,47,Low (0-35),Medium (35-65)
PO001999,2025-08-12,V03,Tirupur,False,0.85,woven,trouser,115,Jodhpur,Tier-3,COD,monsoon,2,4,1,2,1,37,49,2025-09-30,12,True,0.413,False,66,80,High (65-100),High (65-100)
PO002256,2025-08-12,V01,Tirupur,False,0.92,knit,hoodie,331,Tiruchirappalli,Tier-3,Prepaid,monsoon,2,1,1,2,1,24,30,2025-09-11,6,True,0.33,True,42,43,Medium (35-65),Medium (35-65)
PO002348,2025-08-12,V04,Tirupur,False,0.9,knit,polo,209,Mysuru,Tier-3,Prepaid,monsoon,2,1,2,1,3,24,26,2025-09-07,2,False,0.312,False,48,53,Medium (35-65),Medium (35-65)
PO002765,2025-08-12,V09,Delhi NCR,False,0.86,woven,shirt,398,Surat,Tier-2,COD,monsoon,2,6,1,1,1,35,43,2025-09-24,8,True,0.344,False,63,70,Medium (35-65),High (65-100)
PO002883,2025-08-12,V02,Tirupur,False,0.88,knit,hoodie,233,Kochi,Tier-2,COD,monsoon,1,2,1,1,1,22,26,2025-09-07,4,False,0.275,False,39,50,Medium (35-65),Medium (35-65)
PO003689,2025-08-12,V06,Bengaluru,False,0.89,knit,sweatshirt,145,Chennai,Tier-1,COD,monsoon,1,1,2,0,1,21,25,2025-09-06,4,False,0.275,False,24,40,Low (0-35),Medium (35-65)
PO003793,2025-08-12,V07,Ludhiana,False,0.87,knit,t-shirt,176,Hyderabad,Tier-1,Prepaid,monsoon,1,0,0,3,2,21,23,2025-09-04,2,False,0.22,True,18,18,Low (0-35),Low (0-35)
PO004267,2025-08-12,V05,Bengaluru,False,0.93,knit,hoodie,336,Indore,Tier-2,COD,monsoon,1,0,1,0,1,22,25,2025-09-06,3,False,0.275,True,29,47,Low (0-35),Medium (35-65)
PO004298,2025-08-12,V03,Tirupur,False,0.85,knit,t-shirt,257,Coimbatore,Tier-2,Prepaid,monsoon,0,1,2,1,1,22,25,2025-09-06,3,False,0.22,False,37,28,Medium (35-65),Low (0-35)
PO004566,2025-08-12,V01,Tirupur,False,0.92,knit,sweatshirt,186,Jaipur,Tier-2,Prepaid,monsoon,0,3,1,3,2,22,27,2025-09-08,5,False,0.22,False,37,28,Medium (35-65),Low (0-35)
PO004605,2025-08-12,V07,Ludhiana,False,0.87,knit,t-shirt,182,Raipur,Tier-3,COD,monsoon,1,8,1,1,1,24,31,2025-09-12,7,True,0.413,False,38,54,Medium (35-65),Medium (35-65)
PO004648,2025-08-12,V06,Bengaluru,False,0.89,woven,trouser,142,Chandigarh,Tier-2,COD,monsoon,3,7,10,2,3,35,49,2025-09-30,14,True,0.466,True,76,86,High (65-100),High (65-100)
PO004932,2025-08-12,V05,Bengaluru,False,0.93,knit,sweatshirt,130,Indore,Tier-2,Prepaid,monsoon,9,2,1,2,1,22,28,2025-09-09,6,True,0.275,False,33,25,Low (0-35),Low (0-35)
PO000112,2025-08-13,V03,Tirupur,False,0.85,knit,hoodie,243,Chandigarh,Tier-2,Prepaid,monsoon,5,1,1,1,1,22,21,2025-09-03,-1,False,0.22,True,43,36,Medium (35-65),Medium (35-65)
PO000254,2025-08-13,V05,Bengaluru,False,0.93,knit,polo,229,Ranchi,Tier-3,COD,monsoon,2,1,1,3,2,24,26,2025-09-08,2,False,0.33,False,34,54,Low (0-35),Medium (35-65)
PO001131,2025-08-13,V02,Tirupur,False,0.88,knit,polo,264,Pune,Tier-2,COD,monsoon,1,1,1,1,1,22,25,2025-09-07,3,False,0.275,False,39,50,Medium (35-65),Medium (35-65)
PO001361,2025-08-13,V06,Bengaluru,False,0.89,knit,sweatshirt,162,Dehradun,Tier-3,COD,monsoon,4,1,4,2,2,24,28,2025-09-10,4,False,0.38,False,45,68,Medium (35-65),High (65-100)
PO001386,2025-08-13,V05,Bengaluru,False,0.93,knit,henley,50,Ahmedabad,Tier-2,Prepaid,monsoon,3,3,2,1,1,22,23,2025-09-05,1,False,0.22,False,33,25,Low (0-35),Low (0-35)
PO001724,2025-08-13,V07,Ludhiana,False,0.87,knit,hoodie,168,Hyderabad,Tier-1,COD,monsoon,2,0,1,2,1,21,22,2025-09-04,1,False,0.275,False,20,40,Low (0-35),Medium (35-65)
PO002104,2025-08-13,V01,Tirupur,False,0.92,knit,sweatshirt,282,Hyderabad,Tier-1,COD,monsoon,3,4,1,2,1,21,29,2025-09-11,8,True,0.344,False,40,51,Medium (35-65),Medium (35-65)
PO002367,2025-08-13,V01,Tirupur,False,0.92,woven,denim-jacket,229,Jaipur,Tier-2,COD,monsoon,0,5,1,4,1,35,43,2025-09-25,8,True,0.412,True,72,87,High (65-100),High (65-100)
PO002755,2025-08-13,V04,Tirupur,False,0.9,knit,t-shirt,221,Bengaluru,Tier-1,Prepaid,monsoon,1,1,0,0,1,21,26,2025-09-08,5,False,0.22,False,32,21,Low (0-35),Low (0-35)
PO004245,2025-08-13,V03,Tirupur,False,0.85,knit,sweatshirt,81,Bengaluru,Tier-1,Prepaid,monsoon,2,3,1,0,1,21,27,2025-09-09,6,True,0.275,False,32,21,Low (0-35),Low (0-35)
PO004456,2025-08-13,V02,Tirupur,False,0.88,knit,polo,302,Ranchi,Tier-3,Prepaid,monsoon,3,0,0,1,3,24,27,2025-09-09,3,False,0.312,True,54,53,Medium (35-65),Medium (35-65)
PO004636,2025-08-13,V02,Tirupur,False,0.88,woven,shirt,220,Guwahati,Tier-3,COD,monsoon,14,4,2,2,2,37,51,2025-10-03,14,True,0.413,False,72,80,High (65-100),High (65-100)
PO004852,2025-08-13,V09,Delhi NCR,False,0.86,woven,overshirt,103,Chandigarh,Tier-2,COD,monsoon,2,4,1,4,1,35,41,2025-09-23,6,True,0.412,True,50,77,Medium (35-65),High (65-100)
PO000270,2025-08-14,V01,Tirupur,False,0.92,knit,hoodie,287,Kolkata,Tier-1,Prepaid,monsoon,1,1,1,0,1,21,30,2025-09-13,9,True,0.275,True,32,21,Low (0-35),Low (0-35)
PO000395,2025-08-14,V01,Tirupur,False,0.92,knit,hoodie,329,Mumbai,Tier-1,Prepaid,monsoon,3,2,0,0,1,21,26,2025-09-09,5,False,0.22,False,38,21,Medium (35-65),Low (0-35)
PO001114,2025-08-14,V01,Tirupur,False,0.92,woven,chinos,102,Delhi,Tier-1,COD,monsoon,1,2,0,1,1,34,51,2025-10-04,17,True,0.344,True,56,59,Medium (35-65),Medium (35-65)
PO001399,2025-08-14,V03,Tirupur,False,0.85,knit,t-shirt,190,Bhubaneswar,Tier-3,Prepaid,monsoon,3,3,2,1,1,24,26,2025-09-09,2,False,0.264,False,48,43,Medium (35-65),Medium (35-65)
PO001420,2025-08-14,V04,Tirupur,False,0.9,woven,trouser,254,Kolkata,Tier-1,Prepaid,monsoon,2,3,0,3,3,34,43,2025-09-26,9,True,0.325,True,60,54,Medium (35-65),Medium (35-65)
PO001426,2025-08-14,V06,Bengaluru,False,0.89,knit,hoodie,214,Madurai,Tier-3,Prepaid,monsoon,6,1,1,4,1,24,23,2025-09-06,-1,False,0.317,False,41,54,Medium (35-65),Medium (35-65)
PO001517,2025-08-14,V01,Tirupur,False,0.92,knit,henley,267,Jodhpur,Tier-3,Prepaid,monsoon,3,3,1,4,1,24,28,2025-09-11,4,False,0.317,False,51,57,Medium (35-65),Medium (35-65)
PO001843,2025-08-14,V03,Tirupur,False,0.85,knit,henley,210,Coimbatore,Tier-2,Prepaid,monsoon,2,0,0,3,2,22,24,2025-09-07,2,False,0.22,False,37,28,Medium (35-65),Low (0-35)
PO001854,2025-08-14,V01,Tirupur,False,0.92,knit,t-shirt,208,Lucknow,Tier-2,Prepaid,monsoon,1,1,2,2,1,22,30,2025-09-13,8,True,0.275,False,37,28,Medium (35-65),Low (0-35)
PO002876,2025-08-14,V02,Tirupur,False,0.88,woven,trouser,174,Mumbai,Tier-1,Prepaid,monsoon,1,0,1,1,1,34,44,2025-09-27,10,True,0.275,True,54,37,Medium (35-65),Medium (35-65)
PO003198,2025-08-14,V01,Tirupur,False,0.92,knit,t-shirt,231,Delhi,Tier-1,Prepaid,monsoon,3,1,3,2,2,21,26,2025-09-09,5,False,0.253,False,43,35,Medium (35-65),Low (0-35)
PO003677,2025-08-14,V03,Tirupur,False,0.85,knit,hoodie,320,Chennai,Tier-1,Prepaid,monsoon,2,1,1,0,3,21,20,2025-09-03,-1,False,0.26,True,38,31,Medium (35-65),Low (0-35)
PO003780,2025-08-14,V02,Tirupur,False,0.88,knit,sweatshirt,134,Bhubaneswar,Tier-3,COD,monsoon,2,2,7,3,2,24,32,2025-09-15,8,True,0.474,True,49,71,Medium (35-65),High (65-100)
PO004238,2025-08-14,V04,Tirupur,False,0.9,knit,polo,203,Hyderabad,Tier-1,Prepaid,monsoon,1,4,1,4,3,21,28,2025-09-11,7,True,0.389,False,41,53,Medium (35-65),Medium (35-65)
PO000440,2025-08-15,V11,Tirupur,True,0.75,knit,t-shirt,50,Bengaluru,Tier-1,COD,monsoon,2,7,2,4,3,21,30,2025-09-14,9,True,0.56,False,95,100,High (65-100),High (65-100)
PO000469,2025-08-15,V06,Bengaluru,False,0.89,knit,hoodie,291,Bhubaneswar,Tier-3,COD,monsoon,1,1,2,2,2,24,31,2025-09-15,7,True,0.413,False,34,54,Low (0-35),Medium (35-65)
PO001458,2025-08-15,V10,Delhi NCR,False,0.82,knit,hoodie,240,Guwahati,Tier-3,Prepaid,monsoon,8,5,1,6,3,24,28,2025-09-12,4,False,0.374,False,63,77,Medium (35-65),High (65-100)
PO002248,2025-08-15,V01,Tirupur,False,0.92,knit,henley,194,Jaipur,Tier-2,COD,monsoon,0,1,1,1,2,22,22,2025-09-06,0,False,0.275,False,39,50,Medium (35-65),Medium (35-65)
PO003404,2025-08-15,V01,Tirupur,False,0.92,woven,chinos,343,Ahmedabad,Tier-2,COD,monsoon,1,11,1,2,1,35,40,2025-09-24,5,False,0.275,False,69,73,High (65-100),High (65-100)
PO003691,2025-08-15,V02,Tirupur,False,0.88,knit,hoodie,357,Kolkata,Tier-1,COD,monsoon,0,1,1,1,2,21,25,2025-09-09,4,False,0.275,False,42,51,Medium (35-65),Medium (35-65)
PO003931,2025-08-15,V02,Tirupur,False,0.88,knit,henley,126,Pune,Tier-2,COD,monsoon,1,3,1,3,2,22,23,2025-09-07,1,False,0.275,False,39,50,Medium (35-65),Medium (35-65)
PO004110,2025-08-15,V05,Bengaluru,False,0.93,woven,denim-jacket,162,Dehradun,Tier-3,Prepaid,monsoon,1,10,0,0,1,37,57,2025-10-11,20,True,0.33,False,62,55,Medium (35-65),Medium (35-65)
PO004784,2025-08-15,V02,Tirupur,False,0.88,knit,hoodie,167,Chennai,Tier-1,COD,monsoon,2,1,2,3,1,21,31,2025-09-15,10,True,0.344,False,34,43,Low (0-35),Medium (35-65)
PO004916,2025-08-15,V02,Tirupur,False,0.88,knit,hoodie,204,Ahmedabad,Tier-2,COD,monsoon,7,0,1,1,2,22,27,2025-09-11,5,False,0.275,False,45,58,Medium (35-65),Medium (35-65)
PO004955,2025-08-15,V07,Ludhiana,False,0.87,knit,t-shirt,114,Kochi,Tier-2,COD,monsoon,1,0,3,5,1,22,24,2025-09-08,2,False,0.38,False,33,67,Low (0-35),High (65-100)
PO000054,2025-08-16,V06,Bengaluru,False,0.89,knit,hoodie,142,Delhi,Tier-1,COD,monsoon,2,1,4,2,2,21,22,2025-09-07,1,False,0.316,True,29,46,Low (0-35),Medium (35-65)
PO000301,2025-08-16,V06,Bengaluru,False,0.89,woven,denim-jacket,294,Bengaluru,Tier-1,Prepaid,monsoon,8,1,4,1,1,34,42,2025-09-27,8,True,0.316,False,55,40,Medium (35-65),Medium (35-65)
PO000986,2025-08-16,V02,Tirupur,False,0.88,knit,t-shirt,204,Pune,Tier-2,COD,monsoon,1,1,0,1,1,22,22,2025-09-07,0,False,0.275,False,39,50,Medium (35-65),Medium (35-65)
PO001147,2025-08-16,V01,Tirupur,False,0.92,knit,henley,190,Guwahati,Tier-3,COD,monsoon,2,0,1,4,3,24,33,2025-09-18,9,True,0.584,False,53,89,Medium (35-65),High (65-100)
PO001231,2025-08-16,V10,Delhi NCR,False,0.82,knit,polo,259,Kochi,Tier-2,COD,monsoon,2,1,4,4,1,22,28,2025-09-13,6,True,0.474,False,45,81,Medium (35-65),High (65-100)
PO001330,2025-08-16,V06,Bengaluru,False,0.89,knit,henley,201,Dehradun,Tier-3,Prepaid,monsoon,2,3,1,5,2,24,28,2025-09-13,4,False,0.317,False,35,46,Low (0-35),Medium (35-65)
PO001835,2025-08-16,V03,Tirupur,False,0.85,knit,hoodie,131,Mumbai,Tier-1,Prepaid,monsoon,1,6,1,2,1,21,25,2025-09-10,4,False,0.22,False,40,29,Medium (35-65),Low (0-35)
PO002921,2025-08-16,V01,Tirupur,False,0.92,woven,denim-jacket,272,Hyderabad,Tier-1,Prepaid,monsoon,1,2,4,1,3,34,49,2025-10-04,15,True,0.373,False,65,60,Medium (35-65),Medium (35-65)
PO003369,2025-08-16,V08,Ludhiana,False,0.84,knit,hoodie,268,Surat,Tier-2,Prepaid,monsoon,2,1,0,5,2,22,26,2025-09-11,4,False,0.264,False,38,45,Medium (35-65),Medium (35-65)
PO003778,2025-08-16,V01,Tirupur,False,0.92,knit,polo,200,Jaipur,Tier-2,COD,monsoon,1,0,3,0,2,22,30,2025-09-15,8,True,0.395,False,44,64,Medium (35-65),Medium (35-65)
PO003898,2025-08-16,V01,Tirupur,False,0.92,knit,henley,118,Jodhpur,Tier-3,Prepaid,monsoon,3,2,6,1,1,24,28,2025-09-13,4,False,0.304,False,53,49,Medium (35-65),Medium (35-65)
PO004074,2025-08-16,V01,Tirupur,False,0.92,knit,henley,191,Mumbai,Tier-1,COD,monsoon,5,1,1,0,2,21,25,2025-09-10,4,False,0.275,True,40,51,Medium (35-65),Medium (35-65)
PO004160,2025-08-16,V01,Tirupur,False,0.92,knit,polo,183,Vadodara,Tier-2,COD,monsoon,1,0,1,2,2,22,24,2025-09-09,2,False,0.275,False,39,50,Medium (35-65),Medium (35-65)
PO004235,2025-08-16,V01,Tirupur,False,0.92,knit,polo,174,Indore,Tier-2,Prepaid,monsoon,4,3,2,0,2,22,31,2025-09-16,9,True,0.275,True,43,36,Medium (35-65),Medium (35-65)
PO004710,2025-08-16,V05,Bengaluru,False,0.93,knit,t-shirt,338,Madurai,Tier-3,COD,monsoon,2,1,2,1,1,24,26,2025-09-11,2,False,0.33,False,34,54,Low (0-35),Medium (35-65)
PO004781,2025-08-16,V04,Tirupur,False,0.9,woven,denim-jacket,302,Bhubaneswar,Tier-3,COD,monsoon,1,4,3,1,2,37,54,2025-10-09,17,True,0.474,False,71,86,High (65-100),High (65-100)
PO000336,2025-08-17,V05,Bengaluru,False,0.93,knit,sweatshirt,164,Tiruchirappalli,Tier-3,Prepaid,monsoon,1,1,1,2,1,24,24,2025-09-10,0,False,0.264,True,32,32,Low (0-35),Low (0-35)
PO000430,2025-08-17,V02,Tirupur,False,0.88,knit,hoodie,181,Kolkata,Tier-1,Prepaid,monsoon,2,2,2,2,2,21,24,2025-09-10,3,False,0.22,False,32,21,Low (0-35),Low (0-35)
PO001070,2025-08-17,V04,Tirupur,False,0.9,knit,hoodie,195,Dehradun,Tier-3,Prepaid,monsoon,1,0,6,0,3,24,27,2025-09-13,3,False,0.358,False,53,59,Medium (35-65),Medium (35-65)
PO001453,2025-08-17,V08,Ludhiana,False,0.84,woven,chinos,50,Chennai,Tier-1,COD,monsoon,0,1,2,5,1,34,41,2025-09-27,7,True,0.412,False,57,76,Medium (35-65),High (65-100)
PO001670,2025-08-17,V08,Ludhiana,False,0.84,woven,denim-jacket,99,Chandigarh,Tier-2,COD,monsoon,5,3,4,2,2,35,42,2025-09-28,7,True,0.395,True,70,82,High (65-100),High (65-100)
PO002191,2025-08-17,V01,Tirupur,False,0.92,knit,t-shirt,224,Delhi,Tier-1,COD,monsoon,3,2,0,1,1,21,23,2025-09-09,2,False,0.275,False,40,51,Medium (35-65),Medium (35-65)
PO002250,2025-08-17,V09,Delhi NCR,False,0.86,woven,shirt,297,Coimbatore,Tier-2,Prepaid,monsoon,1,1,3,0,1,35,42,2025-09-28,7,True,0.316,False,50,47,Medium (35-65),Medium (35-65)
PO002269,2025-08-17,V03,Tirupur,False,0.85,woven,denim-jacket,50,Lucknow,Tier-2,Prepaid,monsoon,2,2,3,1,1,35,49,2025-10-05,14,True,0.316,False,64,57,Medium (35-65),Medium (35-65)
PO002399,2025-08-17,V05,Bengaluru,False,0.93,knit,polo,183,Delhi,Tier-1,COD,monsoon,5,0,3,1,1,21,20,2025-09-06,-1,False,0.316,True,35,46,Low (0-35),Medium (35-65)
PO002856,2025-08-17,V01,Tirupur,False,0.92,knit,polo,229,Mumbai,Tier-1,COD,monsoon,1,5,0,1,3,21,25,2025-09-11,4,False,0.325,False,48,61,Medium (35-65),Medium (35-65)
PO003059,2025-08-17,V05,Bengaluru,False,0.93,woven,denim-jacket,222,Raipur,Tier-3,COD,monsoon,1,10,1,1,1,37,51,2025-10-07,14,True,0.413,False,64,77,Medium (35-65),High (65-100)
PO003468,2025-08-17,V02,Tirupur,False,0.88,knit,hoodie,136,Delhi,Tier-1,Prepaid,monsoon,3,6,2,3,1,21,31,2025-09-17,10,True,0.275,False,46,29,Medium (35-65),Low (0-35)
PO003574,2025-08-17,V05,Bengaluru,False,0.93,knit,sweatshirt,131,Chennai,Tier-1,COD,monsoon,3,3,1,1,3,21,27,2025-09-13,6,True,0.406,False,36,50,Medium (35-65),Medium (35-65)
PO003858,2025-08-17,V02,Tirupur,False,0.88,knit,t-shirt,60,Mumbai,Tier-1,Prepaid,monsoon,3,2,2,1,1,21,25,2025-09-11,4,False,0.22,False,38,21,Medium (35-65),Low (0-35)
PO003918,2025-08-17,V05,Bengaluru,False,0.93,knit,polo,333,Madurai,Tier-3,COD,monsoon,2,1,0,0,1,24,24,2025-09-10,0,False,0.33,False,34,54,Low (0-35),Medium (35-65)
PO004042,2025-08-17,V05,Bengaluru,False,0.93,knit,sweatshirt,223,Chandigarh,Tier-2,COD,monsoon,1,1,1,3,1,22,28,2025-09-14,6,True,0.344,False,29,47,Low (0-35),Medium (35-65)
PO004106,2025-08-17,V01,Tirupur,False,0.92,knit,henley,191,Chennai,Tier-1,Prepaid,monsoon,6,0,1,2,2,21,25,2025-09-11,4,False,0.22,False,38,21,Medium (35-65),Low (0-35)
PO004122,2025-08-17,V07,Ludhiana,False,0.87,woven,trouser,272,Raipur,Tier-3,Prepaid,monsoon,3,5,1,1,2,37,49,2025-10-05,12,True,0.33,False,64,55,Medium (35-65),Medium (35-65)
PO004885,2025-08-17,V01,Tirupur,False,0.92,knit,henley,158,Mumbai,Tier-1,COD,monsoon,2,5,3,3,1,21,22,2025-09-08,1,False,0.316,False,47,57,Medium (35-65),Medium (35-65)
PO004984,2025-08-17,V10,Delhi NCR,False,0.82,woven,shirt,220,Pune,Tier-2,COD,monsoon,1,10,1,6,1,35,42,2025-09-28,7,True,0.412,False,70,90,High (65-100),High (65-100)
PO000150,2025-08-18,V01,Tirupur,False,0.92,woven,denim-jacket,136,Ahmedabad,Tier-2,COD,monsoon,1,3,1,2,1,35,43,2025-09-30,8,True,0.344,False,61,73,Medium (35-65),High (65-100)
PO000736,2025-08-18,V02,Tirupur,False,0.88,knit,sweatshirt,169,Kolkata,Tier-1,Prepaid,monsoon,4,1,2,1,1,21,28,2025-09-15,7,True,0.275,False,38,21,Medium (35-65),Low (0-35)
PO000783,2025-08-18,V01,Tirupur,False,0.92,knit,t-shirt,259,Hyderabad,Tier-1,COD,monsoon,2,3,3,2,3,21,25,2025-09-12,4,False,0.373,True,45,67,Medium (35-65),High (65-100)
PO000925,2025-08-18,V03,Tirupur,False,0.85,knit,henley,206,Lucknow,Tier-2,Prepaid,monsoon,1,1,1,2,1,22,25,2025-09-12,3,False,0.22,False,37,28,Medium (35-65),Low (0-35)
PO000941,2025-08-18,V01,Tirupur,False,0.92,knit,sweatshirt,298,Tiruchirappalli,Tier-3,COD,monsoon,0,3,0,0,1,24,32,2025-09-19,8,True,0.413,True,44,65,Medium (35-65),Medium (35-65)
PO000946,2025-08-18,V01,Tirupur,False,0.92,knit,henley,165,Bengaluru,Tier-1,COD,monsoon,0,0,1,1,2,21,25,2025-09-12,4,False,0.275,False,34,43,Low (0-35),Medium (35-65)
PO000974,2025-08-18,V01,Tirupur,False,0.92,knit,polo,330,Nagpur,Tier-3,Prepaid,monsoon,1,1,1,1,1,24,26,2025-09-13,2,False,0.264,False,42,43,Medium (35-65),Medium (35-65)
PO000979,2025-08-18,V09,Delhi NCR,False,0.86,woven,overshirt,170,Vadodara,Tier-2,COD,monsoon,1,8,2,3,3,35,51,2025-10-08,16,True,0.406,True,61,80,Medium (35-65),High (65-100)
PO001577,2025-08-18,V08,Ludhiana,False,0.84,woven,overshirt,247,Indore,Tier-2,Prepaid,monsoon,1,3,3,3,1,35,44,2025-10-01,9,True,0.316,True,62,60,Medium (35-65),Medium (35-65)
PO002068,2025-08-18,V01,Tirupur,False,0.92,knit,sweatshirt,310,Jaipur,Tier-2,Prepaid,monsoon,3,1,1,1,2,22,31,2025-09-18,9,True,0.275,False,43,36,Medium (35-65),Medium (35-65)
PO002270,2025-08-18,V01,Tirupur,False,0.92,knit,t-shirt,142,Chennai,Tier-1,COD,monsoon,6,6,2,1,1,21,26,2025-09-13,5,False,0.275,False,48,51,Medium (35-65),Medium (35-65)
PO002766,2025-08-18,V05,Bengaluru,False,0.93,knit,sweatshirt,218,Ahmedabad,Tier-2,COD,monsoon,1,2,1,0,2,22,23,2025-09-10,1,False,0.275,False,29,47,Low (0-35),Medium (35-65)
PO003805,2025-08-18,V02,Tirupur,False,0.88,knit,polo,124,Delhi,Tier-1,Prepaid,monsoon,2,0,1,1,2,21,24,2025-09-11,3,False,0.22,False,32,21,Low (0-35),Low (0-35)
PO003986,2025-08-18,V05,Bengaluru,False,0.93,knit,henley,104,Indore,Tier-2,COD,monsoon,2,2,1,4,1,22,22,2025-09-09,0,False,0.33,True,32,61,Low (0-35),Medium (35-65)
PO004639,2025-08-18,V06,Bengaluru,False,0.89,woven,shirt,215,Nagpur,Tier-3,Prepaid,monsoon,5,4,2,0,3,37,52,2025-10-09,15,True,0.389,False,66,65,High (65-100),Medium (35-65)
PO004801,2025-08-18,V11,Tirupur,True,0.75,knit,hoodie,181,Jodhpur,Tier-3,Prepaid,monsoon,1,1,0,7,2,24,43,2025-09-30,19,True,0.455,False,89,82,High (65-100),High (65-100)
PO000775,2025-08-19,V03,Tirupur,False,0.85,knit,henley,252,Surat,Tier-2,Prepaid,monsoon,3,0,1,2,2,22,25,2025-09-13,3,False,0.22,False,43,36,Medium (35-65),Medium (35-65)
PO000985,2025-08-19,V03,Tirupur,False,0.85,knit,sweatshirt,227,Indore,Tier-2,Prepaid,monsoon,4,1,1,2,3,22,27,2025-09-15,5,False,0.26,False,49,46,Medium (35-65),Medium (35-65)
PO001211,2025-08-19,V03,Tirupur,False,0.85,knit,sweatshirt,248,Chennai,Tier-1,COD,monsoon,4,2,1,2,1,21,24,2025-09-12,3,False,0.275,True,40,51,Medium (35-65),Medium (35-65)
PO001626,2025-08-19,V01,Tirupur,False,0.92,knit,sweatshirt,121,Ranchi,Tier-3,COD,monsoon,3,9,1,4,1,24,34,2025-09-22,10,True,0.495,True,61,86,Medium (35-65),High (65-100)
PO001691,2025-08-19,V08,Ludhiana,False,0.84,woven,denim-jacket,207,Chandigarh,Tier-2,Prepaid,monsoon,8,3,1,1,1,35,41,2025-09-29,6,True,0.275,False,63,54,Medium (35-65),Medium (35-65)
PO001988,2025-08-19,V01,Tirupur,False,0.92,woven,denim-jacket,272,Jodhpur,Tier-3,COD,monsoon,2,6,3,2,2,37,47,2025-10-05,10,True,0.474,True,79,86,High (65-100),High (65-100)
PO002050,2025-08-19,V03,Tirupur,False,0.85,knit,t-shirt,136,Hyderabad,Tier-1,COD,monsoon,2,0,2,0,1,21,23,2025-09-11,2,False,0.275,False,34,43,Low (0-35),Medium (35-65)
PO002462,2025-08-19,V01,Tirupur,False,0.92,knit,sweatshirt,305,Pune,Tier-2,Prepaid,monsoon,3,1,3,1,2,22,28,2025-09-16,6,True,0.316,False,48,42,Medium (35-65),Medium (35-65)
PO002671,2025-08-19,V01,Tirupur,False,0.92,knit,henley,217,Delhi,Tier-1,COD,monsoon,1,1,1,1,2,21,24,2025-09-12,3,False,0.275,False,34,43,Low (0-35),Medium (35-65)
PO002821,2025-08-19,V06,Bengaluru,False,0.89,knit,t-shirt,249,Kolkata,Tier-1,COD,monsoon,0,0,1,1,2,21,20,2025-09-08,-1,False,0.275,False,24,40,Low (0-35),Medium (35-65)
PO003070,2025-08-19,V01,Tirupur,False,0.92,knit,hoodie,231,Coimbatore,Tier-2,Prepaid,monsoon,1,3,0,2,1,22,27,2025-09-15,5,False,0.22,True,37,28,Medium (35-65),Low (0-35)
PO003647,2025-08-19,V06,Bengaluru,False,0.89,knit,sweatshirt,278,Bhubaneswar,Tier-3,COD,monsoon,1,0,2,2,1,24,27,2025-09-15,3,False,0.33,False,34,54,Low (0-35),Medium (35-65)
PO004058,2025-08-19,V03,Tirupur,False,0.85,knit,hoodie,219,Chandigarh,Tier-2,Prepaid,monsoon,3,3,1,3,2,22,30,2025-09-18,8,True,0.275,False,43,36,Medium (35-65),Medium (35-65)
PO004383,2025-08-19,V05,Bengaluru,False,0.93,knit,sweatshirt,92,Guwahati,Tier-3,Prepaid,monsoon,5,1,2,1,1,24,25,2025-09-13,1,False,0.264,True,38,32,Medium (35-65),Low (0-35)
PO004487,2025-08-19,V10,Delhi NCR,False,0.82,woven,trouser,81,Vijayawada,Tier-3,COD,monsoon,3,1,1,1,1,37,46,2025-10-04,9,True,0.413,True,70,83,High (65-100),High (65-100)
PO000048,2025-08-20,V06,Bengaluru,False,0.89,knit,henley,266,Hyderabad,Tier-1,COD,monsoon,1,2,1,3,1,21,25,2025-09-14,4,False,0.275,True,24,40,Low (0-35),Medium (35-65)
PO001332,2025-08-20,V01,Tirupur,False,0.92,knit,henley,215,Jodhpur,Tier-3,COD,monsoon,1,1,1,1,1,24,28,2025-09-17,4,False,0.33,True,44,65,Medium (35-65),Medium (35-65)
PO001423,2025-08-20,V01,Tirupur,False,0.92,knit,hoodie,236,Raipur,Tier-3,COD,monsoon,0,13,1,0,1,24,28,2025-09-17,4,False,0.33,True,52,65,Medium (35-65),Medium (35-65)
PO002013,2025-08-20,V05,Bengaluru,False,0.93,knit,sweatshirt,279,Ranchi,Tier-3,Prepaid,monsoon,2,1,3,0,1,24,26,2025-09-15,2,False,0.304,False,37,38,Medium (35-65),Medium (35-65)
PO002685,2025-08-20,V10,Delhi NCR,False,0.82,woven,trouser,253,Vijayawada,Tier-3,COD,monsoon,1,3,1,3,3,37,50,2025-10-09,13,True,0.487,False,70,93,High (65-100),High (65-100)
PO002760,2025-08-20,V03,Tirupur,False,0.85,knit,t-shirt,50,Kolkata,Tier-1,Prepaid,monsoon,1,17,2,0,2,21,30,2025-09-19,9,True,0.275,False,40,29,Medium (35-65),Low (0-35)
PO003076,2025-08-20,V03,Tirupur,False,0.85,knit,sweatshirt,288,Mumbai,Tier-1,Prepaid,monsoon,1,1,1,2,3,21,24,2025-09-13,3,False,0.26,True,38,31,Medium (35-65),Low (0-35)
PO003366,2025-08-20,V01,Tirupur,False,0.92,knit,hoodie,98,Jaipur,Tier-2,COD,monsoon,3,1,1,1,1,22,25,2025-09-14,3,False,0.275,False,45,58,Medium (35-65),Medium (35-65)
PO003495,2025-08-20,V01,Tirupur,False,0.92,knit,henley,193,Dehradun,Tier-3,Prepaid,monsoon,3,1,0,0,1,24,27,2025-09-16,3,False,0.264,False,48,43,Medium (35-65),Medium (35-65)
PO004354,2025-08-20,V01,Tirupur,False,0.92,knit,t-shirt,340,Jaipur,Tier-2,COD,monsoon,1,1,5,0,1,22,22,2025-09-11,0,False,0.316,True,44,64,Medium (35-65),Medium (35-65)
PO000904,2025-08-21,V04,Tirupur,False,0.9,knit,hoodie,220,Ranchi,Tier-3,COD,monsoon,5,3,1,2,1,24,35,2025-09-25,11,True,0.413,True,50,65,Medium (35-65),Medium (35-65)
PO001486,2025-08-21,V05,Bengaluru,False,0.93,knit,sweatshirt,332,Kolkata,Tier-1,COD,monsoon,2,8,1,1,1,21,20,2025-09-10,-1,False,0.275,False,32,40,Low (0-35),Medium (35-65)
PO002179,2025-08-21,V09,Delhi NCR,False,0.86,woven,overshirt,307,Delhi,Tier-1,COD,monsoon,2,8,1,2,1,34,50,2025-10-10,16,True,0.344,True,50,56,Medium (35-65),Medium (35-65)
PO002350,2025-08-21,V12,Bengaluru,True,0.78,woven,denim-jacket,259,Kolkata,Tier-1,Prepaid,monsoon,2,9,1,3,3,34,57,2025-10-17,23,True,0.373,False,92,67,High (65-100),High (65-100)
PO003572,2025-08-21,V02,Tirupur,False,0.88,knit,sweatshirt,250,Ahmedabad,Tier-2,COD,monsoon,2,0,1,0,1,22,26,2025-09-16,4,False,0.275,False,39,50,Medium (35-65),Medium (35-65)
PO003577,2025-08-21,V02,Tirupur,False,0.88,knit,polo,138,Madurai,Tier-3,COD,monsoon,1,0,1,0,1,24,28,2025-09-18,4,False,0.33,False,44,65,Medium (35-65),Medium (35-65)
PO003611,2025-08-21,V09,Delhi NCR,False,0.86,woven,shirt,134,Pune,Tier-2,COD,monsoon,4,10,2,0,2,35,38,2025-09-28,3,False,0.275,False,61,70,Medium (35-65),High (65-100)
PO003756,2025-08-21,V02,Tirupur,False,0.88,knit,polo,140,Nagpur,Tier-3,COD,monsoon,2,1,0,0,1,24,22,2025-09-12,-2,False,0.33,True,44,65,Medium (35-65),Medium (35-65)
PO004185,2025-08-21,V02,Tirupur,False,0.88,woven,shirt,218,Nagpur,Tier-3,Prepaid,monsoon,15,13,2,1,1,37,60,2025-10-20,23,True,0.33,True,78,58,High (65-100),Medium (35-65)
PO004430,2025-08-21,V05,Bengaluru,False,0.93,knit,henley,461,Delhi,Tier-1,Prepaid,monsoon,8,1,0,3,2,21,28,2025-09-18,7,True,0.275,False,36,18,Medium (35-65),Low (0-35)
PO000235,2025-08-22,V09,Delhi NCR,False,0.86,woven,chinos,296,Hyderabad,Tier-1,Prepaid,monsoon,1,2,3,1,3,34,46,2025-10-07,12,True,0.373,False,51,50,Medium (35-65),Medium (35-65)
PO000829,2025-08-22,V04,Tirupur,False,0.9,knit,hoodie,289,Kochi,Tier-2,COD,monsoon,2,1,1,2,3,22,25,2025-09-16,3,False,0.325,False,45,68,Medium (35-65),High (65-100)
PO000938,2025-08-22,V08,Ludhiana,False,0.84,woven,denim-jacket,286,Chennai,Tier-1,Prepaid,monsoon,1,3,2,4,1,34,41,2025-10-02,7,True,0.33,False,55,54,Medium (35-65),Medium (35-65)
PO001288,2025-08-22,V02,Tirupur,False,0.88,knit,hoodie,309,Mumbai,Tier-1,COD,monsoon,0,9,3,1,2,21,25,2025-09-16,4,False,0.316,False,47,57,Medium (35-65),Medium (35-65)
PO001588,2025-08-22,V01,Tirupur,False,0.92,woven,trouser,102,Bhubaneswar,Tier-3,Prepaid,monsoon,2,1,1,1,1,37,50,2025-10-11,13,True,0.33,False,64,58,Medium (35-65),Medium (35-65)
PO001792,2025-08-22,V02,Tirupur,False,0.88,woven,denim-jacket,130,Coimbatore,Tier-2,COD,monsoon,1,1,2,1,1,35,48,2025-10-09,13,True,0.344,False,61,73,Medium (35-65),High (65-100)
PO003141,2025-08-22,V05,Bengaluru,False,0.93,knit,hoodie,176,Dehradun,Tier-3,COD,monsoon,1,0,2,2,2,24,27,2025-09-18,3,False,0.33,False,34,54,Low (0-35),Medium (35-65)
PO003326,2025-08-22,V02,Tirupur,False,0.88,knit,sweatshirt,162,Tiruchirappalli,Tier-3,Prepaid,monsoon,3,0,2,2,2,24,27,2025-09-18,3,False,0.264,True,48,43,Medium (35-65),Medium (35-65)
PO003423,2025-08-22,V01,Tirupur,False,0.92,knit,henley,198,Dehradun,Tier-3,COD,monsoon,4,7,4,2,1,24,33,2025-09-24,9,True,0.474,False,63,78,Medium (35-65),High (65-100)
PO003972,2025-08-22,V01,Tirupur,False,0.92,knit,henley,169,Chennai,Tier-1,COD,monsoon,0,1,3,2,1,21,30,2025-09-21,9,True,0.395,False,39,49,Medium (35-65),Medium (35-65)
PO004365,2025-08-22,V05,Bengaluru,False,0.93,knit,henley,279,Delhi,Tier-1,COD,monsoon,14,3,2,3,1,21,28,2025-09-19,7,True,0.344,False,30,40,Low (0-35),Medium (35-65)
PO004659,2025-08-22,V01,Tirupur,False,0.92,knit,hoodie,111,Jaipur,Tier-2,COD,monsoon,1,4,0,2,1,22,30,2025-09-21,8,True,0.344,True,39,50,Medium (35-65),Medium (35-65)
PO000082,2025-08-23,V05,Bengaluru,False,0.93,knit,polo,249,Delhi,Tier-1,COD,monsoon,1,1,0,3,1,21,22,2025-09-14,1,False,0.275,False,24,40,Low (0-35),Medium (35-65)
PO000190,2025-08-23,V02,Tirupur,False,0.88,knit,sweatshirt,223,Ranchi,Tier-3,Prepaid,monsoon,1,1,1,1,1,24,34,2025-09-26,10,True,0.33,False,42,43,Medium (35-65),Medium (35-65)
PO000319,2025-08-23,V05,Bengaluru,False,0.93,knit,hoodie,186,Nagpur,Tier-3,COD,monsoon,8,2,0,0,1,24,25,2025-09-17,1,False,0.33,True,40,62,Medium (35-65),Medium (35-65)
PO000565,2025-08-23,V03,Tirupur,False,0.85,knit,henley,201,Surat,Tier-2,COD,monsoon,3,1,5,1,1,22,31,2025-09-23,9,True,0.395,False,50,64,Medium (35-65),Medium (35-65)
PO000709,2025-08-23,V10,Delhi NCR,False,0.82,woven,trouser,98,Hyderabad,Tier-1,Prepaid,monsoon,1,4,1,5,2,34,45,2025-10-07,11,True,0.33,False,55,54,Medium (35-65),Medium (35-65)
PO000830,2025-08-23,V03,Tirupur,False,0.85,knit,hoodie,207,Ahmedabad,Tier-2,Prepaid,monsoon,4,1,3,3,2,22,26,2025-09-18,4,False,0.253,True,48,42,Medium (35-65),Medium (35-65)
PO001249,2025-08-23,V08,Ludhiana,False,0.84,knit,sweatshirt,238,Mumbai,Tier-1,Prepaid,monsoon,2,1,5,5,2,21,26,2025-09-18,5,False,0.304,True,38,44,Medium (35-65),Medium (35-65)
PO001266,2025-08-23,V07,Ludhiana,False,0.87,knit,polo,161,Ahmedabad,Tier-2,Prepaid,monsoon,2,1,0,2,1,22,22,2025-09-14,0,False,0.22,True,23,25,Low (0-35),Low (0-35)
PO001400,2025-08-23,V06,Bengaluru,False,0.89,knit,t-shirt,159,Indore,Tier-2,COD,monsoon,2,3,2,0,2,22,24,2025-09-16,2,False,0.275,False,29,47,Low (0-35),Medium (35-65)
PO001492,2025-08-23,V01,Tirupur,False,0.92,woven,chinos,194,Bengaluru,Tier-1,Prepaid,monsoon,2,8,1,2,2,34,44,2025-10-06,10,True,0.275,False,62,44,Medium (35-65),Medium (35-65)
PO001602,2025-08-23,V10,Delhi NCR,False,0.82,woven,shirt,328,Kolkata,Tier-1,Prepaid,monsoon,3,12,5,1,2,34,44,2025-10-06,10,True,0.316,True,71,53,High (65-100),Medium (35-65)
PO003036,2025-08-23,V06,Bengaluru,False,0.89,knit,polo,218,Delhi,Tier-1,COD,monsoon,2,3,1,1,1,21,24,2025-09-16,3,False,0.275,False,24,40,Low (0-35),Medium (35-65)
PO003172,2025-08-23,V02,Tirupur,False,0.88,woven,denim-jacket,184,Ahmedabad,Tier-2,Prepaid,monsoon,4,2,2,2,3,35,46,2025-10-08,11,True,0.325,False,71,61,High (65-100),Medium (35-65)
PO003665,2025-08-23,V09,Delhi NCR,False,0.86,woven,trouser,64,Chennai,Tier-1,COD,monsoon,2,4,0,0,1,34,38,2025-09-30,4,False,0.275,True,42,56,Medium (35-65),Medium (35-65)
PO004035,2025-08-23,V01,Tirupur,False,0.92,knit,hoodie,274,Coimbatore,Tier-2,COD,monsoon,1,0,0,0,1,22,26,2025-09-18,4,False,0.275,False,39,50,Medium (35-65),Medium (35-65)
PO004425,2025-08-23,V06,Bengaluru,False,0.89,knit,hoodie,161,Madurai,Tier-3,COD,monsoon,1,0,1,1,1,24,27,2025-09-19,3,False,0.33,False,34,54,Low (0-35),Medium (35-65)
PO004427,2025-08-23,V05,Bengaluru,False,0.93,knit,polo,268,Indore,Tier-2,COD,monsoon,4,1,1,2,1,22,26,2025-09-18,4,False,0.275,False,35,47,Low (0-35),Medium (35-65)
PO000008,2025-08-24,V03,Tirupur,False,0.85,knit,t-shirt,136,Jaipur,Tier-2,COD,monsoon,4,1,1,0,3,22,31,2025-09-24,9,True,0.406,True,51,68,Medium (35-65),High (65-100)
PO000566,2025-08-24,V03,Tirupur,False,0.85,knit,sweatshirt,331,Raipur,Tier-3,Prepaid,monsoon,5,3,1,2,3,24,28,2025-09-21,4,False,0.312,False,54,53,Medium (35-65),Medium (35-65)
PO001359,2025-08-24,V04,Tirupur,False,0.9,knit,hoodie,236,Hyderabad,Tier-1,COD,monsoon,9,4,2,1,3,21,31,2025-09-24,10,True,0.406,False,46,61,Medium (35-65),Medium (35-65)
PO001708,2025-08-24,V01,Tirupur,False,0.92,woven,overshirt,87,Jaipur,Tier-2,COD,monsoon,1,8,2,2,3,35,46,2025-10-09,11,True,0.406,False,75,83,High (65-100),High (65-100)
PO002195,2025-08-24,V01,Tirupur,False,0.92,knit,t-shirt,306,Kochi,Tier-2,Prepaid,monsoon,1,1,3,0,2,22,26,2025-09-19,4,False,0.253,False,42,42,Medium (35-65),Medium (35-65)
PO002525,2025-08-24,V06,Bengaluru,False,0.89,knit,t-shirt,218,Surat,Tier-2,COD,monsoon,1,11,1,1,1,22,22,2025-09-15,0,False,0.275,False,37,47,Medium (35-65),Medium (35-65)
PO003530,2025-08-24,V01,Tirupur,False,0.92,knit,hoodie,50,Raipur,Tier-3,COD,monsoon,2,2,1,2,2,24,30,2025-09-23,6,True,0.413,False,44,65,Medium (35-65),Medium (35-65)
PO003705,2025-08-24,V05,Bengaluru,False,0.93,knit,t-shirt,188,Madurai,Tier-3,COD,monsoon,0,1,1,2,1,24,23,2025-09-16,-1,False,0.33,False,34,54,Low (0-35),Medium (35-65)
PO004188,2025-08-24,V01,Tirupur,False,0.92,knit,henley,209,Bengaluru,Tier-1,COD,monsoon,4,0,2,0,2,21,26,2025-09-19,5,False,0.275,False,40,51,Medium (35-65),Medium (35-65)
PO004199,2025-08-24,V06,Bengaluru,False,0.89,woven,trouser,424,Lucknow,Tier-2,Prepaid,monsoon,4,4,1,1,3,35,49,2025-10-12,14,True,0.325,False,69,58,High (65-100),Medium (35-65)
PO004473,2025-08-24,V09,Delhi NCR,False,0.86,woven,overshirt,261,Mumbai,Tier-1,Prepaid,monsoon,1,1,3,0,1,34,45,2025-10-08,11,True,0.316,False,45,40,Medium (35-65),Medium (35-65)
PO001030,2025-08-25,V01,Tirupur,False,0.92,knit,henley,225,Kolkata,Tier-1,COD,monsoon,2,1,2,2,2,21,26,2025-09-20,5,False,0.275,False,34,43,Low (0-35),Medium (35-65)
PO001325,2025-08-25,V08,Ludhiana,False,0.84,knit,t-shirt,94,Kochi,Tier-2,Prepaid,monsoon,4,2,2,2,3,22,28,2025-09-22,6,True,0.325,False,47,49,Medium (35-65),Medium (35-65)
PO001393,2025-08-25,V05,Bengaluru,False,0.93,knit,t-shirt,324,Vijayawada,Tier-3,COD,monsoon,1,2,1,0,1,24,26,2025-09-20,2,False,0.33,False,34,54,Low (0-35),Medium (35-65)
PO001882,2025-08-25,V01,Tirupur,False,0.92,knit,polo,135,Coimbatore,Tier-2,Prepaid,monsoon,1,1,1,1,2,22,25,2025-09-19,3,False,0.22,False,37,28,Medium (35-65),Low (0-35)
PO002261,2025-08-25,V10,Delhi NCR,False,0.82,woven,overshirt,93,Madurai,Tier-3,Prepaid,monsoon,4,2,2,1,2,37,49,2025-10-13,12,True,0.33,True,68,61,High (65-100),Medium (35-65)
PO002389,2025-08-25,V04,Tirupur,False,0.9,knit,hoodie,242,Chandigarh,Tier-2,Prepaid,monsoon,1,0,0,1,2,22,29,2025-09-23,7,True,0.275,False,37,28,Medium (35-65),Low (0-35)
PO002476,2025-08-25,V02,Tirupur,False,0.88,knit,henley,329,Chennai,Tier-1,Prepaid,monsoon,1,2,1,6,1,21,28,2025-09-22,7,True,0.33,False,35,35,Low (0-35),Low (0-35)
PO002493,2025-08-25,V01,Tirupur,False,0.92,knit,henley,238,Madurai,Tier-3,COD,monsoon,4,0,0,0,3,24,30,2025-09-24,6,True,0.487,False,56,75,Medium (35-65),High (65-100)
PO002806,2025-08-25,V05,Bengaluru,False,0.93,knit,polo,290,Nagpur,Tier-3,COD,monsoon,1,2,0,3,2,24,26,2025-09-20,2,False,0.33,True,34,54,Low (0-35),Medium (35-65)
PO002886,2025-08-25,V02,Tirupur,False,0.88,knit,henley,244,Coimbatore,Tier-2,COD,monsoon,3,1,3,0,2,22,28,2025-09-22,6,True,0.395,False,50,64,Medium (35-65),Medium (35-65)
PO002935,2025-08-25,V05,Bengaluru,False,0.93,knit,sweatshirt,193,Coimbatore,Tier-2,COD,monsoon,1,1,1,0,2,22,27,2025-09-21,5,False,0.275,False,29,47,Low (0-35),Medium (35-65)
PO003977,2025-08-25,V08,Ludhiana,False,0.84,woven,overshirt,107,Jaipur,Tier-2,COD,monsoon,0,3,6,1,1,35,47,2025-10-11,12,True,0.395,False,64,82,Medium (35-65),High (65-100)
PO004098,2025-08-25,V01,Tirupur,False,0.92,woven,chinos,303,Bengaluru,Tier-1,COD,monsoon,2,16,4,0,3,34,46,2025-10-10,12,True,0.466,True,75,82,High (65-100),High (65-100)
PO000115,2025-08-26,V05,Bengaluru,False,0.93,knit,sweatshirt,344,Jaipur,Tier-2,COD,monsoon,3,2,3,1,1,22,25,2025-09-20,3,False,0.316,True,40,61,Medium (35-65),Medium (35-65)
PO000133,2025-08-26,V02,Tirupur,False,0.88,knit,t-shirt,295,Ranchi,Tier-3,COD,monsoon,1,1,2,2,2,24,27,2025-09-22,3,False,0.33,True,44,65,Medium (35-65),Medium (35-65)
PO000386,2025-08-26,V05,Bengaluru,False,0.93,knit,hoodie,194,Nagpur,Tier-3,COD,monsoon,1,1,1,0,1,24,31,2025-09-26,7,True,0.413,False,34,54,Low (0-35),Medium (35-65)
PO000483,2025-08-26,V05,Bengaluru,False,0.93,knit,henley,226,Madurai,Tier-3,Prepaid,monsoon,1,1,0,2,3,24,27,2025-09-22,3,False,0.312,False,38,42,Medium (35-65),Medium (35-65)
PO000699,2025-08-26,V07,Ludhiana,False,0.87,woven,trouser,303,Vadodara,Tier-2,COD,monsoon,3,4,2,2,2,35,41,2025-10-06,6,True,0.344,True,53,63,Medium (35-65),Medium (35-65)
PO000701,2025-08-26,V02,Tirupur,False,0.88,knit,polo,198,Mumbai,Tier-1,Prepaid,monsoon,2,4,5,1,2,21,25,2025-09-20,4,False,0.253,True,37,27,Medium (35-65),Low (0-35)
PO000734,2025-08-26,V01,Tirupur,False,0.92,knit,polo,208,Delhi,Tier-1,COD,monsoon,1,2,2,6,1,21,24,2025-09-19,3,False,0.33,False,37,57,Medium (35-65),Medium (35-65)
PO002410,2025-08-26,V05,Bengaluru,False,0.93,knit,sweatshirt,171,Kolkata,Tier-1,COD,monsoon,0,0,0,2,1,21,24,2025-09-19,3,False,0.275,True,24,40,Low (0-35),Medium (35-65)
PO002542,2025-08-26,V05,Bengaluru,False,0.93,knit,polo,306,Chandigarh,Tier-2,COD,monsoon,1,2,2,1,3,22,30,2025-09-25,8,True,0.406,False,35,57,Low (0-35),Medium (35-65)
PO003382,2025-08-26,V01,Tirupur,False,0.92,knit,sweatshirt,169,Mumbai,Tier-1,Prepaid,monsoon,3,1,1,1,3,21,27,2025-09-22,6,True,0.325,False,44,39,Medium (35-65),Medium (35-65)
PO003686,2025-08-26,V08,Ludhiana,False,0.84,knit,henley,189,Hyderabad,Tier-1,COD,monsoon,0,3,1,1,1,21,21,2025-09-16,0,False,0.275,False,32,46,Low (0-35),Medium (35-65)
PO003988,2025-08-26,V09,Delhi NCR,False,0.86,knit,sweatshirt,121,Guwahati,Tier-3,COD,monsoon,2,1,1,2,1,24,29,2025-09-24,5,False,0.33,True,30,54,Low (0-35),Medium (35-65)
PO000159,2025-08-27,V05,Bengaluru,False,0.93,knit,sweatshirt,197,Surat,Tier-2,COD,monsoon,0,1,1,1,2,22,23,2025-09-19,1,False,0.275,False,29,47,Low (0-35),Medium (35-65)
PO000173,2025-08-27,V01,Tirupur,False,0.92,knit,sweatshirt,237,Delhi,Tier-1,COD,monsoon,3,1,1,0,1,21,21,2025-09-17,0,False,0.275,False,40,51,Medium (35-65),Medium (35-65)
PO000253,2025-08-27,V09,Delhi NCR,False,0.86,woven,denim-jacket,215,Mysuru,Tier-3,COD,monsoon,1,7,1,1,2,37,47,2025-10-13,10,True,0.413,True,60,77,Medium (35-65),High (65-100)
PO000814,2025-08-27,V02,Tirupur,False,0.88,knit,t-shirt,246,Mumbai,Tier-1,COD,monsoon,1,5,0,3,2,21,23,2025-09-19,2,False,0.275,False,42,51,Medium (35-65),Medium (35-65)
PO000853,2025-08-27,V06,Bengaluru,False,0.89,knit,polo,144,Raipur,Tier-3,COD,monsoon,5,3,2,1,1,24,31,2025-09-27,7,True,0.413,False,40,62,Medium (35-65),Medium (35-65)
PO000896,2025-08-27,V03,Tirupur,False,0.85,knit,sweatshirt,218,Bhubaneswar,Tier-3,COD,monsoon,1,1,10,5,1,24,31,2025-09-27,7,True,0.569,True,52,85,Medium (35-65),High (65-100)
PO001148,2025-08-27,V06,Bengaluru,False,0.89,knit,hoodie,225,Bengaluru,Tier-1,COD,monsoon,4,1,2,2,3,21,21,2025-09-17,0,False,0.325,False,36,50,Medium (35-65),Medium (35-65)
PO001582,2025-08-27,V01,Tirupur,False,0.92,woven,denim-jacket,313,Delhi,Tier-1,COD,monsoon,0,8,1,2,3,34,45,2025-10-11,11,True,0.406,True,70,76,High (65-100),High (65-100)
PO001794,2025-08-27,V05,Bengaluru,False,0.93,knit,sweatshirt,195,Jaipur,Tier-2,COD,monsoon,1,2,1,1,1,22,20,2025-09-16,-2,False,0.275,False,29,47,Low (0-35),Medium (35-65)
PO001800,2025-08-27,V06,Bengaluru,False,0.89,knit,t-shirt,235,Hyderabad,Tier-1,COD,monsoon,0,1,3,2,1,21,22,2025-09-18,1,False,0.316,True,29,46,Low (0-35),Medium (35-65)
PO001894,2025-08-27,V01,Tirupur,False,0.92,knit,hoodie,66,Mumbai,Tier-1,COD,monsoon,2,2,2,3,1,21,28,2025-09-24,7,True,0.344,True,34,43,Low (0-35),Medium (35-65)
PO002228,2025-08-27,V05,Bengaluru,False,0.93,woven,shirt,265,Chandigarh,Tier-2,COD,monsoon,5,1,0,1,1,35,42,2025-10-08,7,True,0.344,True,57,63,Medium (35-65),Medium (35-65)
PO002329,2025-08-27,V10,Delhi NCR,False,0.82,woven,trouser,124,Surat,Tier-2,Prepaid,monsoon,1,5,1,3,2,35,38,2025-10-04,3,False,0.22,False,65,54,Medium (35-65),Medium (35-65)
PO002904,2025-08-27,V02,Tirupur,False,0.88,woven,chinos,221,Chennai,Tier-1,Prepaid,monsoon,0,3,1,1,1,34,47,2025-10-13,13,True,0.275,False,54,37,Medium (35-65),Medium (35-65)
PO003031,2025-08-27,V02,Tirupur,False,0.88,knit,t-shirt,229,Pune,Tier-2,COD,monsoon,1,5,2,3,1,22,25,2025-09-21,3,False,0.275,False,47,58,Medium (35-65),Medium (35-65)
PO003231,2025-08-27,V01,Tirupur,False,0.92,knit,henley,147,Tiruchirappalli,Tier-3,Prepaid,monsoon,1,1,0,1,1,24,28,2025-09-24,4,False,0.264,False,42,43,Medium (35-65),Medium (35-65)
PO003238,2025-08-27,V09,Delhi NCR,False,0.86,woven,overshirt,181,Chennai,Tier-1,COD,monsoon,1,5,3,1,3,34,37,2025-10-03,3,False,0.373,False,61,79,Medium (35-65),High (65-100)
PO003273,2025-08-27,V06,Bengaluru,False,0.89,knit,polo,132,Pune,Tier-2,COD,monsoon,1,1,2,2,2,22,24,2025-09-20,2,False,0.275,False,29,47,Low (0-35),Medium (35-65)
PO003662,2025-08-27,V10,Delhi NCR,False,0.82,woven,denim-jacket,220,Vadodara,Tier-2,Prepaid,monsoon,1,1,1,5,2,35,44,2025-10-10,9,True,0.33,False,60,68,Medium (35-65),High (65-100)
PO003901,2025-08-27,V01,Tirupur,False,0.92,knit,henley,339,Mumbai,Tier-1,Prepaid,monsoon,3,2,1,0,1,21,27,2025-09-23,6,True,0.275,True,38,21,Medium (35-65),Low (0-35)
PO004105,2025-08-27,V03,Tirupur,False,0.85,knit,henley,210,Tiruchirappalli,Tier-3,Prepaid,monsoon,2,4,0,2,1,24,28,2025-09-24,4,False,0.264,False,42,43,Medium (35-65),Medium (35-65)
PO004616,2025-08-27,V02,Tirupur,False,0.88,woven,shirt,320,Jaipur,Tier-2,COD,monsoon,1,2,1,0,1,35,40,2025-10-06,5,False,0.275,True,61,73,Medium (35-65),High (65-100)
PO004647,2025-08-27,V05,Bengaluru,False,0.93,knit,t-shirt,407,Pune,Tier-2,COD,monsoon,2,4,2,5,2,22,30,2025-09-26,8,True,0.412,False,40,69,Medium (35-65),High (65-100)
PO004871,2025-08-27,V05,Bengaluru,False,0.93,knit,t-shirt,309,Jaipur,Tier-2,Prepaid,monsoon,8,0,2,3,1,22,27,2025-09-23,5,False,0.22,False,33,25,Low (0-35),Low (0-35)
PO000176,2025-08-28,V04,Tirupur,False,0.9,woven,denim-jacket,99,Kolkata,Tier-1,Prepaid,monsoon,2,8,1,0,1,34,39,2025-10-06,5,False,0.22,False,62,44,Medium (35-65),Medium (35-65)
PO000198,2025-08-28,V06,Bengaluru,False,0.89,knit,t-shirt,209,Hyderabad,Tier-1,Prepaid,monsoon,3,0,4,2,2,21,24,2025-09-21,3,False,0.253,False,33,24,Low (0-35),Low (0-35)
PO000851,2025-08-28,V04,Tirupur,False,0.9,woven,shirt,55,Vadodara,Tier-2,COD,monsoon,2,3,1,0,2,35,48,2025-10-15,13,True,0.344,False,61,73,Medium (35-65),High (65-100)
PO001204,2025-08-28,V01,Tirupur,False,0.92,knit,sweatshirt,200,Chennai,Tier-1,Prepaid,monsoon,1,0,1,2,1,21,24,2025-09-21,3,False,0.22,False,32,21,Low (0-35),Low (0-35)
PO001564,2025-08-28,V09,Delhi NCR,False,0.86,woven,shirt,182,Coimbatore,Tier-2,COD,monsoon,1,1,0,1,1,35,47,2025-10-14,12,True,0.344,False,47,63,Medium (35-65),Medium (35-65)
PO002055,2025-08-28,V02,Tirupur,False,0.88,knit,hoodie,310,Indore,Tier-2,Prepaid,monsoon,4,3,1,1,2,22,25,2025-09-22,3,False,0.22,True,43,36,Medium (35-65),Medium (35-65)
PO002064,2025-08-28,V07,Ludhiana,False,0.87,knit,henley,278,Hyderabad,Tier-1,COD,monsoon,6,1,2,1,1,21,26,2025-09-23,5,False,0.275,False,26,40,Low (0-35),Medium (35-65)
PO002083,2025-08-28,V10,Delhi NCR,False,0.82,woven,denim-jacket,100,Hyderabad,Tier-1,Prepaid,monsoon,2,16,1,1,1,34,46,2025-10-13,12,True,0.275,True,60,47,Medium (35-65),Medium (35-65)
PO002315,2025-08-28,V01,Tirupur,False,0.92,knit,polo,50,Patna,Tier-3,Prepaid,monsoon,1,0,0,0,1,24,28,2025-09-25,4,False,0.264,True,42,43,Medium (35-65),Medium (35-65)
PO002342,2025-08-28,V05,Bengaluru,False,0.93,knit,polo,226,Mysuru,Tier-3,COD,monsoon,5,4,0,3,3,24,29,2025-09-26,5,False,0.389,False,46,72,Medium (35-65),High (65-100)
PO004335,2025-08-28,V01,Tirupur,False,0.92,knit,polo,320,Jodhpur,Tier-3,COD,monsoon,3,1,0,1,3,24,27,2025-09-24,3,False,0.389,False,56,75,Medium (35-65),High (65-100)
PO004745,2025-08-28,V06,Bengaluru,False,0.89,woven,chinos,370,Chandigarh,Tier-2,COD,monsoon,3,17,2,2,1,35,40,2025-10-07,5,False,0.275,False,73,70,High (65-100),High (65-100)
PO004904,2025-08-28,V01,Tirupur,False,0.92,knit,t-shirt,219,Coimbatore,Tier-2,COD,monsoon,1,1,1,3,1,22,26,2025-09-23,4,False,0.275,True,39,50,Medium (35-65),Medium (35-65)
PO000326,2025-08-29,V07,Ludhiana,False,0.87,knit,sweatshirt,217,Kochi,Tier-2,COD,monsoon,6,0,1,2,1,22,23,2025-09-21,1,False,0.275,False,31,47,Low (0-35),Medium (35-65)
PO000596,2025-08-29,V01,Tirupur,False,0.92,knit,sweatshirt,135,Patna,Tier-3,Prepaid,monsoon,1,1,1,3,2,24,30,2025-09-28,6,True,0.33,False,42,43,Medium (35-65),Medium (35-65)
PO001635,2025-08-29,V01,Tirupur,False,0.92,woven,trouser,206,Patna,Tier-3,COD,monsoon,6,20,1,3,1,37,56,2025-10-24,19,True,0.413,False,80,80,High (65-100),High (65-100)
PO001687,2025-08-29,V05,Bengaluru,False,0.93,woven,overshirt,291,Indore,Tier-2,COD,monsoon,1,6,2,3,1,35,48,2025-10-16,13,True,0.344,False,59,63,Medium (35-65),Medium (35-65)
PO001981,2025-08-29,V01,Tirupur,False,0.92,knit,polo,342,Kochi,Tier-2,COD,monsoon,3,1,2,2,3,22,24,2025-09-22,2,False,0.325,False,51,68,Medium (35-65),High (65-100)
PO001994,2025-08-29,V02,Tirupur,False,0.88,woven,trouser,53,Hyderabad,Tier-1,COD,monsoon,1,5,1,1,3,34,49,2025-10-17,15,True,0.406,True,70,76,High (65-100),High (65-100)
PO003081,2025-08-29,V01,Tirupur,False,0.92,knit,t-shirt,216,Delhi,Tier-1,Prepaid,monsoon,3,2,1,2,1,21,24,2025-09-22,3,False,0.22,True,38,21,Medium (35-65),Low (0-35)
PO004385,2025-08-29,V01,Tirupur,False,0.92,knit,hoodie,314,Raipur,Tier-3,COD,monsoon,1,1,0,0,2,24,34,2025-10-02,10,True,0.413,False,44,65,Medium (35-65),Medium (35-65)
PO004782,2025-08-29,V08,Ludhiana,False,0.84,woven,denim-jacket,254,Bengaluru,Tier-1,COD,monsoon,2,3,1,3,2,34,45,2025-10-13,11,True,0.344,True,54,62,Medium (35-65),Medium (35-65)
PO004789,2025-08-29,V05,Bengaluru,False,0.93,knit,henley,129,Ranchi,Tier-3,Prepaid,monsoon,1,1,1,0,1,24,28,2025-09-26,4,False,0.264,False,32,32,Low (0-35),Low (0-35)
PO000036,2025-08-30,V01,Tirupur,False,0.92,woven,chinos,289,Surat,Tier-2,COD,monsoon,0,3,1,0,1,35,46,2025-10-15,11,True,0.344,False,61,73,Medium (35-65),High (65-100)
PO000206,2025-08-30,V06,Bengaluru,False,0.89,knit,henley,127,Bhubaneswar,Tier-3,COD,monsoon,7,2,3,1,2,24,26,2025-09-25,2,False,0.38,False,45,68,Medium (35-65),High (65-100)
PO001016,2025-08-30,V01,Tirupur,False,0.92,knit,sweatshirt,163,Ahmedabad,Tier-2,COD,monsoon,5,1,2,1,1,22,28,2025-09-27,6,True,0.344,False,45,58,Medium (35-65),Medium (35-65)
PO001037,2025-08-30,V01,Tirupur,False,0.92,knit,hoodie,50,Ranchi,Tier-3,Prepaid,monsoon,1,2,1,2,2,24,31,2025-09-30,7,True,0.33,True,42,43,Medium (35-65),Medium (35-65)
PO001176,2025-08-30,V02,Tirupur,False,0.88,woven,shirt,196,Guwahati,Tier-3,Prepaid,monsoon,2,7,4,1,1,37,49,2025-10-18,12,True,0.38,True,77,64,High (65-100),Medium (35-65)
PO001410,2025-08-30,V05,Bengaluru,False,0.93,knit,hoodie,134,Kolkata,Tier-1,Prepaid,monsoon,2,0,0,3,1,21,23,2025-09-22,2,False,0.22,True,22,18,Low (0-35),Low (0-35)
PO001711,2025-08-30,V10,Delhi NCR,False,0.82,woven,overshirt,126,Lucknow,Tier-2,COD,monsoon,4,2,1,3,2,35,41,2025-10-10,6,True,0.344,True,65,76,Medium (35-65),High (65-100)
PO002051,2025-08-30,V01,Tirupur,False,0.92,knit,henley,58,Chennai,Tier-1,Prepaid,monsoon,2,2,2,2,1,21,30,2025-09-29,9,True,0.275,False,32,21,Low (0-35),Low (0-35)
PO002114,2025-08-30,V08,Ludhiana,False,0.84,woven,shirt,227,Vadodara,Tier-2,Prepaid,monsoon,1,1,1,0,2,35,48,2025-10-17,13,True,0.275,False,57,47,Medium (35-65),Medium (35-65)
PO002317,2025-08-30,V05,Bengaluru,False,0.93,knit,henley,145,Chandigarh,Tier-2,COD,monsoon,1,7,2,5,1,22,22,2025-09-21,0,False,0.33,False,40,69,Medium (35-65),High (65-100)
PO002491,2025-08-30,V01,Tirupur,False,0.92,knit,hoodie,208,Jodhpur,Tier-3,Prepaid,monsoon,1,1,4,0,1,24,23,2025-09-22,-1,False,0.304,True,47,49,Medium (35-65),Medium (35-65)
PO002988,2025-08-30,V01,Tirupur,False,0.92,woven,chinos,115,Chennai,Tier-1,Prepaid,monsoon,1,2,2,1,1,34,46,2025-10-15,12,True,0.275,False,54,37,Medium (35-65),Medium (35-65)
PO003315,2025-08-30,V08,Ludhiana,False,0.84,knit,sweatshirt,265,Surat,Tier-2,COD,monsoon,4,1,2,1,2,22,25,2025-09-24,3,False,0.275,False,43,61,Medium (35-65),Medium (35-65)
PO003353,2025-08-30,V05,Bengaluru,False,0.93,woven,shirt,287,Madurai,Tier-3,Prepaid,monsoon,8,2,0,1,2,37,49,2025-10-18,12,True,0.33,True,60,55,Medium (35-65),Medium (35-65)
PO004555,2025-08-30,V01,Tirupur,False,0.92,knit,henley,188,Mumbai,Tier-1,Prepaid,monsoon,3,1,2,0,2,21,24,2025-09-23,3,False,0.22,False,38,21,Medium (35-65),Low (0-35)
PO004808,2025-08-30,V10,Delhi NCR,False,0.82,woven,shirt,50,Raipur,Tier-3,COD,monsoon,2,13,1,1,2,37,48,2025-10-17,11,True,0.413,False,72,83,High (65-100),High (65-100)
PO004878,2025-08-30,V08,Ludhiana,False,0.84,woven,chinos,228,Pune,Tier-2,Prepaid,monsoon,2,4,1,3,1,35,48,2025-10-17,13,True,0.275,False,57,47,Medium (35-65),Medium (35-65)
PO000936,2025-08-31,V12,Bengaluru,True,0.78,knit,sweatshirt,87,Delhi,Tier-1,COD,monsoon,3,3,4,8,2,21,28,2025-09-28,7,True,0.546,False,78,91,High (65-100),High (65-100)
PO001924,2025-08-31,V01,Tirupur,False,0.92,knit,henley,139,Coimbatore,Tier-2,Prepaid,monsoon,2,2,0,1,1,22,26,2025-09-26,4,False,0.22,False,37,28,Medium (35-65),Low (0-35)
PO002115,2025-08-31,V02,Tirupur,False,0.88,knit,polo,280,Mumbai,Tier-1,COD,monsoon,3,1,1,2,1,21,23,2025-09-23,2,False,0.275,False,40,51,Medium (35-65),Medium (35-65)
PO002352,2025-08-31,V01,Tirupur,False,0.92,knit,sweatshirt,185,Mysuru,Tier-3,COD,monsoon,4,3,2,1,2,24,30,2025-09-30,6,True,0.413,False,50,65,Medium (35-65),Medium (35-65)
PO002392,2025-08-31,V08,Ludhiana,False,0.84,woven,trouser,307,Chennai,Tier-1,COD,monsoon,0,6,1,1,1,34,43,2025-10-13,9,True,0.344,False,62,69,Medium (35-65),High (65-100)
PO002508,2025-08-31,V06,Bengaluru,False,0.89,knit,henley,207,Surat,Tier-2,COD,monsoon,4,4,2,3,3,22,24,2025-09-24,2,False,0.325,False,41,65,Medium (35-65),Medium (35-65)
PO002694,2025-08-31,V04,Tirupur,False,0.9,knit,sweatshirt,50,Vijayawada,Tier-3,COD,monsoon,2,2,2,1,2,24,26,2025-09-26,2,False,0.33,True,44,65,Medium (35-65),Medium (35-65)
PO002972,2025-08-31,V02,Tirupur,False,0.88,knit,polo,187,Mumbai,Tier-1,COD,monsoon,2,0,1,3,2,21,24,2025-09-24,3,False,0.275,True,34,43,Low (0-35),Medium (35-65)
PO003184,2025-08-31,V02,Tirupur,False,0.88,knit,hoodie,50,Kochi,Tier-2,Prepaid,monsoon,3,1,1,6,3,22,26,2025-09-26,4,False,0.312,False,52,60,Medium (35-65),Medium (35-65)
PO003328,2025-08-31,V02,Tirupur,False,0.88,knit,polo,160,Madurai,Tier-3,COD,monsoon,5,4,2,1,1,24,30,2025-09-30,6,True,0.413,True,50,65,Medium (35-65),Medium (35-65)
PO003822,2025-08-31,V02,Tirupur,False,0.88,woven,chinos,266,Mysuru,Tier-3,Prepaid,monsoon,2,6,2,3,1,37,52,2025-10-22,15,True,0.33,False,72,58,High (65-100),Medium (35-65)
PO004129,2025-08-31,V06,Bengaluru,False,0.89,knit,t-shirt,87,Bengaluru,Tier-1,Prepaid,monsoon,1,1,1,3,2,21,18,2025-09-18,-3,False,0.22,True,22,18,Low (0-35),Low (0-35)
PO004548,2025-08-31,V07,Ludhiana,False,0.87,knit,sweatshirt,188,Chandigarh,Tier-2,COD,monsoon,4,1,2,3,2,22,24,2025-09-24,2,False,0.275,True,31,47,Low (0-35),Medium (35-65)
PO004595,2025-08-31,V02,Tirupur,False,0.88,knit,henley,354,Surat,Tier-2,COD,monsoon,2,2,2,1,1,22,24,2025-09-24,2,False,0.275,True,47,58,Medium (35-65),Medium (35-65)
PO000182,2025-09-01,V01,Tirupur,False,0.92,woven,chinos,215,Guwahati,Tier-3,COD,festive,8,19,2,1,2,37,49,2025-10-20,12,True,0.512,False,74,98,High (65-100),High (65-100)
PO000281,2025-09-01,V03,Tirupur,False,0.85,knit,henley,300,Tiruchirappalli,Tier-3,COD,festive,7,0,4,1,1,24,33,2025-10-04,9,True,0.588,True,59,92,Medium (35-65),High (65-100)
PO000333,2025-09-01,V01,Tirupur,False,0.92,knit,t-shirt,330,Coimbatore,Tier-2,Prepaid,festive,4,1,2,1,3,22,32,2025-10-03,10,True,0.325,False,53,53,Medium (35-65),Medium (35-65)
PO000495,2025-09-01,V06,Bengaluru,False,0.89,knit,t-shirt,164,Kolkata,Tier-1,COD,festive,2,1,2,2,3,21,25,2025-09-26,4,False,0.402,False,34,71,Low (0-35),High (65-100)
PO000723,2025-09-01,V06,Bengaluru,False,0.89,knit,polo,55,Madurai,Tier-3,COD,festive,1,1,1,2,1,24,34,2025-10-05,10,True,0.512,True,38,75,Medium (35-65),High (65-100)
PO000780,2025-09-01,V05,Bengaluru,False,0.93,knit,hoodie,208,Mumbai,Tier-1,COD,festive,11,2,4,1,2,21,26,2025-09-27,5,False,0.392,False,39,67,Medium (35-65),High (65-100)
PO000825,2025-09-01,V05,Bengaluru,False,0.93,knit,henley,223,Coimbatore,Tier-2,Prepaid,festive,3,4,1,1,1,22,26,2025-09-27,4,False,0.22,True,37,32,Medium (35-65),Low (0-35)
PO000953,2025-09-01,V11,Tirupur,True,0.75,knit,henley,180,Jodhpur,Tier-3,COD,festive,2,1,3,5,2,24,41,2025-10-12,17,True,0.812,True,100,100,High (65-100),High (65-100)
PO001043,2025-09-01,V03,Tirupur,False,0.85,knit,henley,267,Ranchi,Tier-3,Prepaid,festive,2,2,5,1,1,24,35,2025-10-06,11,True,0.38,True,51,56,Medium (35-65),Medium (35-65)
PO001055,2025-09-01,V05,Bengaluru,False,0.93,knit,henley,74,Mumbai,Tier-1,Prepaid,festive,7,1,1,3,2,21,29,2025-09-30,8,True,0.275,True,32,25,Low (0-35),Low (0-35)
PO001128,2025-09-01,V01,Tirupur,False,0.92,woven,trouser,307,Bhubaneswar,Tier-3,COD,festive,1,2,2,2,3,37,43,2025-10-14,6,True,0.604,True,66,100,High (65-100),High (65-100)
PO001455,2025-09-01,V02,Tirupur,False,0.88,knit,hoodie,223,Delhi,Tier-1,Prepaid,festive,3,2,5,3,1,21,28,2025-09-29,7,True,0.316,False,47,42,Medium (35-65),Medium (35-65)
PO001513,2025-09-01,V07,Ludhiana,False,0.87,knit,polo,238,Ranchi,Tier-3,COD,festive,2,0,4,1,2,24,32,2025-10-03,8,True,0.588,False,39,81,Medium (35-65),High (65-100)
PO001810,2025-09-01,V04,Tirupur,False,0.9,knit,sweatshirt,58,Chennai,Tier-1,COD,festive,5,1,1,1,1,21,28,2025-09-29,7,True,0.426,True,44,72,Medium (35-65),High (65-100)
PO002239,2025-09-01,V05,Bengaluru,False,0.93,knit,hoodie,185,Tiruchirappalli,Tier-3,Prepaid,festive,5,0,3,1,2,24,29,2025-09-30,5,False,0.304,False,47,53,Medium (35-65),Medium (35-65)
PO002738,2025-09-01,V05,Bengaluru,False,0.93,knit,t-shirt,50,Guwahati,Tier-3,COD,festive,6,3,0,1,3,24,35,2025-10-06,11,True,0.604,False,50,93,Medium (35-65),High (65-100)
PO002780,2025-09-01,V02,Tirupur,False,0.88,woven,trouser,147,Mumbai,Tier-1,Prepaid,festive,1,4,4,2,3,34,57,2025-10-28,23,True,0.373,True,59,57,Medium (35-65),Medium (35-65)
PO002941,2025-09-01,V12,Bengaluru,True,0.78,knit,henley,204,Coimbatore,Tier-2,COD,festive,2,1,2,2,1,22,33,2025-10-04,11,True,0.49,False,67,99,High (65-100),High (65-100)
PO003230,2025-09-01,V01,Tirupur,False,0.92,knit,polo,202,Delhi,Tier-1,COD,festive,2,3,3,3,1,21,26,2025-09-27,5,False,0.392,False,43,78,Medium (35-65),High (65-100)
PO003337,2025-09-01,V01,Tirupur,False,0.92,knit,henley,263,Pune,Tier-2,COD,festive,4,2,5,3,1,22,31,2025-10-02,9,True,0.49,False,54,85,Medium (35-65),High (65-100)
PO003411,2025-09-01,V01,Tirupur,False,0.92,knit,hoodie,296,Bengaluru,Tier-1,Prepaid,festive,2,0,2,0,1,21,27,2025-09-28,6,True,0.275,True,36,28,Medium (35-65),Low (0-35)
PO003422,2025-09-01,V01,Tirupur,False,0.92,knit,polo,201,Delhi,Tier-1,COD,festive,9,7,2,3,1,21,32,2025-10-03,11,True,0.426,False,52,72,Medium (35-65),High (65-100)
PO003462,2025-09-01,V05,Bengaluru,False,0.93,knit,henley,218,Chennai,Tier-1,COD,festive,3,8,2,0,2,21,24,2025-09-25,3,False,0.341,True,42,69,Medium (35-65),High (65-100)
PO003549,2025-09-01,V04,Tirupur,False,0.9,knit,t-shirt,163,Bengaluru,Tier-1,COD,festive,12,1,1,0,1,21,29,2025-09-30,8,True,0.426,False,44,72,Medium (35-65),High (65-100)
PO003626,2025-09-01,V02,Tirupur,False,0.88,knit,henley,254,Chennai,Tier-1,Prepaid,festive,5,1,5,3,1,21,24,2025-09-25,3,False,0.253,False,47,42,Medium (35-65),Medium (35-65)
PO003817,2025-09-01,V05,Bengaluru,False,0.93,knit,sweatshirt,229,Pune,Tier-2,COD,festive,2,1,2,1,1,22,30,2025-10-01,8,True,0.426,False,33,68,Low (0-35),High (65-100)
PO003827,2025-09-01,V02,Tirupur,False,0.88,knit,polo,193,Delhi,Tier-1,COD,festive,3,1,4,0,1,21,28,2025-09-29,7,True,0.49,False,49,78,Medium (35-65),High (65-100)
PO004039,2025-09-01,V03,Tirupur,False,0.85,knit,t-shirt,105,Indore,Tier-2,COD,festive,2,1,2,3,1,22,28,2025-09-29,6,True,0.426,False,43,79,Medium (35-65),High (65-100)
PO004987,2025-09-01,V11,Tirupur,True,0.75,knit,henley,117,Chennai,Tier-1,COD,festive,5,1,4,9,2,21,41,2025-10-12,20,True,0.676,False,100,100,High (65-100),High (65-100)
PO000172,2025-09-02,V06,Bengaluru,False,0.89,woven,denim-jacket,311,Kolkata,Tier-1,COD,festive,7,4,1,2,1,34,43,2025-10-15,9,True,0.426,True,46,74,Medium (35-65),High (65-100)
PO000259,2025-09-02,V01,Tirupur,False,0.92,woven,denim-jacket,404,Bengaluru,Tier-1,COD,festive,1,1,2,0,1,34,53,2025-10-25,19,True,0.426,False,58,77,Medium (35-65),High (65-100)
PO000271,2025-09-02,V03,Tirupur,False,0.85,knit,t-shirt,167,Hyderabad,Tier-1,Prepaid,festive,3,1,2,0,1,21,24,2025-09-26,3,False,0.22,False,42,36,Medium (35-65),Medium (35-65)
PO000520,2025-09-02,V02,Tirupur,False,0.88,knit,t-shirt,121,Kochi,Tier-2,Prepaid,festive,12,2,1,2,2,22,31,2025-10-03,9,True,0.275,True,47,43,Medium (35-65),Medium (35-65)
PO001067,2025-09-02,V02,Tirupur,False,0.88,knit,henley,194,Chennai,Tier-1,Prepaid,festive,1,1,1,0,1,21,26,2025-09-28,5,False,0.22,True,36,28,Medium (35-65),Low (0-35)
PO001113,2025-09-02,V10,Delhi NCR,False,0.82,woven,chinos,176,Mumbai,Tier-1,Prepaid,festive,5,9,1,1,1,34,45,2025-10-17,11,True,0.275,False,60,51,Medium (35-65),Medium (35-65)
PO001315,2025-09-02,V05,Bengaluru,False,0.93,knit,henley,107,Jodhpur,Tier-3,Prepaid,festive,8,1,1,2,1,24,31,2025-10-03,7,True,0.33,False,42,47,Medium (35-65),Medium (35-65)
PO001746,2025-09-02,V01,Tirupur,False,0.92,knit,sweatshirt,316,Pune,Tier-2,COD,festive,1,2,1,0,1,22,32,2025-10-04,10,True,0.426,True,43,79,Medium (35-65),High (65-100)
PO001767,2025-09-02,V02,Tirupur,False,0.88,knit,sweatshirt,50,Bengaluru,Tier-1,COD,festive,1,1,2,1,2,21,29,2025-10-01,8,True,0.426,False,38,64,Medium (35-65),Medium (35-65)
PO002528,2025-09-02,V01,Tirupur,False,0.92,woven,denim-jacket,52,Delhi,Tier-1,Prepaid,festive,1,8,1,1,1,34,39,2025-10-11,5,False,0.22,False,56,41,Medium (35-65),Medium (35-65)
PO002840,2025-09-02,V01,Tirupur,False,0.92,woven,shirt,157,Guwahati,Tier-3,COD,festive,2,0,9,1,2,37,51,2025-10-23,14,True,0.588,True,65,100,Medium (35-65),High (65-100)
PO003247,2025-09-02,V10,Delhi NCR,False,0.82,woven,denim-jacket,350,Patna,Tier-3,COD,festive,1,5,1,5,2,37,49,2025-10-21,12,True,0.614,True,69,100,High (65-100),High (65-100)
PO003311,2025-09-02,V07,Ludhiana,False,0.87,knit,t-shirt,224,Lucknow,Tier-2,COD,festive,3,9,2,1,2,22,31,2025-10-03,9,True,0.426,True,43,76,Medium (35-65),High (65-100)
PO003727,2025-09-02,V03,Tirupur,False,0.85,woven,trouser,251,Raipur,Tier-3,Prepaid,festive,3,1,1,1,3,37,45,2025-10-17,8,True,0.389,False,70,72,High (65-100),High (65-100)
PO003848,2025-09-02,V04,Tirupur,False,0.9,knit,t-shirt,156,Tiruchirappalli,Tier-3,COD,festive,3,1,2,2,1,24,33,2025-10-05,9,True,0.512,False,54,86,Medium (35-65),High (65-100)
PO004266,2025-09-02,V02,Tirupur,False,0.88,woven,trouser,194,Mysuru,Tier-3,COD,festive,1,6,2,0,3,37,54,2025-10-26,17,True,0.604,True,74,100,High (65-100),High (65-100)
PO004542,2025-09-02,V07,Ludhiana,False,0.87,knit,polo,361,Vijayawada,Tier-3,Prepaid,festive,2,1,2,0,2,24,35,2025-10-07,11,True,0.33,False,40,47,Medium (35-65),Medium (35-65)
PO000298,2025-09-03,V01,Tirupur,False,0.92,knit,sweatshirt,315,Delhi,Tier-1,COD,festive,2,3,6,0,1,21,27,2025-09-30,6,True,0.49,True,43,78,Medium (35-65),High (65-100)
PO000360,2025-09-03,V01,Tirupur,False,0.92,woven,shirt,177,Kochi,Tier-2,COD,festive,7,5,6,2,2,35,45,2025-10-18,10,True,0.49,True,74,97,High (65-100),High (65-100)
PO000406,2025-09-03,V01,Tirupur,False,0.92,knit,sweatshirt,243,Lucknow,Tier-2,Prepaid,festive,12,0,0,1,1,22,31,2025-10-04,9,True,0.275,False,47,43,Medium (35-65),Medium (35-65)
PO000614,2025-09-03,V06,Bengaluru,False,0.89,woven,chinos,247,Kochi,Tier-2,COD,festive,0,1,7,1,1,35,49,2025-10-22,14,True,0.49,False,50,87,Medium (35-65),High (65-100)
PO000700,2025-09-03,V02,Tirupur,False,0.88,knit,polo,264,Lucknow,Tier-2,COD,festive,2,6,1,1,1,22,34,2025-10-07,12,True,0.426,False,51,79,Medium (35-65),High (65-100)
PO000822,2025-09-03,V03,Tirupur,False,0.85,knit,henley,183,Ahmedabad,Tier-2,Prepaid,festive,3,2,1,1,1,22,27,2025-09-30,5,False,0.22,False,47,43,Medium (35-65),Medium (35-65)
PO001162,2025-09-03,V03,Tirupur,False,0.85,woven,denim-jacket,268,Chandigarh,Tier-2,COD,festive,2,12,4,1,3,35,51,2025-10-24,16,True,0.578,True,74,100,High (65-100),High (65-100)
PO002501,2025-09-03,V01,Tirupur,False,0.92,knit,sweatshirt,173,Nagpur,Tier-3,Prepaid,festive,1,1,1,3,3,24,31,2025-10-04,7,True,0.389,False,52,60,Medium (35-65),Medium (35-65)
PO002807,2025-09-03,V10,Delhi NCR,False,0.82,woven,shirt,211,Indore,Tier-2,COD,festive,2,8,3,1,2,35,47,2025-10-20,12,True,0.49,True,66,100,High (65-100),High (65-100)
PO003473,2025-09-03,V02,Tirupur,False,0.88,woven,chinos,136,Lucknow,Tier-2,Prepaid,festive,3,3,3,2,2,35,50,2025-10-23,15,True,0.316,False,64,61,Medium (35-65),Medium (35-65)
PO003799,2025-09-03,V05,Bengaluru,False,0.93,knit,sweatshirt,220,Madurai,Tier-3,COD,festive,0,1,4,1,3,24,28,2025-10-01,4,False,0.555,True,49,99,Medium (35-65),High (65-100)
PO003913,2025-09-03,V02,Tirupur,False,0.88,knit,hoodie,274,Delhi,Tier-1,COD,festive,1,2,0,0,2,21,25,2025-09-28,4,False,0.341,False,38,64,Medium (35-65),Medium (35-65)
PO004319,2025-09-03,V04,Tirupur,False,0.9,knit,hoodie,190,Delhi,Tier-1,COD,festive,2,6,2,2,1,21,31,2025-10-04,10,True,0.426,False,46,72,Medium (35-65),High (65-100)
PO004949,2025-09-03,V02,Tirupur,False,0.88,woven,overshirt,171,Dehradun,Tier-3,COD,festive,3,2,1,2,2,37,54,2025-10-27,17,True,0.512,True,66,98,High (65-100),High (65-100)
PO004981,2025-09-03,V01,Tirupur,False,0.92,knit,polo,50,Jaipur,Tier-2,Prepaid,festive,4,1,1,3,2,22,36,2025-10-09,14,True,0.275,False,47,43,Medium (35-65),Medium (35-65)
PO000529,2025-09-04,V01,Tirupur,False,0.92,knit,henley,233,Jaipur,Tier-2,Prepaid,festive,3,1,1,3,2,22,31,2025-10-05,9,True,0.275,True,47,43,Medium (35-65),Medium (35-65)
PO000704,2025-09-04,V01,Tirupur,False,0.92,knit,t-shirt,306,Lucknow,Tier-2,Prepaid,festive,2,0,10,3,1,22,29,2025-10-03,7,True,0.316,True,46,49,Medium (35-65),Medium (35-65)
PO001155,2025-09-04,V06,Bengaluru,False,0.89,knit,hoodie,148,Mumbai,Tier-1,COD,festive,3,2,1,0,1,21,26,2025-09-30,5,False,0.341,True,34,61,Low (0-35),Medium (35-65)
PO001253,2025-09-04,V03,Tirupur,False,0.85,knit,t-shirt,184,Vadodara,Tier-2,Prepaid,festive,2,1,1,3,1,22,32,2025-10-06,10,True,0.275,False,41,43,Medium (35-65),Medium (35-65)
PO001295,2025-09-04,V02,Tirupur,False,0.88,woven,chinos,231,Nagpur,Tier-3,COD,festive,2,1,1,2,1,37,51,2025-10-25,14,True,0.512,False,60,98,Medium (35-65),High (65-100)
PO001346,2025-09-04,V01,Tirupur,False,0.92,knit,sweatshirt,145,Delhi,Tier-1,COD,festive,1,1,4,2,1,21,31,2025-10-05,10,True,0.49,False,43,78,Medium (35-65),High (65-100)
PO001662,2025-09-04,V09,Delhi NCR,False,0.86,woven,overshirt,99,Indore,Tier-2,Prepaid,festive,6,7,1,3,1,35,41,2025-10-15,6,True,0.275,False,53,45,Medium (35-65),Medium (35-65)
PO001808,2025-09-04,V03,Tirupur,False,0.85,knit,henley,191,Mysuru,Tier-3,Prepaid,festive,2,2,1,1,1,24,29,2025-10-03,5,False,0.264,False,46,50,Medium (35-65),Medium (35-65)
PO002153,2025-09-04,V01,Tirupur,False,0.92,woven,denim-jacket,338,Tiruchirappalli,Tier-3,COD,festive,2,1,2,0,1,37,44,2025-10-18,7,True,0.512,False,60,98,Medium (35-65),High (65-100)
PO002211,2025-09-04,V05,Bengaluru,False,0.93,knit,t-shirt,63,Vadodara,Tier-2,Prepaid,festive,3,0,2,0,1,22,29,2025-10-03,7,True,0.275,False,37,32,Medium (35-65),Low (0-35)
PO002527,2025-09-04,V02,Tirupur,False,0.88,knit,henley,124,Bengaluru,Tier-1,Prepaid,festive,1,2,2,5,2,21,23,2025-09-27,2,False,0.264,True,39,42,Medium (35-65),Medium (35-65)
PO002999,2025-09-04,V02,Tirupur,False,0.88,knit,polo,273,Vijayawada,Tier-3,COD,festive,5,1,0,1,1,24,34,2025-10-08,10,True,0.512,True,54,86,Medium (35-65),High (65-100)
PO003079,2025-09-04,V07,Ludhiana,False,0.87,knit,polo,230,Delhi,Tier-1,COD,festive,0,3,10,2,2,21,26,2025-09-30,5,False,0.392,False,29,67,Low (0-35),High (65-100)
PO003305,2025-09-04,V03,Tirupur,False,0.85,knit,polo,144,Kolkata,Tier-1,COD,festive,1,2,3,3,1,21,32,2025-10-06,11,True,0.49,False,43,78,Medium (35-65),High (65-100)
PO003352,2025-09-04,V02,Tirupur,False,0.88,knit,polo,172,Delhi,Tier-1,COD,festive,3,1,0,1,1,21,28,2025-10-02,7,True,0.426,False,44,72,Medium (35-65),High (65-100)
PO004062,2025-09-04,V02,Tirupur,False,0.88,knit,hoodie,104,Madurai,Tier-3,COD,festive,8,0,4,1,1,24,37,2025-10-11,13,True,0.588,True,59,92,Medium (35-65),High (65-100)
PO004586,2025-09-04,V02,Tirupur,False,0.88,knit,t-shirt,50,Vijayawada,Tier-3,COD,festive,5,2,2,2,1,24,32,2025-10-06,8,True,0.512,True,54,86,Medium (35-65),High (65-100)
PO004698,2025-09-04,V10,Delhi NCR,False,0.82,woven,overshirt,189,Surat,Tier-2,Prepaid,festive,4,11,2,3,2,35,47,2025-10-21,12,True,0.275,False,65,58,Medium (35-65),Medium (35-65)
PO004872,2025-09-04,V06,Bengaluru,False,0.89,woven,chinos,175,Hyderabad,Tier-1,COD,festive,2,2,1,2,1,34,37,2025-10-11,3,False,0.341,False,40,74,Medium (35-65),High (65-100)
PO000385,2025-09-05,V09,Delhi NCR,False,0.86,knit,polo,285,Hyderabad,Tier-1,COD,festive,2,5,5,3,1,21,30,2025-10-05,9,True,0.49,False,37,67,Medium (35-65),High (65-100)
PO000600,2025-09-05,V05,Bengaluru,False,0.93,knit,henley,166,Bengaluru,Tier-1,COD,festive,4,1,1,1,1,21,27,2025-10-02,6,True,0.426,False,34,61,Low (0-35),Medium (35-65)
PO001209,2025-09-05,V05,Bengaluru,False,0.93,knit,sweatshirt,132,Surat,Tier-2,Prepaid,festive,2,1,5,2,3,22,31,2025-10-06,9,True,0.373,False,42,56,Medium (35-65),Medium (35-65)
PO001779,2025-09-05,V02,Tirupur,False,0.88,knit,t-shirt,179,Kolkata,Tier-1,COD,festive,2,1,1,1,2,21,24,2025-09-29,3,False,0.341,False,38,64,Medium (35-65),Medium (35-65)
PO002007,2025-09-05,V08,Ludhiana,False,0.84,woven,shirt,50,Chennai,Tier-1,COD,festive,15,4,1,4,1,34,46,2025-10-21,12,True,0.511,True,57,94,Medium (35-65),High (65-100)
PO002093,2025-09-05,V01,Tirupur,False,0.92,knit,henley,99,Chennai,Tier-1,COD,festive,0,0,8,0,3,21,22,2025-09-27,1,False,0.463,False,49,88,Medium (35-65),High (65-100)
PO002108,2025-09-05,V06,Bengaluru,False,0.89,knit,t-shirt,238,Mumbai,Tier-1,Prepaid,festive,3,0,1,0,1,21,25,2025-09-30,4,False,0.22,False,32,25,Low (0-35),Low (0-35)
PO002436,2025-09-05,V11,Tirupur,True,0.75,knit,t-shirt,50,Chennai,Tier-1,COD,festive,7,0,1,8,1,21,34,2025-10-09,13,True,0.588,False,97,100,High (65-100),High (65-100)
PO002475,2025-09-05,V03,Tirupur,False,0.85,knit,henley,181,Lucknow,Tier-2,COD,festive,1,1,7,6,2,22,33,2025-10-08,11,True,0.588,False,51,99,Medium (35-65),High (65-100)
PO002559,2025-09-05,V01,Tirupur,False,0.92,knit,hoodie,189,Kolkata,Tier-1,Prepaid,festive,15,1,2,4,1,21,33,2025-10-08,12,True,0.33,False,45,50,Medium (35-65),Medium (35-65)
PO002943,2025-09-05,V04,Tirupur,False,0.9,knit,henley,72,Coimbatore,Tier-2,Prepaid,festive,0,2,2,0,3,22,27,2025-10-02,5,False,0.26,False,47,53,Medium (35-65),Medium (35-65)
PO003087,2025-09-05,V02,Tirupur,False,0.88,knit,sweatshirt,163,Chennai,Tier-1,COD,festive,1,4,1,1,1,21,28,2025-10-03,7,True,0.426,False,38,64,Medium (35-65),Medium (35-65)
PO003171,2025-09-05,V05,Bengaluru,False,0.93,knit,henley,167,Delhi,Tier-1,COD,festive,1,2,2,2,1,21,28,2025-10-03,7,True,0.426,False,28,61,Low (0-35),Medium (35-65)
PO003219,2025-09-05,V06,Bengaluru,False,0.89,knit,t-shirt,144,Mysuru,Tier-3,Prepaid,festive,5,3,5,1,3,24,30,2025-10-05,6,True,0.448,False,53,63,Medium (35-65),Medium (35-65)
PO003565,2025-09-05,V01,Tirupur,False,0.92,woven,denim-jacket,225,Kochi,Tier-2,Prepaid,festive,4,2,1,1,2,35,52,2025-10-27,17,True,0.275,False,59,48,Medium (35-65),Medium (35-65)
PO003974,2025-09-05,V12,Bengaluru,True,0.78,knit,t-shirt,144,Chandigarh,Tier-2,Prepaid,festive,2,2,1,5,1,22,39,2025-10-14,17,True,0.379,True,68,77,High (65-100),High (65-100)
PO004807,2025-09-05,V07,Ludhiana,False,0.87,knit,polo,148,Kolkata,Tier-1,Prepaid,festive,3,7,1,3,1,21,26,2025-10-01,5,False,0.22,False,36,25,Medium (35-65),Low (0-35)
PO004858,2025-09-05,V05,Bengaluru,False,0.93,woven,shirt,145,Bengaluru,Tier-1,Prepaid,festive,2,3,10,1,1,34,40,2025-10-15,6,True,0.316,False,43,44,Medium (35-65),Medium (35-65)
PO004866,2025-09-05,V04,Tirupur,False,0.9,knit,t-shirt,162,Ahmedabad,Tier-2,COD,festive,5,1,0,3,1,22,37,2025-10-12,15,True,0.426,True,49,79,Medium (35-65),High (65-100)
PO000260,2025-09-06,V01,Tirupur,False,0.92,woven,shirt,132,Vijayawada,Tier-3,COD,festive,1,7,2,3,2,37,49,2025-10-25,12,True,0.512,False,68,98,High (65-100),High (65-100)
PO000403,2025-09-06,V05,Bengaluru,False,0.93,knit,t-shirt,173,Kochi,Tier-2,COD,festive,3,2,3,2,2,22,27,2025-10-03,5,False,0.392,False,44,82,Medium (35-65),High (65-100)
PO000618,2025-09-06,V01,Tirupur,False,0.92,knit,henley,172,Jodhpur,Tier-3,COD,festive,2,1,1,0,1,24,32,2025-10-08,8,True,0.512,True,48,86,Medium (35-65),High (65-100)
PO000971,2025-09-06,V02,Tirupur,False,0.88,woven,shirt,184,Mysuru,Tier-3,Prepaid,festive,4,2,2,3,1,37,48,2025-10-24,11,True,0.33,False,64,62,Medium (35-65),Medium (35-65)
PO001406,2025-09-06,V07,Ludhiana,False,0.87,woven,chinos,127,Pune,Tier-2,COD,festive,1,12,1,2,1,35,40,2025-10-16,5,False,0.341,False,49,81,Medium (35-65),High (65-100)
PO001669,2025-09-06,V05,Bengaluru,False,0.93,knit,sweatshirt,208,Hyderabad,Tier-1,COD,festive,1,0,4,4,1,21,28,2025-10-04,7,True,0.588,True,36,81,Medium (35-65),High (65-100)
PO001796,2025-09-06,V04,Tirupur,False,0.9,woven,overshirt,318,Jaipur,Tier-2,COD,festive,2,0,2,0,2,35,48,2025-10-24,13,True,0.426,True,55,84,Medium (35-65),High (65-100)
PO001822,2025-09-06,V01,Tirupur,False,0.92,knit,polo,171,Hyderabad,Tier-1,Prepaid,festive,1,9,7,1,2,21,33,2025-10-09,12,True,0.316,False,49,42,Medium (35-65),Medium (35-65)
PO002274,2025-09-06,V05,Bengaluru,False,0.93,knit,polo,250,Mumbai,Tier-1,COD,festive,9,1,1,0,1,21,26,2025-10-02,5,False,0.341,False,34,61,Low (0-35),Medium (35-65)
PO002412,2025-09-06,V05,Bengaluru,False,0.93,knit,henley,76,Guwahati,Tier-3,Prepaid,festive,2,0,3,2,1,24,33,2025-10-09,9,True,0.38,False,41,53,Medium (35-65),Medium (35-65)
PO002487,2025-09-06,V03,Tirupur,False,0.85,woven,shirt,209,Ranchi,Tier-3,COD,festive,5,2,5,0,3,37,46,2025-10-22,9,True,0.694,False,77,100,High (65-100),High (65-100)
PO002658,2025-09-06,V03,Tirupur,False,0.85,knit,hoodie,207,Mysuru,Tier-3,COD,festive,1,4,1,1,1,24,32,2025-10-08,8,True,0.512,True,48,86,Medium (35-65),High (65-100)
PO002952,2025-09-06,V01,Tirupur,False,0.92,knit,t-shirt,197,Delhi,Tier-1,COD,festive,7,1,2,2,2,21,28,2025-10-04,7,True,0.426,False,44,72,Medium (35-65),High (65-100)
PO003583,2025-09-06,V01,Tirupur,False,0.92,knit,hoodie,189,Delhi,Tier-1,Prepaid,festive,3,2,2,4,2,21,30,2025-10-06,9,True,0.33,True,45,50,Medium (35-65),Medium (35-65)
PO003826,2025-09-06,V02,Tirupur,False,0.88,woven,denim-jacket,99,Jaipur,Tier-2,COD,festive,1,2,2,1,1,35,52,2025-10-28,17,True,0.426,False,55,84,Medium (35-65),High (65-100)
PO003941,2025-09-06,V06,Bengaluru,False,0.89,knit,t-shirt,50,Coimbatore,Tier-2,COD,festive,2,3,2,2,2,22,36,2025-10-12,14,True,0.426,False,33,68,Low (0-35),High (65-100)
PO004049,2025-09-06,V06,Bengaluru,False,0.89,knit,hoodie,134,Madurai,Tier-3,Prepaid,festive,3,1,1,0,3,24,30,2025-10-06,6,True,0.389,True,48,57,Medium (35-65),Medium (35-65)
PO004510,2025-09-06,V05,Bengaluru,False,0.93,woven,overshirt,163,Surat,Tier-2,COD,festive,1,1,3,2,1,35,46,2025-10-22,11,True,0.49,False,50,87,Medium (35-65),High (65-100)
PO004625,2025-09-06,V02,Tirupur,False,0.88,knit,henley,146,Delhi,Tier-1,COD,festive,3,2,1,3,1,21,27,2025-10-03,6,True,0.426,False,44,72,Medium (35-65),High (65-100)
PO004649,2025-09-06,V05,Bengaluru,False,0.93,knit,t-shirt,305,Vadodara,Tier-2,COD,festive,0,1,10,3,3,22,30,2025-10-06,8,True,0.578,False,44,92,Medium (35-65),High (65-100)
PO004656,2025-09-06,V09,Delhi NCR,False,0.86,woven,chinos,195,Vijayawada,Tier-3,COD,festive,3,2,1,0,2,37,51,2025-10-27,14,True,0.512,True,52,88,Medium (35-65),High (65-100)
PO000502,2025-09-07,V03,Tirupur,False,0.85,knit,henley,218,Kolkata,Tier-1,COD,festive,1,2,1,1,2,21,21,2025-09-28,0,False,0.341,False,38,64,Medium (35-65),Medium (35-65)
PO000668,2025-09-07,V05,Bengaluru,False,0.93,woven,trouser,242,Bengaluru,Tier-1,Prepaid,festive,2,8,2,3,3,34,42,2025-10-19,8,True,0.325,False,52,48,Medium (35-65),Medium (35-65)
PO000932,2025-09-07,V02,Tirupur,False,0.88,knit,sweatshirt,133,Madurai,Tier-3,Prepaid,festive,2,1,7,0,2,24,28,2025-10-05,4,False,0.304,False,51,56,Medium (35-65),Medium (35-65)
PO001060,2025-09-07,V05,Bengaluru,False,0.93,woven,denim-jacket,212,Raipur,Tier-3,COD,festive,6,8,2,3,1,37,51,2025-10-28,14,True,0.512,True,64,95,Medium (35-65),High (65-100)
PO001063,2025-09-07,V02,Tirupur,False,0.88,woven,overshirt,343,Mumbai,Tier-1,Prepaid,festive,1,1,2,3,1,34,39,2025-10-16,5,False,0.22,False,48,41,Medium (35-65),Medium (35-65)
PO001530,2025-09-07,V01,Tirupur,False,0.92,knit,polo,58,Hyderabad,Tier-1,Prepaid,festive,2,0,0,1,1,21,32,2025-10-09,11,True,0.275,False,36,28,Medium (35-65),Low (0-35)
PO001652,2025-09-07,V08,Ludhiana,False,0.84,woven,shirt,187,Chandigarh,Tier-2,COD,festive,2,5,3,4,1,35,44,2025-10-21,9,True,0.588,True,69,100,High (65-100),High (65-100)
PO002131,2025-09-07,V03,Tirupur,False,0.85,woven,trouser,232,Lucknow,Tier-2,COD,festive,1,11,2,1,1,35,48,2025-10-25,13,True,0.426,False,63,91,Medium (35-65),High (65-100)
PO002255,2025-09-07,V01,Tirupur,False,0.92,knit,t-shirt,81,Surat,Tier-2,Prepaid,festive,1,4,4,2,2,22,29,2025-10-06,7,True,0.316,False,46,49,Medium (35-65),Medium (35-65)
PO003164,2025-09-07,V06,Bengaluru,False,0.89,knit,sweatshirt,120,Guwahati,Tier-3,COD,festive,1,0,2,2,1,24,30,2025-10-07,6,True,0.512,True,38,75,Medium (35-65),High (65-100)
PO003166,2025-09-07,V09,Delhi NCR,False,0.86,knit,hoodie,261,Hyderabad,Tier-1,Prepaid,festive,1,1,4,1,2,21,28,2025-10-05,7,True,0.316,False,27,31,Low (0-35),Low (0-35)
PO003246,2025-09-07,V05,Bengaluru,False,0.93,knit,sweatshirt,172,Mumbai,Tier-1,Prepaid,festive,4,2,2,1,1,21,26,2025-10-03,5,False,0.22,False,32,25,Low (0-35),Low (0-35)
PO003852,2025-09-07,V03,Tirupur,False,0.85,woven,trouser,196,Mysuru,Tier-3,COD,festive,4,5,1,3,2,37,53,2025-10-30,16,True,0.512,True,74,98,High (65-100),High (65-100)
PO004447,2025-09-07,V05,Bengaluru,False,0.93,knit,sweatshirt,196,Surat,Tier-2,Prepaid,festive,1,1,1,2,3,22,28,2025-10-05,6,True,0.325,False,37,42,Medium (35-65),Medium (35-65)
PO004474,2025-09-07,V05,Bengaluru,False,0.93,knit,henley,212,Chandigarh,Tier-2,Prepaid,festive,0,1,1,1,1,22,28,2025-10-05,6,True,0.275,False,31,32,Low (0-35),Low (0-35)
PO004573,2025-09-07,V01,Tirupur,False,0.92,knit,sweatshirt,272,Hyderabad,Tier-1,COD,festive,1,1,3,2,1,21,25,2025-10-02,4,False,0.392,False,43,78,Medium (35-65),High (65-100)
PO004908,2025-09-07,V06,Bengaluru,False,0.89,knit,t-shirt,171,Pune,Tier-2,COD,festive,6,1,2,0,2,22,29,2025-10-06,7,True,0.426,False,39,68,Medium (35-65),High (65-100)
PO000021,2025-09-08,V03,Tirupur,False,0.85,knit,henley,275,Lucknow,Tier-2,COD,festive,7,2,7,2,1,22,31,2025-10-09,9,True,0.49,True,54,85,Medium (35-65),High (65-100)
PO000046,2025-09-08,V02,Tirupur,False,0.88,knit,hoodie,296,Surat,Tier-2,COD,festive,2,0,1,1,2,22,28,2025-10-06,6,True,0.426,False,43,79,Medium (35-65),High (65-100)
PO000690,2025-09-08,V02,Tirupur,False,0.88,knit,henley,234,Chennai,Tier-1,COD,festive,1,1,2,1,1,21,28,2025-10-06,7,True,0.426,True,38,64,Medium (35-65),Medium (35-65)
PO000902,2025-09-08,V05,Bengaluru,False,0.93,knit,sweatshirt,241,Mumbai,Tier-1,COD,festive,1,0,3,1,1,21,28,2025-10-06,7,True,0.49,True,33,67,Low (0-35),High (65-100)
PO001705,2025-09-08,V01,Tirupur,False,0.92,knit,polo,252,Delhi,Tier-1,COD,festive,6,0,2,0,2,21,29,2025-10-07,8,True,0.426,True,44,72,Medium (35-65),High (65-100)
PO002022,2025-09-08,V05,Bengaluru,False,0.93,woven,overshirt,274,Ranchi,Tier-3,Prepaid,festive,5,3,2,5,1,37,44,2025-10-22,7,True,0.396,True,57,66,Medium (35-65),High (65-100)
PO002435,2025-09-08,V08,Ludhiana,False,0.84,woven,denim-jacket,163,Bengaluru,Tier-1,COD,festive,1,9,2,2,1,34,41,2025-10-19,7,True,0.426,False,56,80,Medium (35-65),High (65-100)
PO002656,2025-09-08,V02,Tirupur,False,0.88,knit,henley,221,Hyderabad,Tier-1,COD,festive,1,0,1,1,1,21,27,2025-10-05,6,True,0.426,False,38,64,Medium (35-65),Medium (35-65)
PO003249,2025-09-08,V01,Tirupur,False,0.92,woven,chinos,269,Jaipur,Tier-2,Prepaid,festive,1,5,3,2,3,35,56,2025-11-03,21,True,0.373,True,72,71,High (65-100),High (65-100)
PO003550,2025-09-08,V01,Tirupur,False,0.92,woven,chinos,50,Mumbai,Tier-1,COD,festive,5,6,7,1,1,34,53,2025-10-31,19,True,0.49,True,69,90,High (65-100),High (65-100)
PO003631,2025-09-08,V06,Bengaluru,False,0.89,knit,henley,272,Ahmedabad,Tier-2,Prepaid,festive,0,1,8,3,3,22,26,2025-10-04,4,False,0.299,False,42,56,Medium (35-65),Medium (35-65)
PO003961,2025-09-08,V01,Tirupur,False,0.92,knit,hoodie,193,Mumbai,Tier-1,Prepaid,festive,0,1,8,3,1,21,32,2025-10-10,11,True,0.316,True,41,42,Medium (35-65),Medium (35-65)
PO004148,2025-09-08,V06,Bengaluru,False,0.89,woven,chinos,161,Ranchi,Tier-3,COD,festive,2,1,3,1,1,37,43,2025-10-21,6,True,0.588,True,55,94,Medium (35-65),High (65-100)
PO004373,2025-09-08,V01,Tirupur,False,0.92,woven,chinos,210,Coimbatore,Tier-2,Prepaid,festive,2,8,1,0,1,35,48,2025-10-26,13,True,0.275,True,61,55,Medium (35-65),Medium (35-65)
PO004928,2025-09-08,V05,Bengaluru,False,0.93,woven,chinos,233,Chandigarh,Tier-2,Prepaid,festive,2,2,2,2,2,35,48,2025-10-26,13,True,0.275,False,43,45,Medium (35-65),Medium (35-65)
PO000352,2025-09-09,V03,Tirupur,False,0.85,knit,polo,50,Bengaluru,Tier-1,COD,festive,1,0,1,1,3,21,29,2025-10-08,8,True,0.503,False,44,82,Medium (35-65),High (65-100)
PO000467,2025-09-09,V01,Tirupur,False,0.92,knit,t-shirt,359,Nagpur,Tier-3,Prepaid,festive,3,6,1,1,1,24,35,2025-10-14,11,True,0.33,False,68,57,High (65-100),Medium (35-65)
PO000835,2025-09-09,V01,Tirupur,False,0.92,knit,t-shirt,50,Nagpur,Tier-3,COD,festive,1,0,3,0,3,24,30,2025-10-09,6,True,0.694,True,59,100,Medium (35-65),High (65-100)
PO001006,2025-09-09,V02,Tirupur,False,0.88,knit,t-shirt,252,Surat,Tier-2,Prepaid,festive,1,10,1,1,2,22,32,2025-10-11,10,True,0.275,False,49,43,Medium (35-65),Medium (35-65)
PO001036,2025-09-09,V02,Tirupur,False,0.88,knit,sweatshirt,157,Kolkata,Tier-1,Prepaid,festive,3,2,2,2,1,21,30,2025-10-09,9,True,0.275,False,42,36,Medium (35-65),Medium (35-65)
PO001118,2025-09-09,V05,Bengaluru,False,0.93,knit,henley,195,Tiruchirappalli,Tier-3,COD,festive,1,3,4,1,1,24,32,2025-10-11,8,True,0.588,True,43,89,Medium (35-65),High (65-100)
PO001257,2025-09-09,V08,Ludhiana,False,0.84,knit,t-shirt,156,Mumbai,Tier-1,COD,festive,3,2,6,2,2,21,29,2025-10-08,8,True,0.49,True,47,81,Medium (35-65),High (65-100)
PO001441,2025-09-09,V07,Ludhiana,False,0.87,knit,t-shirt,200,Hyderabad,Tier-1,COD,festive,1,1,2,1,1,21,26,2025-10-05,5,False,0.341,True,24,61,Low (0-35),Medium (35-65)
PO001487,2025-09-09,V03,Tirupur,False,0.85,knit,t-shirt,50,Surat,Tier-2,Prepaid,festive,9,1,1,3,2,22,30,2025-10-09,8,True,0.275,True,47,43,Medium (35-65),Medium (35-65)
PO001811,2025-09-09,V01,Tirupur,False,0.92,knit,polo,168,Chandigarh,Tier-2,Prepaid,festive,0,4,3,0,3,22,33,2025-10-12,11,True,0.373,False,52,59,Medium (35-65),Medium (35-65)
PO001826,2025-09-09,V02,Tirupur,False,0.88,woven,trouser,279,Chandigarh,Tier-2,COD,festive,4,8,7,3,2,35,55,2025-11-03,20,True,0.49,True,74,97,High (65-100),High (65-100)
PO001916,2025-09-09,V01,Tirupur,False,0.92,woven,shirt,195,Bengaluru,Tier-1,COD,festive,2,2,2,1,2,34,44,2025-10-23,10,True,0.426,True,50,77,Medium (35-65),High (65-100)
PO002061,2025-09-09,V08,Ludhiana,False,0.84,knit,henley,205,Raipur,Tier-3,COD,festive,2,0,2,6,1,24,32,2025-10-11,8,True,0.614,False,49,100,Medium (35-65),High (65-100)
PO002145,2025-09-09,V06,Bengaluru,False,0.89,knit,polo,107,Chandigarh,Tier-2,Prepaid,festive,4,0,0,2,1,22,31,2025-10-10,9,True,0.275,False,37,32,Medium (35-65),Low (0-35)
PO002162,2025-09-09,V01,Tirupur,False,0.92,knit,sweatshirt,251,Madurai,Tier-3,COD,festive,7,1,5,3,3,24,38,2025-10-17,14,True,0.694,True,65,100,Medium (35-65),High (65-100)
PO002524,2025-09-09,V09,Delhi NCR,False,0.86,woven,chinos,138,Vadodara,Tier-2,COD,festive,6,8,2,2,1,35,44,2025-10-23,9,True,0.426,True,55,81,Medium (35-65),High (65-100)
PO002909,2025-09-09,V07,Ludhiana,False,0.87,knit,t-shirt,237,Surat,Tier-2,Prepaid,festive,1,1,3,1,1,22,31,2025-10-10,9,True,0.316,False,32,38,Low (0-35),Medium (35-65)
PO003384,2025-09-09,V03,Tirupur,False,0.85,knit,sweatshirt,182,Dehradun,Tier-3,COD,festive,0,1,6,3,1,24,33,2025-10-12,9,True,0.588,False,53,92,Medium (35-65),High (65-100)
PO003623,2025-09-09,V02,Tirupur,False,0.88,knit,t-shirt,284,Nagpur,Tier-3,COD,festive,1,0,1,2,3,24,36,2025-10-15,12,True,0.604,False,54,96,Medium (35-65),High (65-100)
PO004168,2025-09-09,V08,Ludhiana,False,0.84,woven,trouser,80,Indore,Tier-2,COD,festive,3,2,3,2,1,35,40,2025-10-19,5,False,0.392,True,64,100,Medium (35-65),High (65-100)
PO004609,2025-09-09,V05,Bengaluru,False,0.93,knit,polo,363,Kochi,Tier-2,Prepaid,festive,0,1,2,1,2,22,27,2025-10-06,5,False,0.22,False,39,32,Medium (35-65),Low (0-35)
PO000043,2025-09-10,V03,Tirupur,False,0.85,knit,polo,138,Guwahati,Tier-3,Prepaid,festive,0,0,2,0,2,24,29,2025-10-09,5,False,0.264,True,46,50,Medium (35-65),Medium (35-65)
PO000169,2025-09-10,V02,Tirupur,False,0.88,knit,hoodie,174,Mumbai,Tier-1,COD,festive,3,1,10,0,3,21,28,2025-10-08,7,True,0.578,True,55,88,Medium (35-65),High (65-100)
PO000439,2025-09-10,V05,Bengaluru,False,0.93,woven,overshirt,228,Kolkata,Tier-1,COD,festive,2,4,2,2,1,34,47,2025-10-27,13,True,0.426,True,40,74,Medium (35-65),High (65-100)
PO000521,2025-09-10,V06,Bengaluru,False,0.89,knit,sweatshirt,191,Patna,Tier-3,COD,festive,3,3,1,2,1,24,28,2025-10-08,4,False,0.409,True,44,83,Medium (35-65),High (65-100)
PO000951,2025-09-10,V01,Tirupur,False,0.92,woven,chinos,169,Vadodara,Tier-2,Prepaid,festive,7,1,6,4,1,35,45,2025-10-25,10,True,0.38,True,67,75,High (65-100),High (65-100)
PO002749,2025-09-10,V01,Tirupur,False,0.92,woven,shirt,190,Jaipur,Tier-2,COD,festive,2,2,1,1,1,35,40,2025-10-20,5,False,0.341,False,55,84,Medium (35-65),High (65-100)
PO003178,2025-09-10,V01,Tirupur,False,0.92,knit,henley,58,Delhi,Tier-1,Prepaid,festive,11,1,2,2,3,21,30,2025-10-10,9,True,0.325,True,48,46,Medium (35-65),Medium (35-65)
PO003256,2025-09-10,V02,Tirupur,False,0.88,knit,henley,182,Jodhpur,Tier-3,Prepaid,festive,1,1,2,0,2,24,34,2025-10-14,10,True,0.33,False,46,50,Medium (35-65),Medium (35-65)
PO003301,2025-09-10,V01,Tirupur,False,0.92,knit,t-shirt,223,Raipur,Tier-3,COD,festive,1,4,10,2,1,24,28,2025-10-08,4,False,0.471,True,53,92,Medium (35-65),High (65-100)
PO003679,2025-09-10,V05,Bengaluru,False,0.93,knit,t-shirt,309,Mysuru,Tier-3,COD,festive,2,1,3,2,1,24,31,2025-10-11,7,True,0.588,False,43,89,Medium (35-65),High (65-100)
PO003785,2025-09-10,V09,Delhi NCR,False,0.86,woven,chinos,283,Kochi,Tier-2,COD,festive,6,7,2,0,1,35,45,2025-10-25,10,True,0.426,True,55,81,Medium (35-65),High (65-100)
PO003899,2025-09-10,V05,Bengaluru,False,0.93,knit,henley,167,Kochi,Tier-2,COD,festive,5,5,1,0,2,22,25,2025-10-05,3,False,0.341,True,47,76,Medium (35-65),High (65-100)
PO004889,2025-09-10,V01,Tirupur,False,0.92,woven,denim-jacket,201,Guwahati,Tier-3,COD,festive,9,2,2,0,1,37,49,2025-10-29,12,True,0.512,False,66,98,High (65-100),High (65-100)
PO004905,2025-09-10,V07,Ludhiana,False,0.87,knit,sweatshirt,270,Delhi,Tier-1,COD,festive,2,0,1,3,3,21,28,2025-10-08,7,True,0.503,True,30,71,Low (0-35),High (65-100)
PO004926,2025-09-10,V02,Tirupur,False,0.88,woven,trouser,50,Raipur,Tier-3,Prepaid,festive,2,4,0,0,2,37,54,2025-11-03,17,True,0.33,False,58,55,Medium (35-65),Medium (35-65)
PO000025,2025-09-11,V07,Ludhiana,False,0.87,knit,t-shirt,243,Kolkata,Tier-1,COD,festive,2,1,5,2,3,21,30,2025-10-11,9,True,0.578,False,35,77,Low (0-35),High (65-100)
PO000231,2025-09-11,V06,Bengaluru,False,0.89,woven,shirt,90,Jodhpur,Tier-3,COD,festive,14,7,2,2,3,37,50,2025-10-31,13,True,0.604,True,70,100,High (65-100),High (65-100)
PO000402,2025-09-11,V05,Bengaluru,False,0.93,woven,denim-jacket,141,Bengaluru,Tier-1,COD,festive,1,2,1,0,1,34,40,2025-10-21,6,True,0.426,True,40,74,Medium (35-65),High (65-100)
PO000791,2025-09-11,V09,Delhi NCR,False,0.86,woven,denim-jacket,153,Vadodara,Tier-2,Prepaid,festive,15,2,1,2,1,35,46,2025-10-27,11,True,0.275,True,45,45,Medium (35-65),Medium (35-65)
PO000841,2025-09-11,V07,Ludhiana,False,0.87,woven,trouser,215,Vijayawada,Tier-3,Prepaid,festive,3,13,2,0,2,37,48,2025-10-29,11,True,0.33,False,58,52,Medium (35-65),Medium (35-65)
PO001250,2025-09-11,V03,Tirupur,False,0.85,woven,denim-jacket,301,Pune,Tier-2,COD,festive,2,9,10,3,1,35,42,2025-10-23,7,True,0.49,False,68,97,High (65-100),High (65-100)
PO001861,2025-09-11,V09,Delhi NCR,False,0.86,woven,denim-jacket,131,Vijayawada,Tier-3,Prepaid,festive,1,7,2,3,1,37,44,2025-10-25,7,True,0.33,True,52,52,Medium (35-65),Medium (35-65)
PO002381,2025-09-11,V01,Tirupur,False,0.92,knit,henley,209,Delhi,Tier-1,COD,festive,2,1,3,1,2,21,27,2025-10-08,6,True,0.49,True,43,78,Medium (35-65),High (65-100)
PO002530,2025-09-11,V02,Tirupur,False,0.88,knit,polo,274,Kochi,Tier-2,Prepaid,festive,2,2,3,1,1,22,29,2025-10-10,7,True,0.316,True,46,49,Medium (35-65),Medium (35-65)
PO002588,2025-09-11,V05,Bengaluru,False,0.93,knit,henley,228,Coimbatore,Tier-2,COD,festive,4,5,7,3,1,22,27,2025-10-08,5,False,0.392,False,52,82,Medium (35-65),High (65-100)
PO003472,2025-09-11,V05,Bengaluru,False,0.93,knit,henley,161,Delhi,Tier-1,COD,festive,9,3,1,8,1,21,30,2025-10-11,9,True,0.511,False,37,75,Medium (35-65),High (65-100)
PO003558,2025-09-11,V01,Tirupur,False,0.92,knit,t-shirt,224,Guwahati,Tier-3,Prepaid,festive,1,2,1,0,3,24,30,2025-10-11,6,True,0.389,True,52,60,Medium (35-65),Medium (35-65)
PO003871,2025-09-11,V02,Tirupur,False,0.88,knit,t-shirt,193,Bhubaneswar,Tier-3,Prepaid,festive,3,0,3,1,2,24,34,2025-10-15,10,True,0.38,False,57,56,Medium (35-65),Medium (35-65)
PO003883,2025-09-11,V01,Tirupur,False,0.92,knit,polo,174,Surat,Tier-2,Prepaid,festive,1,2,3,0,3,22,30,2025-10-11,8,True,0.373,False,52,59,Medium (35-65),Medium (35-65)
PO003907,2025-09-11,V01,Tirupur,False,0.92,knit,hoodie,187,Coimbatore,Tier-2,Prepaid,festive,2,1,7,1,2,22,32,2025-10-13,10,True,0.316,False,46,49,Medium (35-65),Medium (35-65)
PO004151,2025-09-11,V02,Tirupur,False,0.88,knit,polo,201,Vijayawada,Tier-3,COD,festive,4,7,2,0,3,24,33,2025-10-14,9,True,0.604,True,68,100,High (65-100),High (65-100)
PO000101,2025-09-12,V01,Tirupur,False,0.92,knit,sweatshirt,157,Pune,Tier-2,COD,festive,3,2,3,1,1,22,24,2025-10-06,2,False,0.392,False,54,85,Medium (35-65),High (65-100)
PO000266,2025-09-12,V02,Tirupur,False,0.88,knit,henley,191,Guwahati,Tier-3,Prepaid,festive,2,17,3,5,3,24,35,2025-10-17,11,True,0.537,True,68,87,High (65-100),High (65-100)
PO000745,2025-09-12,V06,Bengaluru,False,0.89,knit,polo,174,Kolkata,Tier-1,COD,festive,1,2,6,0,3,21,28,2025-10-10,7,True,0.578,True,39,77,Medium (35-65),High (65-100)
PO000861,2025-09-12,V01,Tirupur,False,0.92,woven,denim-jacket,266,Mumbai,Tier-1,Prepaid,festive,1,1,1,1,3,34,43,2025-10-25,9,True,0.325,False,54,51,Medium (35-65),Medium (35-65)
PO001421,2025-09-12,V01,Tirupur,False,0.92,knit,t-shirt,245,Delhi,Tier-1,COD,festive,1,1,1,0,2,21,29,2025-10-11,8,True,0.426,True,38,64,Medium (35-65),Medium (35-65)
PO001539,2025-09-12,V01,Tirupur,False,0.92,knit,hoodie,341,Surat,Tier-2,COD,festive,2,1,5,2,1,22,32,2025-10-14,10,True,0.49,True,48,85,Medium (35-65),High (65-100)
PO002759,2025-09-12,V05,Bengaluru,False,0.93,woven,overshirt,163,Coimbatore,Tier-2,Prepaid,festive,1,5,4,1,1,35,45,2025-10-27,10,True,0.316,False,56,51,Medium (35-65),Medium (35-65)
PO002889,2025-09-12,V05,Bengaluru,False,0.93,knit,t-shirt,145,Kochi,Tier-2,COD,festive,2,2,3,0,1,22,24,2025-10-06,2,False,0.392,True,38,74,Medium (35-65),High (65-100)
PO002911,2025-09-12,V05,Bengaluru,False,0.93,woven,overshirt,50,Mysuru,Tier-3,COD,festive,2,1,1,1,1,37,46,2025-10-28,9,True,0.512,False,50,88,Medium (35-65),High (65-100)
PO003245,2025-09-12,V01,Tirupur,False,0.92,knit,t-shirt,176,Coimbatore,Tier-2,COD,festive,15,0,1,1,1,22,29,2025-10-11,7,True,0.426,True,49,79,Medium (35-65),High (65-100)
PO003482,2025-09-12,V01,Tirupur,False,0.92,knit,sweatshirt,243,Nagpur,Tier-3,COD,festive,4,0,2,1,2,24,31,2025-10-13,7,True,0.512,True,54,86,Medium (35-65),High (65-100)
PO004343,2025-09-12,V02,Tirupur,False,0.88,woven,chinos,107,Indore,Tier-2,Prepaid,festive,4,5,2,2,1,35,45,2025-10-27,10,True,0.275,False,67,55,High (65-100),Medium (35-65)
PO004451,2025-09-12,V05,Bengaluru,False,0.93,knit,hoodie,92,Tiruchirappalli,Tier-3,COD,festive,1,1,1,3,1,24,28,2025-10-10,4,False,0.409,True,38,75,Medium (35-65),High (65-100)
PO004570,2025-09-12,V04,Tirupur,False,0.9,knit,hoodie,238,Kolkata,Tier-1,COD,festive,1,4,9,0,1,21,35,2025-10-17,14,True,0.49,True,43,78,Medium (35-65),High (65-100)
PO004608,2025-09-12,V01,Tirupur,False,0.92,knit,hoodie,312,Jodhpur,Tier-3,COD,festive,1,1,1,1,3,24,34,2025-10-16,10,True,0.604,True,54,96,Medium (35-65),High (65-100)
PO004634,2025-09-12,V05,Bengaluru,False,0.93,knit,t-shirt,165,Indore,Tier-2,COD,festive,3,4,2,1,1,22,28,2025-10-10,6,True,0.426,False,39,68,Medium (35-65),High (65-100)
PO000064,2025-09-13,V04,Tirupur,False,0.9,knit,henley,185,Ranchi,Tier-3,COD,festive,2,5,2,1,3,24,34,2025-10-17,10,True,0.604,True,62,100,Medium (35-65),High (65-100)
PO000187,2025-09-13,V03,Tirupur,False,0.85,knit,hoodie,156,Hyderabad,Tier-1,COD,festive,2,6,6,1,1,21,31,2025-10-14,10,True,0.49,False,51,78,Medium (35-65),High (65-100)
PO000756,2025-09-13,V06,Bengaluru,False,0.89,knit,hoodie,116,Vadodara,Tier-2,Prepaid,festive,4,0,1,0,3,22,29,2025-10-12,7,True,0.325,False,43,50,Medium (35-65),Medium (35-65)
PO001009,2025-09-13,V05,Bengaluru,False,0.93,woven,shirt,265,Vadodara,Tier-2,Prepaid,festive,0,1,1,1,1,35,34,2025-10-17,-1,False,0.22,False,43,45,Medium (35-65),Medium (35-65)
PO001064,2025-09-13,V02,Tirupur,False,0.88,knit,polo,201,Jaipur,Tier-2,COD,festive,2,2,1,4,1,22,30,2025-10-13,8,True,0.511,True,46,93,Medium (35-65),High (65-100)
PO001391,2025-09-13,V02,Tirupur,False,0.88,knit,henley,206,Bengaluru,Tier-1,COD,festive,5,0,2,2,1,21,28,2025-10-11,7,True,0.426,False,44,72,Medium (35-65),High (65-100)
PO001559,2025-09-13,V10,Delhi NCR,False,0.82,woven,chinos,50,Bhubaneswar,Tier-3,COD,festive,1,2,9,2,1,37,56,2025-11-08,19,True,0.588,False,63,100,Medium (35-65),High (65-100)
PO002382,2025-09-13,V03,Tirupur,False,0.85,knit,polo,205,Tiruchirappalli,Tier-3,Prepaid,festive,15,3,3,3,1,24,34,2025-10-17,10,True,0.38,False,57,56,Medium (35-65),Medium (35-65)
PO002534,2025-09-13,V02,Tirupur,False,0.88,woven,denim-jacket,162,Vijayawada,Tier-3,Prepaid,festive,5,2,4,1,1,37,49,2025-11-01,12,True,0.38,False,69,68,High (65-100),High (65-100)
PO002552,2025-09-13,V01,Tirupur,False,0.92,woven,shirt,201,Bengaluru,Tier-1,COD,festive,4,0,1,0,1,34,52,2025-11-04,18,True,0.426,False,56,77,Medium (35-65),High (65-100)
PO002756,2025-09-13,V01,Tirupur,False,0.92,knit,polo,146,Bengaluru,Tier-1,Prepaid,festive,2,1,4,3,1,21,30,2025-10-13,9,True,0.316,False,41,42,Medium (35-65),Medium (35-65)
PO002816,2025-09-13,V01,Tirupur,False,0.92,woven,denim-jacket,164,Vijayawada,Tier-3,COD,festive,2,2,6,2,1,37,49,2025-11-01,12,True,0.588,True,65,100,Medium (35-65),High (65-100)
PO003008,2025-09-13,V05,Bengaluru,False,0.93,woven,chinos,261,Ahmedabad,Tier-2,COD,festive,2,2,10,1,2,35,49,2025-11-01,14,True,0.49,False,50,87,Medium (35-65),High (65-100)
PO003054,2025-09-13,V05,Bengaluru,False,0.93,knit,henley,73,Bengaluru,Tier-1,COD,festive,2,1,2,2,1,21,25,2025-10-08,4,False,0.341,True,28,61,Low (0-35),Medium (35-65)
PO003068,2025-09-13,V03,Tirupur,False,0.85,knit,henley,211,Delhi,Tier-1,COD,festive,6,3,10,1,1,21,29,2025-10-12,8,True,0.49,False,49,78,Medium (35-65),High (65-100)
PO003486,2025-09-13,V07,Ludhiana,False,0.87,knit,henley,122,Guwahati,Tier-3,Prepaid,festive,2,2,0,1,1,24,34,2025-10-17,10,True,0.33,False,32,39,Low (0-35),Medium (35-65)
PO003529,2025-09-13,V01,Tirupur,False,0.92,knit,t-shirt,126,Pune,Tier-2,Prepaid,festive,3,2,8,2,2,22,29,2025-10-12,7,True,0.316,False,52,49,Medium (35-65),Medium (35-65)
PO003734,2025-09-13,V07,Ludhiana,False,0.87,woven,trouser,226,Jodhpur,Tier-3,COD,festive,6,2,1,1,1,37,35,2025-10-18,-2,False,0.409,False,52,88,Medium (35-65),High (65-100)
PO004125,2025-09-13,V04,Tirupur,False,0.9,knit,t-shirt,111,Indore,Tier-2,Prepaid,festive,3,0,10,2,1,22,33,2025-10-16,11,True,0.316,False,52,49,Medium (35-65),Medium (35-65)
PO004178,2025-09-13,V06,Bengaluru,False,0.89,knit,sweatshirt,224,Dehradun,Tier-3,Prepaid,festive,3,0,2,0,1,24,27,2025-10-10,3,False,0.264,True,42,47,Medium (35-65),Medium (35-65)
PO004218,2025-09-13,V08,Ludhiana,False,0.84,woven,trouser,263,Kochi,Tier-2,COD,festive,3,6,1,0,1,35,43,2025-10-26,8,True,0.426,False,67,94,High (65-100),High (65-100)
PO004572,2025-09-13,V02,Tirupur,False,0.88,knit,polo,211,Mumbai,Tier-1,COD,festive,4,1,2,2,1,21,29,2025-10-12,8,True,0.426,True,44,72,Medium (35-65),High (65-100)
PO000004,2025-09-14,V02,Tirupur,False,0.88,knit,hoodie,98,Chennai,Tier-1,COD,festive,6,19,5,0,3,21,33,2025-10-17,12,True,0.578,False,63,95,Medium (35-65),High (65-100)
PO000068,2025-09-14,V07,Ludhiana,False,0.87,knit,henley,216,Bengaluru,Tier-1,COD,festive,1,6,8,0,3,21,28,2025-10-12,7,True,0.578,True,43,85,Medium (35-65),High (65-100)
PO000138,2025-09-14,V01,Tirupur,False,0.92,knit,sweatshirt,317,Jodhpur,Tier-3,COD,festive,2,3,2,2,2,24,30,2025-10-14,6,True,0.512,True,48,86,Medium (35-65),High (65-100)
PO000321,2025-09-14,V05,Bengaluru,False,0.93,knit,polo,244,Chandigarh,Tier-2,COD,festive,2,0,1,3,2,22,27,2025-10-11,5,False,0.341,True,33,68,Low (0-35),High (65-100)
PO000350,2025-09-14,V05,Bengaluru,False,0.93,knit,sweatshirt,256,Bhubaneswar,Tier-3,COD,festive,6,2,3,1,1,24,28,2025-10-12,4,False,0.471,True,49,89,Medium (35-65),High (65-100)
PO000917,2025-09-14,V01,Tirupur,False,0.92,woven,overshirt,50,Ranchi,Tier-3,Prepaid,festive,5,5,3,2,1,37,44,2025-10-28,7,True,0.38,False,77,68,High (65-100),High (65-100)
PO000926,2025-09-14,V05,Bengaluru,False,0.93,knit,hoodie,169,Hyderabad,Tier-1,COD,festive,2,1,2,1,1,21,26,2025-10-10,5,False,0.341,True,28,61,Low (0-35),Medium (35-65)
PO000981,2025-09-14,V04,Tirupur,False,0.9,knit,polo,190,Mumbai,Tier-1,COD,festive,2,1,1,6,1,21,31,2025-10-15,10,True,0.511,True,41,86,Medium (35-65),High (65-100)
PO001742,2025-09-14,V08,Ludhiana,False,0.84,woven,overshirt,159,Coimbatore,Tier-2,Prepaid,festive,1,8,2,3,1,35,50,2025-11-03,15,True,0.275,False,59,51,Medium (35-65),Medium (35-65)
PO001765,2025-09-14,V05,Bengaluru,False,0.93,woven,overshirt,224,Raipur,Tier-3,COD,festive,1,4,4,3,2,37,40,2025-10-24,3,False,0.471,False,55,94,Medium (35-65),High (65-100)
PO002151,2025-09-14,V03,Tirupur,False,0.85,woven,overshirt,244,Lucknow,Tier-2,Prepaid,festive,5,8,2,0,1,35,44,2025-10-28,9,True,0.275,False,67,55,High (65-100),Medium (35-65)
PO002464,2025-09-14,V11,Tirupur,True,0.75,knit,sweatshirt,393,Kochi,Tier-2,COD,festive,8,0,0,3,2,22,40,2025-10-24,18,True,0.49,False,100,100,High (65-100),High (65-100)
PO002724,2025-09-14,V09,Delhi NCR,False,0.86,woven,trouser,309,Nagpur,Tier-3,COD,festive,7,3,1,0,1,37,49,2025-11-02,12,True,0.512,False,52,88,Medium (35-65),High (65-100)
PO002753,2025-09-14,V07,Ludhiana,False,0.87,knit,polo,197,Coimbatore,Tier-2,COD,festive,1,2,1,1,2,22,29,2025-10-13,7,True,0.426,True,29,68,Low (0-35),High (65-100)
PO002767,2025-09-14,V05,Bengaluru,False,0.93,knit,henley,234,Raipur,Tier-3,Prepaid,festive,1,0,1,0,1,24,33,2025-10-17,9,True,0.33,True,36,39,Medium (35-65),Medium (35-65)
PO003033,2025-09-14,V01,Tirupur,False,0.92,knit,henley,139,Ahmedabad,Tier-2,Prepaid,festive,2,1,4,0,3,22,35,2025-10-19,13,True,0.373,True,52,59,Medium (35-65),Medium (35-65)
PO003118,2025-09-14,V01,Tirupur,False,0.92,knit,sweatshirt,296,Vadodara,Tier-2,Prepaid,festive,3,2,0,1,3,22,31,2025-10-15,9,True,0.325,False,53,53,Medium (35-65),Medium (35-65)
PO003180,2025-09-14,V02,Tirupur,False,0.88,woven,overshirt,136,Chandigarh,Tier-2,Prepaid,festive,7,5,2,2,2,35,53,2025-11-06,18,True,0.275,False,67,55,High (65-100),Medium (35-65)
PO003263,2025-09-14,V01,Tirupur,False,0.92,woven,shirt,259,Surat,Tier-2,COD,festive,2,17,4,0,2,35,45,2025-10-29,10,True,0.49,False,68,97,High (65-100),High (65-100)
PO003288,2025-09-14,V01,Tirupur,False,0.92,knit,hoodie,216,Hyderabad,Tier-1,COD,festive,1,1,1,1,1,21,25,2025-10-09,4,False,0.341,False,38,64,Medium (35-65),Medium (35-65)
PO003339,2025-09-14,V02,Tirupur,False,0.88,knit,hoodie,201,Tiruchirappalli,Tier-3,COD,festive,4,20,8,0,3,24,37,2025-10-21,13,True,0.694,True,73,100,High (65-100),High (65-100)
PO003548,2025-09-14,V01,Tirupur,False,0.92,knit,hoodie,251,Vijayawada,Tier-3,COD,festive,1,9,10,5,2,24,36,2025-10-20,12,True,0.706,True,64,100,Medium (35-65),High (65-100)
PO004207,2025-09-14,V05,Bengaluru,False,0.93,knit,hoodie,223,Mumbai,Tier-1,COD,festive,1,1,1,1,1,21,21,2025-10-05,0,False,0.341,True,28,61,Low (0-35),Medium (35-65)
PO004600,2025-09-14,V03,Tirupur,False,0.85,knit,t-shirt,185,Bengaluru,Tier-1,COD,festive,7,1,2,3,3,21,32,2025-10-16,11,True,0.503,True,50,82,Medium (35-65),High (65-100)
PO004604,2025-09-14,V08,Ludhiana,False,0.84,woven,denim-jacket,170,Bengaluru,Tier-1,Prepaid,festive,1,1,1,1,1,34,38,2025-10-22,4,False,0.22,True,46,44,Medium (35-65),Medium (35-65)
PO004826,2025-09-14,V05,Bengaluru,False,0.93,knit,sweatshirt,265,Jaipur,Tier-2,Prepaid,festive,5,7,1,1,2,22,29,2025-10-13,7,True,0.275,False,45,40,Medium (35-65),Medium (35-65)
PO004977,2025-09-14,V05,Bengaluru,False,0.93,woven,denim-jacket,218,Hyderabad,Tier-1,Prepaid,festive,6,2,4,0,2,34,45,2025-10-29,11,True,0.316,False,49,44,Medium (35-65),Medium (35-65)
PO000261,2025-09-15,V02,Tirupur,False,0.88,knit,sweatshirt,117,Coimbatore,Tier-2,COD,festive,7,0,7,2,3,22,30,2025-10-15,8,True,0.578,False,60,100,Medium (35-65),High (65-100)
PO001336,2025-09-15,V01,Tirupur,False,0.92,knit,henley,208,Dehradun,Tier-3,COD,festive,1,3,2,1,1,24,38,2025-10-23,14,True,0.512,True,48,86,Medium (35-65),High (65-100)
PO001698,2025-09-15,V07,Ludhiana,False,0.87,knit,henley,123,Kolkata,Tier-1,COD,festive,2,2,2,1,1,21,27,2025-10-12,6,True,0.426,False,24,61,Low (0-35),Medium (35-65)
PO001771,2025-09-15,V04,Tirupur,False,0.9,woven,shirt,255,Chennai,Tier-1,COD,festive,9,20,2,2,2,34,50,2025-11-04,16,True,0.426,True,64,84,Medium (35-65),High (65-100)
PO002376,2025-09-15,V01,Tirupur,False,0.92,knit,hoodie,260,Surat,Tier-2,Prepaid,festive,6,3,1,4,3,22,36,2025-10-21,14,True,0.389,False,56,67,Medium (35-65),High (65-100)
PO002497,2025-09-15,V01,Tirupur,False,0.92,knit,henley,285,Jodhpur,Tier-3,COD,festive,0,0,2,1,3,24,32,2025-10-17,8,True,0.604,False,54,96,Medium (35-65),High (65-100)
PO002597,2025-09-15,V01,Tirupur,False,0.92,knit,henley,62,Delhi,Tier-1,COD,festive,2,1,2,1,3,21,31,2025-10-16,10,True,0.503,True,44,82,Medium (35-65),High (65-100)
PO002688,2025-09-15,V01,Tirupur,False,0.92,knit,hoodie,214,Surat,Tier-2,Prepaid,festive,2,0,2,1,1,22,22,2025-10-07,0,False,0.22,False,41,43,Medium (35-65),Medium (35-65)
PO002696,2025-09-15,V05,Bengaluru,False,0.93,knit,t-shirt,198,Hyderabad,Tier-1,COD,festive,2,1,5,1,1,21,22,2025-10-07,1,False,0.392,False,33,67,Low (0-35),High (65-100)
PO002734,2025-09-15,V02,Tirupur,False,0.88,woven,overshirt,282,Vijayawada,Tier-3,COD,festive,3,20,1,2,1,37,47,2025-11-01,10,True,0.512,True,74,98,High (65-100),High (65-100)
PO002976,2025-09-15,V01,Tirupur,False,0.92,woven,denim-jacket,148,Delhi,Tier-1,Prepaid,festive,1,11,2,1,2,34,48,2025-11-02,14,True,0.275,False,56,41,Medium (35-65),Medium (35-65)
PO003208,2025-09-15,V01,Tirupur,False,0.92,knit,sweatshirt,142,Delhi,Tier-1,Prepaid,festive,2,9,1,1,2,21,27,2025-10-12,6,True,0.275,False,44,36,Medium (35-65),Medium (35-65)
PO003746,2025-09-15,V02,Tirupur,False,0.88,knit,sweatshirt,271,Pune,Tier-2,Prepaid,festive,2,0,3,1,1,22,25,2025-10-10,3,False,0.253,True,46,49,Medium (35-65),Medium (35-65)
PO003800,2025-09-15,V05,Bengaluru,False,0.93,knit,hoodie,294,Delhi,Tier-1,COD,festive,4,1,1,0,1,21,27,2025-10-12,6,True,0.426,False,34,61,Low (0-35),Medium (35-65)
PO003956,2025-09-15,V08,Ludhiana,False,0.84,woven,shirt,210,Chennai,Tier-1,COD,festive,8,5,0,4,2,34,40,2025-10-25,6,True,0.511,True,65,100,Medium (35-65),High (65-100)
PO004253,2025-09-15,V02,Tirupur,False,0.88,knit,t-shirt,209,Madurai,Tier-3,Prepaid,festive,2,5,7,2,1,24,39,2025-10-24,15,True,0.38,False,59,56,Medium (35-65),Medium (35-65)
PO004316,2025-09-15,V10,Delhi NCR,False,0.82,woven,trouser,162,Bengaluru,Tier-1,Prepaid,festive,3,2,2,2,2,34,39,2025-10-24,5,False,0.22,False,52,44,Medium (35-65),Medium (35-65)
PO004390,2025-09-15,V01,Tirupur,False,0.92,knit,sweatshirt,235,Bengaluru,Tier-1,Prepaid,festive,2,3,1,4,3,21,27,2025-10-12,6,True,0.389,True,45,60,Medium (35-65),Medium (35-65)
PO004738,2025-09-15,V02,Tirupur,False,0.88,knit,sweatshirt,98,Bengaluru,Tier-1,Prepaid,festive,1,3,1,1,1,21,24,2025-10-09,3,False,0.22,False,36,28,Medium (35-65),Low (0-35)
PO004954,2025-09-15,V08,Ludhiana,False,0.84,woven,shirt,293,Bengaluru,Tier-1,COD,festive,1,20,3,3,1,34,41,2025-10-26,7,True,0.49,False,61,93,Medium (35-65),High (65-100)
PO000074,2025-09-16,V02,Tirupur,False,0.88,knit,hoodie,101,Chennai,Tier-1,Prepaid,festive,2,2,4,0,1,21,31,2025-10-17,10,True,0.316,True,41,42,Medium (35-65),Medium (35-65)
PO000340,2025-09-16,V01,Tirupur,False,0.92,knit,polo,112,Jaipur,Tier-2,COD,festive,2,1,3,3,2,22,33,2025-10-19,11,True,0.49,False,48,85,Medium (35-65),High (65-100)
PO000488,2025-09-16,V05,Bengaluru,False,0.93,knit,henley,131,Patna,Tier-3,COD,festive,4,2,1,2,2,24,31,2025-10-17,7,True,0.512,False,44,83,Medium (35-65),High (65-100)
PO000532,2025-09-16,V09,Delhi NCR,False,0.86,woven,overshirt,192,Vadodara,Tier-2,COD,festive,2,7,1,2,2,35,43,2025-10-29,8,True,0.426,True,49,81,Medium (35-65),High (65-100)
PO000826,2025-09-16,V02,Tirupur,False,0.88,knit,t-shirt,240,Chandigarh,Tier-2,Prepaid,festive,3,0,1,3,3,22,31,2025-10-17,9,True,0.325,False,53,53,Medium (35-65),Medium (35-65)
PO000994,2025-09-16,V03,Tirupur,False,0.85,woven,denim-jacket,123,Surat,Tier-2,COD,festive,3,3,4,2,1,35,44,2025-10-30,9,True,0.49,True,66,97,High (65-100),High (65-100)
PO001139,2025-09-16,V05,Bengaluru,False,0.93,knit,sweatshirt,233,Chennai,Tier-1,COD,festive,1,2,1,2,1,21,27,2025-10-13,6,True,0.426,False,28,61,Low (0-35),Medium (35-65)
PO001224,2025-09-16,V01,Tirupur,False,0.92,knit,henley,135,Coimbatore,Tier-2,Prepaid,festive,4,4,1,3,2,22,27,2025-10-13,5,False,0.22,False,47,43,Medium (35-65),Medium (35-65)
PO001251,2025-09-16,V01,Tirupur,False,0.92,knit,polo,173,Indore,Tier-2,COD,festive,3,0,1,1,2,22,35,2025-10-21,13,True,0.426,True,49,79,Medium (35-65),High (65-100)
PO001523,2025-09-16,V08,Ludhiana,False,0.84,woven,overshirt,222,Mysuru,Tier-3,COD,festive,1,2,1,2,1,37,47,2025-11-02,10,True,0.512,False,58,94,Medium (35-65),High (65-100)
PO001710,2025-09-16,V01,Tirupur,False,0.92,knit,hoodie,185,Indore,Tier-2,Prepaid,festive,3,0,2,2,2,22,29,2025-10-15,7,True,0.275,False,47,43,Medium (35-65),Medium (35-65)
PO001799,2025-09-16,V11,Tirupur,True,0.75,knit,sweatshirt,267,Indore,Tier-2,COD,festive,15,5,1,1,1,22,42,2025-10-28,20,True,0.49,True,100,100,High (65-100),High (65-100)
PO002152,2025-09-16,V02,Tirupur,False,0.88,knit,polo,165,Mumbai,Tier-1,COD,festive,1,3,8,2,1,21,28,2025-10-14,7,True,0.49,True,43,78,Medium (35-65),High (65-100)
PO002243,2025-09-16,V02,Tirupur,False,0.88,knit,sweatshirt,126,Kolkata,Tier-1,Prepaid,festive,2,1,2,4,2,21,22,2025-10-08,1,False,0.264,False,39,42,Medium (35-65),Medium (35-65)
PO002390,2025-09-16,V06,Bengaluru,False,0.89,woven,denim-jacket,138,Mumbai,Tier-1,COD,festive,13,3,3,1,2,34,45,2025-10-31,11,True,0.49,True,51,80,Medium (35-65),High (65-100)
PO002704,2025-09-16,V01,Tirupur,False,0.92,woven,shirt,237,Chennai,Tier-1,Prepaid,festive,7,7,2,0,2,34,49,2025-11-04,15,True,0.275,False,62,48,Medium (35-65),Medium (35-65)
PO003052,2025-09-16,V02,Tirupur,False,0.88,knit,sweatshirt,50,Chennai,Tier-1,COD,festive,3,2,9,3,1,21,29,2025-10-15,8,True,0.49,True,49,78,Medium (35-65),High (65-100)
PO003443,2025-09-16,V05,Bengaluru,False,0.93,knit,polo,118,Lucknow,Tier-2,Prepaid,festive,1,1,4,2,2,22,28,2025-10-14,6,True,0.316,True,36,38,Medium (35-65),Medium (35-65)
PO003957,2025-09-16,V09,Delhi NCR,False,0.86,woven,shirt,249,Jaipur,Tier-2,COD,festive,2,1,2,2,3,35,45,2025-10-31,10,True,0.503,False,47,91,Medium (35-65),High (65-100)
PO004034,2025-09-16,V01,Tirupur,False,0.92,knit,sweatshirt,188,Kochi,Tier-2,COD,festive,1,3,5,3,3,22,30,2025-10-16,8,True,0.578,True,54,95,Medium (35-65),High (65-100)
PO004436,2025-09-16,V02,Tirupur,False,0.88,knit,henley,171,Hyderabad,Tier-1,Prepaid,festive,4,0,1,0,3,21,24,2025-10-10,3,False,0.26,True,48,46,Medium (35-65),Medium (35-65)
PO000378,2025-09-17,V04,Tirupur,False,0.9,knit,sweatshirt,280,Jaipur,Tier-2,COD,festive,7,1,2,0,1,22,30,2025-10-17,8,True,0.426,False,49,79,Medium (35-65),High (65-100)
PO000401,2025-09-17,V03,Tirupur,False,0.85,knit,sweatshirt,206,Mumbai,Tier-1,COD,festive,1,2,1,2,1,21,28,2025-10-15,7,True,0.426,False,38,64,Medium (35-65),Medium (35-65)
PO000561,2025-09-17,V02,Tirupur,False,0.88,knit,polo,293,Pune,Tier-2,COD,festive,1,1,1,2,2,22,31,2025-10-18,9,True,0.426,False,43,79,Medium (35-65),High (65-100)
PO000697,2025-09-17,V11,Tirupur,True,0.75,knit,t-shirt,239,Vadodara,Tier-2,Prepaid,festive,12,0,1,4,3,22,34,2025-10-21,12,True,0.448,True,100,92,High (65-100),High (65-100)
PO000887,2025-09-17,V02,Tirupur,False,0.88,knit,hoodie,226,Tiruchirappalli,Tier-3,COD,festive,1,1,4,0,3,24,30,2025-10-17,6,True,0.694,True,59,100,Medium (35-65),High (65-100)
PO000901,2025-09-17,V02,Tirupur,False,0.88,knit,henley,157,Surat,Tier-2,Prepaid,festive,4,1,6,2,2,22,31,2025-10-18,9,True,0.316,True,52,49,Medium (35-65),Medium (35-65)
PO000957,2025-09-17,V03,Tirupur,False,0.85,woven,chinos,132,Dehradun,Tier-3,Prepaid,festive,1,6,4,2,2,37,49,2025-11-05,12,True,0.38,False,71,68,High (65-100),High (65-100)
PO001480,2025-09-17,V01,Tirupur,False,0.92,knit,hoodie,197,Nagpur,Tier-3,COD,festive,7,2,1,1,1,24,30,2025-10-17,6,True,0.512,False,54,86,Medium (35-65),High (65-100)
PO001594,2025-09-17,V01,Tirupur,False,0.92,knit,hoodie,183,Madurai,Tier-3,COD,festive,1,10,1,5,2,24,38,2025-10-25,14,True,0.614,True,59,100,Medium (35-65),High (65-100)
PO002896,2025-09-17,V01,Tirupur,False,0.92,knit,henley,238,Vadodara,Tier-2,Prepaid,festive,1,1,2,4,2,22,33,2025-10-20,11,True,0.33,True,44,57,Medium (35-65),Medium (35-65)
PO003165,2025-09-17,V05,Bengaluru,False,0.93,woven,denim-jacket,127,Kolkata,Tier-1,Prepaid,festive,2,2,1,2,2,34,38,2025-10-25,4,False,0.22,False,38,30,Medium (35-65),Low (0-35)
PO003293,2025-09-17,V06,Bengaluru,False,0.89,woven,trouser,182,Kolkata,Tier-1,COD,festive,2,11,3,1,1,34,42,2025-10-29,8,True,0.49,True,53,80,Medium (35-65),High (65-100)
PO003432,2025-09-17,V05,Bengaluru,False,0.93,woven,chinos,219,Mumbai,Tier-1,COD,festive,3,1,1,0,2,34,49,2025-11-05,15,True,0.426,False,46,74,Medium (35-65),High (65-100)
PO003438,2025-09-17,V07,Ludhiana,False,0.87,woven,chinos,170,Vadodara,Tier-2,COD,festive,1,3,5,0,1,35,45,2025-11-01,10,True,0.49,False,46,87,Medium (35-65),High (65-100)
PO003687,2025-09-17,V06,Bengaluru,False,0.89,woven,chinos,247,Guwahati,Tier-3,COD,festive,0,2,4,2,1,37,51,2025-11-07,14,True,0.588,False,55,94,Medium (35-65),High (65-100)
PO003743,2025-09-17,V01,Tirupur,False,0.92,knit,henley,230,Jaipur,Tier-2,COD,festive,1,5,1,1,2,22,27,2025-10-14,5,False,0.341,True,51,79,Medium (35-65),High (65-100)
PO004131,2025-09-17,V05,Bengaluru,False,0.93,knit,t-shirt,50,Lucknow,Tier-2,COD,festive,1,2,5,2,1,22,27,2025-10-14,5,False,0.392,False,38,74,Medium (35-65),High (65-100)
PO004279,2025-09-17,V06,Bengaluru,False,0.89,knit,henley,230,Tiruchirappalli,Tier-3,Prepaid,festive,2,1,1,2,3,24,24,2025-10-11,0,False,0.312,True,42,57,Medium (35-65),Medium (35-65)
PO004338,2025-09-17,V05,Bengaluru,False,0.93,woven,trouser,165,Kolkata,Tier-1,Prepaid,festive,1,3,1,2,1,34,40,2025-10-27,6,True,0.275,False,38,30,Medium (35-65),Low (0-35)
PO004779,2025-09-17,V05,Bengaluru,False,0.93,knit,hoodie,161,Mumbai,Tier-1,COD,festive,2,7,3,2,1,21,23,2025-10-10,2,False,0.392,False,41,75,Medium (35-65),High (65-100)
PO000049,2025-09-18,V05,Bengaluru,False,0.93,woven,trouser,310,Ahmedabad,Tier-2,Prepaid,festive,6,1,2,1,3,35,42,2025-10-30,7,True,0.325,False,55,55,Medium (35-65),Medium (35-65)
PO000369,2025-09-18,V10,Delhi NCR,False,0.82,woven,chinos,206,Raipur,Tier-3,Prepaid,festive,2,20,5,1,3,37,49,2025-11-06,12,True,0.448,False,75,81,High (65-100),High (65-100)
PO000583,2025-09-18,V01,Tirupur,False,0.92,knit,t-shirt,232,Indore,Tier-2,COD,festive,3,2,1,1,1,22,27,2025-10-15,5,False,0.341,False,49,79,Medium (35-65),High (65-100)
PO000817,2025-09-18,V03,Tirupur,False,0.85,knit,polo,201,Vadodara,Tier-2,Prepaid,festive,5,1,0,0,2,22,28,2025-10-16,6,True,0.275,False,47,43,Medium (35-65),Medium (35-65)
PO000982,2025-09-18,V10,Delhi NCR,False,0.82,woven,chinos,83,Surat,Tier-2,Prepaid,festive,2,2,5,5,1,35,44,2025-11-01,9,True,0.38,True,59,71,Medium (35-65),High (65-100)
PO001225,2025-09-18,V02,Tirupur,False,0.88,knit,t-shirt,206,Bhubaneswar,Tier-3,COD,festive,3,1,1,1,2,24,28,2025-10-16,4,False,0.409,True,54,86,Medium (35-65),High (65-100)
PO001432,2025-09-18,V02,Tirupur,False,0.88,knit,hoodie,168,Tiruchirappalli,Tier-3,COD,festive,1,1,1,6,1,24,34,2025-10-22,10,True,0.614,True,51,100,Medium (35-65),High (65-100)
PO001460,2025-09-18,V04,Tirupur,False,0.9,knit,henley,172,Dehradun,Tier-3,COD,festive,1,1,1,2,2,24,30,2025-10-18,6,True,0.512,True,48,86,Medium (35-65),High (65-100)
PO001813,2025-09-18,V05,Bengaluru,False,0.93,knit,sweatshirt,309,Delhi,Tier-1,COD,festive,2,1,5,2,1,21,25,2025-10-13,4,False,0.392,False,33,67,Low (0-35),High (65-100)
PO001914,2025-09-18,V01,Tirupur,False,0.92,knit,sweatshirt,80,Surat,Tier-2,COD,festive,2,1,3,0,1,22,23,2025-10-11,1,False,0.392,False,48,85,Medium (35-65),High (65-100)
PO002134,2025-09-18,V01,Tirupur,False,0.92,knit,henley,127,Vadodara,Tier-2,COD,festive,4,1,4,2,1,22,28,2025-10-16,6,True,0.49,False,54,85,Medium (35-65),High (65-100)
PO002429,2025-09-18,V05,Bengaluru,False,0.93,knit,polo,213,Jaipur,Tier-2,Prepaid,festive,2,1,2,1,1,22,24,2025-10-12,2,False,0.22,False,31,32,Low (0-35),Low (0-35)
PO002680,2025-09-18,V06,Bengaluru,False,0.89,knit,sweatshirt,196,Raipur,Tier-3,Prepaid,festive,3,0,0,0,1,24,26,2025-10-14,2,False,0.264,True,42,47,Medium (35-65),Medium (35-65)
PO003222,2025-09-18,V05,Bengaluru,False,0.93,knit,hoodie,210,Hyderabad,Tier-1,Prepaid,festive,2,1,5,2,2,21,33,2025-10-21,12,True,0.316,False,31,31,Low (0-35),Low (0-35)
PO003721,2025-09-18,V02,Tirupur,False,0.88,woven,trouser,261,Jodhpur,Tier-3,Prepaid,festive,7,1,1,2,1,37,55,2025-11-12,18,True,0.33,False,64,62,Medium (35-65),Medium (35-65)
PO003949,2025-09-18,V09,Delhi NCR,False,0.86,woven,trouser,245,Coimbatore,Tier-2,Prepaid,festive,2,10,2,1,1,35,37,2025-10-25,2,False,0.22,False,47,45,Medium (35-65),Medium (35-65)
PO004243,2025-09-18,V10,Delhi NCR,False,0.82,woven,denim-jacket,176,Indore,Tier-2,Prepaid,festive,3,8,4,2,2,35,48,2025-11-05,13,True,0.316,False,70,64,High (65-100),Medium (35-65)
PO004466,2025-09-18,V01,Tirupur,False,0.92,knit,sweatshirt,85,Raipur,Tier-3,Prepaid,festive,1,1,2,3,3,24,34,2025-10-22,10,True,0.389,False,52,60,Medium (35-65),Medium (35-65)
PO004587,2025-09-18,V01,Tirupur,False,0.92,woven,overshirt,168,Jodhpur,Tier-3,Prepaid,festive,2,8,2,2,2,37,60,2025-11-17,23,True,0.33,False,66,62,High (65-100),Medium (35-65)
PO004589,2025-09-18,V02,Tirupur,False,0.88,knit,polo,245,Pune,Tier-2,COD,festive,3,1,2,2,1,22,25,2025-10-13,3,False,0.341,False,49,79,Medium (35-65),High (65-100)
PO000344,2025-09-19,V04,Tirupur,False,0.9,knit,polo,129,Nagpur,Tier-3,Prepaid,festive,3,1,4,0,1,24,31,2025-10-20,7,True,0.38,False,57,56,Medium (35-65),Medium (35-65)
PO000643,2025-09-19,V03,Tirupur,False,0.85,knit,sweatshirt,165,Raipur,Tier-3,COD,festive,15,1,4,1,1,24,36,2025-10-25,12,True,0.588,True,59,92,Medium (35-65),High (65-100)
PO000656,2025-09-19,V03,Tirupur,False,0.85,knit,henley,325,Kolkata,Tier-1,COD,festive,2,1,4,4,1,21,30,2025-10-19,9,True,0.588,False,46,92,Medium (35-65),High (65-100)
PO000914,2025-09-19,V05,Bengaluru,False,0.93,knit,t-shirt,138,Bengaluru,Tier-1,COD,festive,2,1,9,0,2,21,25,2025-10-14,4,False,0.392,True,33,67,Low (0-35),High (65-100)
PO001134,2025-09-19,V07,Ludhiana,False,0.87,knit,hoodie,219,Patna,Tier-3,COD,festive,10,0,2,2,3,24,32,2025-10-21,8,True,0.604,False,46,93,Medium (35-65),High (65-100)
PO001205,2025-09-19,V09,Delhi NCR,False,0.86,knit,henley,248,Indore,Tier-2,Prepaid,festive,1,1,9,1,3,22,22,2025-10-11,0,False,0.299,False,38,48,Medium (35-65),Medium (35-65)
PO001273,2025-09-19,V02,Tirupur,False,0.88,knit,sweatshirt,271,Raipur,Tier-3,COD,festive,10,3,2,0,1,24,34,2025-10-23,10,True,0.512,True,54,86,Medium (35-65),High (65-100)
PO001356,2025-09-19,V02,Tirupur,False,0.88,knit,hoodie,243,Guwahati,Tier-3,COD,festive,3,3,4,2,1,24,32,2025-10-21,8,True,0.588,True,59,92,Medium (35-65),High (65-100)
PO001454,2025-09-19,V03,Tirupur,False,0.85,knit,sweatshirt,116,Ranchi,Tier-3,Prepaid,festive,1,2,0,2,3,24,32,2025-10-21,8,True,0.389,True,52,60,Medium (35-65),Medium (35-65)
PO001522,2025-09-19,V05,Bengaluru,False,0.93,knit,henley,189,Chennai,Tier-1,COD,festive,2,0,3,0,1,21,26,2025-10-15,5,False,0.392,True,33,67,Low (0-35),High (65-100)
PO001576,2025-09-19,V04,Tirupur,False,0.9,knit,henley,227,Dehradun,Tier-3,Prepaid,festive,5,0,1,2,1,24,31,2025-10-20,7,True,0.33,True,52,50,Medium (35-65),Medium (35-65)
PO002167,2025-09-19,V09,Delhi NCR,False,0.86,woven,chinos,157,Ahmedabad,Tier-2,COD,festive,3,1,3,0,1,35,45,2025-11-03,10,True,0.49,False,52,87,Medium (35-65),High (65-100)
PO003223,2025-09-19,V02,Tirupur,False,0.88,woven,denim-jacket,321,Bhubaneswar,Tier-3,COD,festive,5,1,1,2,2,37,48,2025-11-06,11,True,0.512,True,66,98,High (65-100),High (65-100)
PO003908,2025-09-19,V02,Tirupur,False,0.88,knit,hoodie,254,Hyderabad,Tier-1,COD,festive,1,1,1,3,1,21,26,2025-10-15,5,False,0.341,False,38,64,Medium (35-65),Medium (35-65)
PO004232,2025-09-19,V12,Bengaluru,True,0.78,knit,sweatshirt,267,Delhi,Tier-1,COD,festive,5,2,1,6,1,21,39,2025-10-28,18,True,0.588,False,77,100,High (65-100),High (65-100)
PO004251,2025-09-19,V01,Tirupur,False,0.92,knit,sweatshirt,74,Delhi,Tier-1,Prepaid,festive,8,1,1,0,3,21,29,2025-10-18,8,True,0.325,False,48,46,Medium (35-65),Medium (35-65)
PO004339,2025-09-19,V01,Tirupur,False,0.92,woven,chinos,158,Ahmedabad,Tier-2,Prepaid,festive,6,2,3,1,2,35,47,2025-11-05,12,True,0.316,True,64,61,Medium (35-65),Medium (35-65)
PO004930,2025-09-19,V08,Ludhiana,False,0.84,woven,shirt,191,Delhi,Tier-1,COD,festive,2,5,2,2,1,34,40,2025-10-29,6,True,0.426,False,56,80,Medium (35-65),High (65-100)
PO004966,2025-09-19,V05,Bengaluru,False,0.93,knit,polo,160,Mumbai,Tier-1,Prepaid,festive,2,4,3,1,3,21,24,2025-10-13,3,False,0.299,True,37,41,Medium (35-65),Medium (35-65)
PO000027,2025-09-20,V07,Ludhiana,False,0.87,knit,t-shirt,175,Surat,Tier-2,Prepaid,festive,5,2,6,0,1,22,30,2025-10-20,8,True,0.316,False,38,38,Medium (35-65),Medium (35-65)
PO000053,2025-09-20,V01,Tirupur,False,0.92,knit,polo,136,Coimbatore,Tier-2,COD,festive,2,1,2,1,2,22,29,2025-10-19,7,True,0.426,False,43,79,Medium (35-65),High (65-100)
PO000132,2025-09-20,V10,Delhi NCR,False,0.82,knit,t-shirt,243,Dehradun,Tier-3,COD,festive,1,1,1,4,1,24,31,2025-10-21,7,True,0.614,False,49,100,Medium (35-65),High (65-100)
PO000153,2025-09-20,V02,Tirupur,False,0.88,knit,sweatshirt,295,Hyderabad,Tier-1,COD,festive,2,2,6,1,1,21,28,2025-10-18,7,True,0.49,True,43,78,Medium (35-65),High (65-100)
PO000341,2025-09-20,V01,Tirupur,False,0.92,knit,t-shirt,146,Raipur,Tier-3,Prepaid,festive,3,0,1,1,2,24,31,2025-10-21,7,True,0.33,False,52,50,Medium (35-65),Medium (35-65)
PO000493,2025-09-20,V08,Ludhiana,False,0.84,woven,denim-jacket,224,Mumbai,Tier-1,Prepaid,festive,1,2,2,4,2,34,47,2025-11-06,13,True,0.33,True,49,58,Medium (35-65),Medium (35-65)
PO000511,2025-09-20,V06,Bengaluru,False,0.89,knit,t-shirt,229,Hyderabad,Tier-1,COD,festive,6,1,2,2,2,21,22,2025-10-12,1,False,0.341,True,34,61,Low (0-35),Medium (35-65)
PO001099,2025-09-20,V01,Tirupur,False,0.92,knit,t-shirt,246,Surat,Tier-2,COD,festive,2,8,4,2,1,22,33,2025-10-23,11,True,0.49,False,56,85,Medium (35-65),High (65-100)
PO001150,2025-09-20,V01,Tirupur,False,0.92,woven,denim-jacket,243,Chandigarh,Tier-2,Prepaid,festive,7,11,1,4,1,35,49,2025-11-08,14,True,0.33,True,70,69,High (65-100),High (65-100)
PO001188,2025-09-20,V03,Tirupur,False,0.85,knit,t-shirt,245,Kolkata,Tier-1,COD,festive,1,1,4,1,1,21,25,2025-10-15,4,False,0.392,False,43,78,Medium (35-65),High (65-100)
PO002140,2025-09-20,V01,Tirupur,False,0.92,woven,denim-jacket,128,Coimbatore,Tier-2,Prepaid,festive,3,1,1,1,1,35,44,2025-11-03,9,True,0.275,False,59,48,Medium (35-65),Medium (35-65)
PO002156,2025-09-20,V05,Bengaluru,False,0.93,knit,henley,190,Bhubaneswar,Tier-3,COD,festive,1,1,1,2,1,24,35,2025-10-25,11,True,0.512,True,38,75,Medium (35-65),High (65-100)
PO002254,2025-09-20,V02,Tirupur,False,0.88,knit,hoodie,258,Indore,Tier-2,COD,festive,2,1,1,0,2,22,24,2025-10-14,2,False,0.341,False,43,79,Medium (35-65),High (65-100)
PO002585,2025-09-20,V09,Delhi NCR,False,0.86,woven,shirt,377,Kolkata,Tier-1,Prepaid,festive,2,2,1,0,1,34,41,2025-10-31,7,True,0.275,False,42,38,Medium (35-65),Medium (35-65)
PO002673,2025-09-20,V10,Delhi NCR,False,0.82,knit,t-shirt,219,Vadodara,Tier-2,COD,festive,3,1,2,1,3,22,29,2025-10-19,7,True,0.503,True,53,92,Medium (35-65),High (65-100)
PO002713,2025-09-20,V01,Tirupur,False,0.92,knit,hoodie,105,Dehradun,Tier-3,Prepaid,festive,12,1,9,1,1,24,37,2025-10-27,13,True,0.38,True,57,56,Medium (35-65),Medium (35-65)
PO002982,2025-09-20,V06,Bengaluru,False,0.89,knit,henley,344,Kochi,Tier-2,COD,festive,1,1,2,0,3,22,27,2025-10-17,5,False,0.402,True,39,78,Medium (35-65),High (65-100)
PO003321,2025-09-20,V02,Tirupur,False,0.88,knit,henley,204,Jodhpur,Tier-3,Prepaid,festive,4,3,1,3,1,24,30,2025-10-20,6,True,0.33,False,52,50,Medium (35-65),Medium (35-65)
PO003571,2025-09-20,V08,Ludhiana,False,0.84,woven,denim-jacket,115,Vadodara,Tier-2,COD,festive,5,3,2,5,2,35,45,2025-11-04,10,True,0.511,False,62,100,Medium (35-65),High (65-100)
PO003618,2025-09-20,V05,Bengaluru,False,0.93,knit,t-shirt,193,Vijayawada,Tier-3,Prepaid,festive,3,4,4,1,1,24,29,2025-10-19,5,False,0.304,True,47,53,Medium (35-65),Medium (35-65)
PO004391,2025-09-20,V12,Bengaluru,True,0.78,knit,henley,217,Kolkata,Tier-1,COD,festive,7,2,4,3,2,21,32,2025-10-22,11,True,0.564,True,79,98,High (65-100),High (65-100)
PO004676,2025-09-20,V02,Tirupur,False,0.88,woven,denim-jacket,74,Indore,Tier-2,COD,festive,2,2,1,5,1,35,49,2025-11-08,14,True,0.511,True,58,98,Medium (35-65),High (65-100)
PO000059,2025-09-21,V01,Tirupur,False,0.92,woven,overshirt,329,Delhi,Tier-1,Prepaid,festive,10,1,3,2,1,34,43,2025-11-03,9,True,0.316,True,59,47,Medium (35-65),Medium (35-65)
PO000248,2025-09-21,V02,Tirupur,False,0.88,knit,henley,312,Patna,Tier-3,COD,festive,1,1,2,1,3,24,40,2025-10-31,16,True,0.604,True,54,96,Medium (35-65),High (65-100)
PO001152,2025-09-21,V04,Tirupur,False,0.9,woven,shirt,76,Surat,Tier-2,Prepaid,festive,2,5,5,2,1,35,44,2025-11-04,9,True,0.316,False,66,61,High (65-100),Medium (35-65)
PO001369,2025-09-21,V02,Tirupur,False,0.88,knit,polo,183,Mysuru,Tier-3,Prepaid,festive,3,2,1,2,1,24,36,2025-10-27,12,True,0.33,False,52,50,Medium (35-65),Medium (35-65)
PO001475,2025-09-21,V02,Tirupur,False,0.88,knit,t-shirt,244,Pune,Tier-2,COD,festive,8,3,2,1,1,22,32,2025-10-23,10,True,0.426,True,49,79,Medium (35-65),High (65-100)
PO001721,2025-09-21,V02,Tirupur,False,0.88,knit,sweatshirt,50,Bhubaneswar,Tier-3,Prepaid,festive,6,1,1,2,2,24,28,2025-10-19,4,False,0.264,False,52,50,Medium (35-65),Medium (35-65)
PO001728,2025-09-21,V01,Tirupur,False,0.92,woven,chinos,201,Mumbai,Tier-1,Prepaid,festive,1,3,1,0,1,34,40,2025-10-31,6,True,0.275,False,48,41,Medium (35-65),Medium (35-65)
PO001908,2025-09-21,V01,Tirupur,False,0.92,knit,t-shirt,162,Dehradun,Tier-3,Prepaid,festive,4,2,5,1,2,24,35,2025-10-26,11,True,0.38,True,57,56,Medium (35-65),Medium (35-65)
PO002192,2025-09-21,V06,Bengaluru,False,0.89,knit,sweatshirt,131,Vadodara,Tier-2,Prepaid,festive,5,1,3,0,3,22,25,2025-10-16,3,False,0.299,False,48,56,Medium (35-65),Medium (35-65)
PO002841,2025-09-21,V02,Tirupur,False,0.88,woven,trouser,127,Raipur,Tier-3,COD,festive,5,7,1,2,2,37,42,2025-11-02,5,False,0.409,True,74,98,High (65-100),High (65-100)
PO002915,2025-09-21,V02,Tirupur,False,0.88,knit,sweatshirt,255,Indore,Tier-2,COD,festive,2,1,4,2,2,22,34,2025-10-25,12,True,0.49,False,48,85,Medium (35-65),High (65-100)
PO003255,2025-09-21,V03,Tirupur,False,0.85,knit,polo,269,Mumbai,Tier-1,COD,festive,1,4,1,0,1,21,26,2025-10-17,5,False,0.341,False,38,64,Medium (35-65),Medium (35-65)
PO003335,2025-09-21,V09,Delhi NCR,False,0.86,woven,overshirt,226,Pune,Tier-2,COD,festive,7,2,2,2,2,35,50,2025-11-10,15,True,0.426,False,47,81,Medium (35-65),High (65-100)
PO003666,2025-09-21,V01,Tirupur,False,0.92,knit,henley,150,Ahmedabad,Tier-2,COD,festive,2,1,3,0,2,22,30,2025-10-21,8,True,0.49,False,48,85,Medium (35-65),High (65-100)
PO003776,2025-09-21,V02,Tirupur,False,0.88,knit,henley,177,Chennai,Tier-1,Prepaid,festive,3,2,5,0,2,21,33,2025-10-24,12,True,0.316,False,47,42,Medium (35-65),Medium (35-65)
PO003903,2025-09-21,V06,Bengaluru,False,0.89,knit,t-shirt,106,Surat,Tier-2,Prepaid,festive,2,1,1,0,2,22,24,2025-10-15,2,False,0.22,False,31,32,Low (0-35),Low (0-35)
PO003909,2025-09-21,V05,Bengaluru,False,0.93,knit,henley,231,Pune,Tier-2,COD,festive,3,11,1,3,3,22,35,2025-10-26,13,True,0.503,True,53,86,Medium (35-65),High (65-100)
PO004663,2025-09-21,V02,Tirupur,False,0.88,knit,sweatshirt,260,Kolkata,Tier-1,COD,festive,2,4,9,1,1,21,26,2025-10-17,5,False,0.392,True,43,78,Medium (35-65),High (65-100)
PO004831,2025-09-21,V02,Tirupur,False,0.88,knit,t-shirt,138,Surat,Tier-2,COD,festive,2,5,3,0,1,22,35,2025-10-26,13,True,0.49,True,56,85,Medium (35-65),High (65-100)
PO000181,2025-09-22,V02,Tirupur,False,0.88,knit,t-shirt,236,Indore,Tier-2,COD,festive,11,1,3,1,2,22,32,2025-10-24,10,True,0.49,False,54,85,Medium (35-65),High (65-100)
PO000200,2025-09-22,V02,Tirupur,False,0.88,knit,t-shirt,196,Surat,Tier-2,COD,festive,1,9,4,1,1,22,35,2025-10-27,13,True,0.49,True,56,85,Medium (35-65),High (65-100)
PO000371,2025-09-22,V02,Tirupur,False,0.88,knit,hoodie,215,Mysuru,Tier-3,COD,festive,1,3,1,3,2,24,33,2025-10-25,9,True,0.512,True,48,86,Medium (35-65),High (65-100)
PO000560,2025-09-22,V05,Bengaluru,False,0.93,woven,trouser,159,Madurai,Tier-3,COD,festive,2,2,7,1,2,37,49,2025-11-10,12,True,0.588,True,55,94,Medium (35-65),High (65-100)
PO000674,2025-09-22,V10,Delhi NCR,False,0.82,woven,chinos,171,Bengaluru,Tier-1,Prepaid,festive,9,3,2,3,2,34,45,2025-11-06,11,True,0.275,False,52,44,Medium (35-65),Medium (35-65)
PO000860,2025-09-22,V08,Ludhiana,False,0.84,woven,trouser,99,Indore,Tier-2,Prepaid,festive,3,8,1,5,1,35,48,2025-11-09,13,True,0.33,True,68,72,High (65-100),High (65-100)
PO001001,2025-09-22,V05,Bengaluru,False,0.93,knit,sweatshirt,203,Chennai,Tier-1,COD,festive,2,1,3,1,2,21,26,2025-10-18,5,False,0.392,False,33,67,Low (0-35),High (65-100)
PO001073,2025-09-22,V04,Tirupur,False,0.9,woven,denim-jacket,142,Lucknow,Tier-2,COD,festive,2,20,3,4,2,35,51,2025-11-12,16,True,0.588,False,71,100,High (65-100),High (65-100)
PO001621,2025-09-22,V05,Bengaluru,False,0.93,knit,hoodie,191,Hyderabad,Tier-1,Prepaid,festive,4,8,1,1,1,21,29,2025-10-21,8,True,0.275,True,40,33,Medium (35-65),Low (0-35)
PO001768,2025-09-22,V03,Tirupur,False,0.85,knit,polo,201,Pune,Tier-2,Prepaid,festive,1,1,2,2,1,22,30,2025-10-22,8,True,0.275,False,41,43,Medium (35-65),Medium (35-65)
PO002037,2025-09-22,V05,Bengaluru,False,0.93,knit,t-shirt,84,Chandigarh,Tier-2,COD,festive,3,0,2,2,1,22,28,2025-10-20,6,True,0.426,False,39,68,Medium (35-65),High (65-100)
PO002039,2025-09-22,V02,Tirupur,False,0.88,knit,henley,300,Kolkata,Tier-1,Prepaid,festive,1,0,2,0,2,21,27,2025-10-19,6,True,0.275,False,36,28,Medium (35-65),Low (0-35)
PO002193,2025-09-22,V08,Ludhiana,False,0.84,woven,trouser,102,Bengaluru,Tier-1,Prepaid,festive,1,16,3,4,2,34,53,2025-11-14,19,True,0.38,False,62,71,Medium (35-65),High (65-100)
PO002877,2025-09-22,V04,Tirupur,False,0.9,woven,trouser,139,Delhi,Tier-1,Prepaid,festive,5,4,2,3,2,34,40,2025-11-01,6,True,0.275,False,54,41,Medium (35-65),Medium (35-65)
PO003478,2025-09-22,V09,Delhi NCR,False,0.86,knit,hoodie,50,Dehradun,Tier-3,COD,festive,13,1,2,4,1,24,33,2025-10-25,9,True,0.614,True,43,97,Medium (35-65),High (65-100)
PO003483,2025-09-22,V02,Tirupur,False,0.88,knit,sweatshirt,265,Jaipur,Tier-2,COD,festive,4,0,1,1,2,22,28,2025-10-20,6,True,0.426,False,49,79,Medium (35-65),High (65-100)
PO003659,2025-09-22,V04,Tirupur,False,0.9,knit,sweatshirt,312,Kochi,Tier-2,Prepaid,festive,3,1,2,0,1,22,28,2025-10-20,6,True,0.275,False,47,43,Medium (35-65),Medium (35-65)
PO003741,2025-09-22,V05,Bengaluru,False,0.93,knit,sweatshirt,245,Surat,Tier-2,COD,festive,10,0,0,2,1,22,31,2025-10-23,9,True,0.426,False,39,68,Medium (35-65),High (65-100)
PO003955,2025-09-22,V01,Tirupur,False,0.92,knit,polo,362,Bengaluru,Tier-1,COD,festive,1,2,4,0,2,21,27,2025-10-19,6,True,0.49,True,51,78,Medium (35-65),High (65-100)
PO004415,2025-09-22,V05,Bengaluru,False,0.93,knit,henley,118,Ahmedabad,Tier-2,Prepaid,festive,3,3,3,0,1,22,25,2025-10-17,3,False,0.253,False,42,46,Medium (35-65),Medium (35-65)
PO004670,2025-09-22,V01,Tirupur,False,0.92,knit,henley,173,Jaipur,Tier-2,Prepaid,festive,15,1,10,1,1,22,33,2025-10-25,11,True,0.316,False,52,49,Medium (35-65),Medium (35-65)
PO004894,2025-09-22,V10,Delhi NCR,False,0.82,woven,shirt,192,Indore,Tier-2,COD,festive,2,4,6,0,2,35,41,2025-11-02,6,True,0.49,False,58,93,Medium (35-65),High (65-100)
PO004953,2025-09-22,V05,Bengaluru,False,0.93,knit,polo,284,Bengaluru,Tier-1,Prepaid,festive,6,2,2,0,2,21,23,2025-10-15,2,False,0.22,True,32,25,Low (0-35),Low (0-35)
PO000100,2025-09-23,V02,Tirupur,False,0.88,knit,sweatshirt,305,Patna,Tier-3,Prepaid,festive,1,1,1,0,3,24,33,2025-10-26,9,True,0.389,False,52,60,Medium (35-65),Medium (35-65)
PO000127,2025-09-23,V03,Tirupur,False,0.85,knit,henley,143,Indore,Tier-2,COD,festive,1,4,1,1,3,22,31,2025-10-24,9,True,0.503,True,49,89,Medium (35-65),High (65-100)
PO000334,2025-09-23,V05,Bengaluru,False,0.93,knit,t-shirt,110,Ranchi,Tier-3,Prepaid,festive,5,1,1,1,1,24,26,2025-10-19,2,False,0.264,False,42,47,Medium (35-65),Medium (35-65)
PO000422,2025-09-23,V09,Delhi NCR,False,0.86,woven,chinos,374,Chandigarh,Tier-2,COD,festive,1,9,1,2,1,35,41,2025-11-03,6,True,0.426,False,57,81,Medium (35-65),High (65-100)
PO000575,2025-09-23,V04,Tirupur,False,0.9,woven,overshirt,167,Surat,Tier-2,COD,festive,1,1,3,1,1,35,45,2025-11-07,10,True,0.49,True,60,97,Medium (35-65),High (65-100)
PO000763,2025-09-23,V06,Bengaluru,False,0.89,woven,overshirt,108,Bengaluru,Tier-1,Prepaid,festive,2,20,1,3,2,34,45,2025-11-07,11,True,0.275,False,46,38,Medium (35-65),Medium (35-65)
PO000992,2025-09-23,V02,Tirupur,False,0.88,knit,polo,303,Nagpur,Tier-3,Prepaid,festive,4,2,3,1,3,24,34,2025-10-27,10,True,0.448,False,63,73,Medium (35-65),High (65-100)
PO001223,2025-09-23,V02,Tirupur,False,0.88,knit,henley,258,Indore,Tier-2,COD,festive,2,5,1,2,2,22,28,2025-10-21,6,True,0.426,True,51,79,Medium (35-65),High (65-100)
PO002102,2025-09-23,V08,Ludhiana,False,0.84,knit,henley,199,Bengaluru,Tier-1,COD,festive,2,1,2,2,3,21,26,2025-10-19,5,False,0.402,True,42,85,Medium (35-65),High (65-100)
PO002309,2025-09-23,V01,Tirupur,False,0.92,knit,polo,219,Ahmedabad,Tier-2,COD,festive,2,2,1,1,3,22,32,2025-10-25,10,True,0.503,False,49,89,Medium (35-65),High (65-100)
PO002402,2025-09-23,V09,Delhi NCR,False,0.86,woven,overshirt,230,Chennai,Tier-1,Prepaid,festive,1,1,7,1,2,34,42,2025-11-04,8,True,0.316,False,39,36,Medium (35-65),Medium (35-65)
PO002535,2025-09-23,V05,Bengaluru,False,0.93,knit,henley,409,Delhi,Tier-1,Prepaid,festive,8,2,3,1,1,21,25,2025-10-18,4,False,0.253,False,45,39,Medium (35-65),Medium (35-65)
PO002581,2025-09-23,V07,Ludhiana,False,0.87,knit,henley,259,Madurai,Tier-3,Prepaid,festive,7,2,3,1,3,24,32,2025-10-25,8,True,0.448,True,49,63,Medium (35-65),Medium (35-65)
PO002822,2025-09-23,V04,Tirupur,False,0.9,woven,trouser,166,Delhi,Tier-1,Prepaid,festive,7,1,2,5,2,34,50,2025-11-12,16,True,0.33,False,57,55,Medium (35-65),Medium (35-65)
PO003058,2025-09-23,V01,Tirupur,False,0.92,knit,hoodie,250,Kochi,Tier-2,Prepaid,festive,1,7,1,0,2,22,28,2025-10-21,6,True,0.275,False,49,43,Medium (35-65),Medium (35-65)
PO003440,2025-09-23,V04,Tirupur,False,0.9,woven,overshirt,205,Jodhpur,Tier-3,Prepaid,festive,4,5,3,3,3,37,47,2025-11-09,10,True,0.448,True,83,78,High (65-100),High (65-100)
PO003607,2025-09-23,V02,Tirupur,False,0.88,knit,sweatshirt,239,Hyderabad,Tier-1,Prepaid,festive,5,1,3,1,1,21,28,2025-10-21,7,True,0.316,False,47,42,Medium (35-65),Medium (35-65)
PO003627,2025-09-23,V01,Tirupur,False,0.92,knit,polo,194,Delhi,Tier-1,Prepaid,festive,1,1,3,0,1,21,28,2025-10-21,7,True,0.316,False,41,42,Medium (35-65),Medium (35-65)
PO004344,2025-09-23,V05,Bengaluru,False,0.93,knit,sweatshirt,119,Madurai,Tier-3,COD,festive,4,1,2,2,2,24,37,2025-10-30,13,True,0.512,False,44,83,Medium (35-65),High (65-100)
PO004562,2025-09-23,V04,Tirupur,False,0.9,knit,t-shirt,164,Madurai,Tier-3,Prepaid,festive,6,2,10,1,3,24,40,2025-11-02,16,True,0.448,False,63,73,Medium (35-65),High (65-100)
PO004717,2025-09-23,V06,Bengaluru,False,0.89,knit,t-shirt,289,Hyderabad,Tier-1,Prepaid,festive,14,5,2,3,1,21,32,2025-10-25,11,True,0.275,False,40,33,Medium (35-65),Low (0-35)
PO004757,2025-09-23,V02,Tirupur,False,0.88,knit,hoodie,227,Kochi,Tier-2,Prepaid,festive,2,1,5,1,2,22,30,2025-10-23,8,True,0.316,True,46,49,Medium (35-65),Medium (35-65)
PO004791,2025-09-23,V01,Tirupur,False,0.92,knit,hoodie,133,Dehradun,Tier-3,COD,festive,2,1,2,1,2,24,34,2025-10-27,10,True,0.512,True,48,86,Medium (35-65),High (65-100)
PO004989,2025-09-23,V09,Delhi NCR,False,0.86,woven,denim-jacket,217,Hyderabad,Tier-1,COD,festive,2,3,7,1,1,34,39,2025-11-01,5,False,0.392,False,41,80,Medium (35-65),High (65-100)
PO000368,2025-09-24,V04,Tirupur,False,0.9,knit,henley,80,Chennai,Tier-1,COD,festive,6,4,1,3,2,21,31,2025-10-25,10,True,0.426,False,44,72,Medium (35-65),High (65-100)
PO000549,2025-09-24,V05,Bengaluru,False,0.93,knit,t-shirt,261,Coimbatore,Tier-2,COD,festive,1,1,3,0,1,22,28,2025-10-22,6,True,0.49,False,38,74,Medium (35-65),High (65-100)
PO000912,2025-09-24,V07,Ludhiana,False,0.87,knit,t-shirt,291,Nagpur,Tier-3,Prepaid,festive,3,2,1,0,2,24,29,2025-10-23,5,False,0.264,False,38,39,Medium (35-65),Medium (35-65)
PO001022,2025-09-24,V09,Delhi NCR,False,0.86,woven,denim-jacket,351,Kolkata,Tier-1,Prepaid,festive,1,3,2,3,3,34,39,2025-11-02,5,False,0.26,True,48,48,Medium (35-65),Medium (35-65)
PO001120,2025-09-24,V05,Bengaluru,False,0.93,knit,sweatshirt,165,Coimbatore,Tier-2,Prepaid,festive,14,1,1,2,1,22,33,2025-10-27,11,True,0.275,False,37,32,Medium (35-65),Low (0-35)
PO001422,2025-09-24,V01,Tirupur,False,0.92,knit,henley,244,Bengaluru,Tier-1,Prepaid,festive,9,0,2,2,3,21,29,2025-10-23,8,True,0.325,False,48,46,Medium (35-65),Medium (35-65)
PO001477,2025-09-24,V03,Tirupur,False,0.85,woven,denim-jacket,376,Pune,Tier-2,COD,festive,1,3,3,3,2,35,45,2025-11-08,10,True,0.49,True,68,97,High (65-100),High (65-100)
PO001507,2025-09-24,V04,Tirupur,False,0.9,knit,hoodie,130,Chandigarh,Tier-2,COD,festive,3,1,1,0,2,22,28,2025-10-22,6,True,0.426,False,49,79,Medium (35-65),High (65-100)
PO001551,2025-09-24,V03,Tirupur,False,0.85,knit,henley,213,Madurai,Tier-3,Prepaid,festive,7,0,3,0,1,24,34,2025-10-28,10,True,0.38,True,57,56,Medium (35-65),Medium (35-65)
PO001665,2025-09-24,V04,Tirupur,False,0.9,knit,polo,96,Guwahati,Tier-3,Prepaid,festive,7,2,2,0,1,24,30,2025-10-24,6,True,0.33,False,52,50,Medium (35-65),Medium (35-65)
PO002216,2025-09-24,V04,Tirupur,False,0.9,woven,shirt,272,Coimbatore,Tier-2,Prepaid,festive,6,1,4,2,3,35,49,2025-11-12,14,True,0.373,False,70,71,High (65-100),High (65-100)
PO003242,2025-09-24,V01,Tirupur,False,0.92,woven,denim-jacket,205,Coimbatore,Tier-2,Prepaid,festive,15,2,2,0,2,35,47,2025-11-10,12,True,0.275,True,59,48,Medium (35-65),Medium (35-65)
PO003298,2025-09-24,V06,Bengaluru,False,0.89,knit,t-shirt,195,Hyderabad,Tier-1,Prepaid,festive,3,2,8,1,1,21,24,2025-10-18,3,False,0.253,False,37,31,Medium (35-65),Low (0-35)
PO003475,2025-09-24,V07,Ludhiana,False,0.87,knit,t-shirt,50,Bengaluru,Tier-1,COD,festive,1,1,1,0,3,21,24,2025-10-18,3,False,0.402,True,30,71,Low (0-35),High (65-100)
PO003560,2025-09-24,V09,Delhi NCR,False,0.86,woven,chinos,242,Bengaluru,Tier-1,Prepaid,festive,2,2,2,1,1,34,40,2025-11-03,6,True,0.275,False,34,30,Low (0-35),Low (0-35)
PO003729,2025-09-24,V03,Tirupur,False,0.85,knit,sweatshirt,50,Kolkata,Tier-1,COD,festive,1,1,5,1,1,21,25,2025-10-19,4,False,0.392,True,43,78,Medium (35-65),High (65-100)
PO004393,2025-09-24,V01,Tirupur,False,0.92,knit,hoodie,151,Madurai,Tier-3,COD,festive,1,0,2,3,1,24,31,2025-10-25,7,True,0.512,True,48,86,Medium (35-65),High (65-100)
PO004529,2025-09-24,V02,Tirupur,False,0.88,knit,hoodie,92,Bhubaneswar,Tier-3,Prepaid,festive,5,1,3,0,2,24,31,2025-10-25,7,True,0.38,False,57,56,Medium (35-65),Medium (35-65)
PO004970,2025-09-24,V02,Tirupur,False,0.88,knit,henley,50,Hyderabad,Tier-1,Prepaid,festive,4,2,1,2,3,21,27,2025-10-21,6,True,0.325,False,48,46,Medium (35-65),Medium (35-65)
PO000009,2025-09-25,V02,Tirupur,False,0.88,woven,denim-jacket,175,Bengaluru,Tier-1,Prepaid,festive,4,2,1,3,1,34,39,2025-11-03,5,False,0.22,False,54,41,Medium (35-65),Medium (35-65)
PO000269,2025-09-25,V01,Tirupur,False,0.92,knit,sweatshirt,255,Jaipur,Tier-2,COD,festive,1,1,1,0,1,22,24,2025-10-19,2,False,0.341,True,43,79,Medium (35-65),High (65-100)
PO000437,2025-09-25,V01,Tirupur,False,0.92,knit,henley,186,Vadodara,Tier-2,COD,festive,5,1,1,2,2,22,32,2025-10-27,10,True,0.426,False,49,79,Medium (35-65),High (65-100)
PO001299,2025-09-25,V09,Delhi NCR,False,0.86,woven,overshirt,172,Delhi,Tier-1,Prepaid,festive,2,1,1,2,1,34,44,2025-11-08,10,True,0.275,False,34,30,Low (0-35),Low (0-35)
PO001485,2025-09-25,V02,Tirupur,False,0.88,knit,henley,230,Surat,Tier-2,COD,festive,1,0,2,2,2,22,32,2025-10-27,10,True,0.426,True,43,79,Medium (35-65),High (65-100)
PO001859,2025-09-25,V04,Tirupur,False,0.9,knit,t-shirt,303,Ahmedabad,Tier-2,COD,festive,2,0,1,0,3,22,29,2025-10-24,7,True,0.503,False,49,89,Medium (35-65),High (65-100)
PO001961,2025-09-25,V01,Tirupur,False,0.92,knit,sweatshirt,241,Bengaluru,Tier-1,Prepaid,festive,4,6,2,4,3,21,34,2025-10-29,13,True,0.389,False,59,60,Medium (35-65),Medium (35-65)
PO002116,2025-09-25,V01,Tirupur,False,0.92,knit,t-shirt,166,Jodhpur,Tier-3,COD,festive,1,2,4,1,1,24,26,2025-10-21,2,False,0.471,True,53,92,Medium (35-65),High (65-100)
PO002467,2025-09-25,V02,Tirupur,False,0.88,knit,hoodie,259,Kolkata,Tier-1,COD,festive,2,0,4,0,3,21,27,2025-10-22,6,True,0.578,False,49,88,Medium (35-65),High (65-100)
PO002570,2025-09-25,V12,Bengaluru,True,0.78,woven,denim-jacket,141,Coimbatore,Tier-2,COD,festive,2,8,3,3,1,35,61,2025-11-25,26,True,0.564,True,92,100,High (65-100),High (65-100)
PO002879,2025-09-25,V05,Bengaluru,False,0.93,knit,henley,176,Jodhpur,Tier-3,COD,festive,4,2,3,1,3,24,28,2025-10-23,4,False,0.555,False,55,99,Medium (35-65),High (65-100)
PO002917,2025-09-25,V01,Tirupur,False,0.92,knit,hoodie,231,Pune,Tier-2,COD,festive,1,0,1,0,3,22,35,2025-10-30,13,True,0.503,True,49,89,Medium (35-65),High (65-100)
PO003418,2025-09-25,V01,Tirupur,False,0.92,knit,t-shirt,182,Bengaluru,Tier-1,Prepaid,festive,4,1,2,1,1,21,27,2025-10-22,6,True,0.275,False,42,36,Medium (35-65),Medium (35-65)
PO003851,2025-09-25,V01,Tirupur,False,0.92,knit,hoodie,191,Vadodara,Tier-2,Prepaid,festive,3,1,2,0,1,22,28,2025-10-23,6,True,0.275,False,47,43,Medium (35-65),Medium (35-65)
PO004170,2025-09-25,V01,Tirupur,False,0.92,knit,polo,152,Hyderabad,Tier-1,COD,festive,13,2,1,2,1,21,25,2025-10-20,4,False,0.341,False,44,72,Medium (35-65),High (65-100)
PO004311,2025-09-25,V01,Tirupur,False,0.92,knit,hoodie,327,Mumbai,Tier-1,COD,festive,4,2,1,0,1,21,27,2025-10-22,6,True,0.426,True,44,72,Medium (35-65),High (65-100)
PO004314,2025-09-25,V03,Tirupur,False,0.85,woven,denim-jacket,302,Nagpur,Tier-3,COD,festive,6,3,0,1,2,37,55,2025-11-19,18,True,0.512,True,66,98,High (65-100),High (65-100)
PO004686,2025-09-25,V02,Tirupur,False,0.88,knit,sweatshirt,328,Madurai,Tier-3,Prepaid,festive,1,1,1,0,1,24,29,2025-10-24,5,False,0.264,False,46,50,Medium (35-65),Medium (35-65)
PO000217,2025-09-26,V02,Tirupur,False,0.88,knit,t-shirt,308,Chennai,Tier-1,Prepaid,festive,3,2,1,1,2,21,25,2025-10-21,4,False,0.22,False,42,36,Medium (35-65),Medium (35-65)
PO000515,2025-09-26,V05,Bengaluru,False,0.93,knit,henley,175,Delhi,Tier-1,Prepaid,festive,9,2,5,0,1,21,23,2025-10-19,2,False,0.253,False,37,31,Medium (35-65),Low (0-35)
PO000843,2025-09-26,V05,Bengaluru,False,0.93,knit,t-shirt,222,Bengaluru,Tier-1,COD,festive,1,1,4,0,1,21,24,2025-10-20,3,False,0.392,True,33,67,Low (0-35),High (65-100)
PO000954,2025-09-26,V07,Ludhiana,False,0.87,knit,polo,288,Chennai,Tier-1,COD,festive,1,0,2,1,1,21,23,2025-10-19,2,False,0.341,True,24,61,Low (0-35),Medium (35-65)
PO001078,2025-09-26,V08,Ludhiana,False,0.84,knit,sweatshirt,268,Lucknow,Tier-2,COD,festive,1,1,1,3,2,22,27,2025-10-23,5,False,0.341,True,41,82,Medium (35-65),High (65-100)
PO002375,2025-09-26,V01,Tirupur,False,0.92,knit,t-shirt,50,Delhi,Tier-1,COD,festive,2,2,0,0,1,21,24,2025-10-20,3,False,0.341,False,38,64,Medium (35-65),Medium (35-65)
PO002397,2025-09-26,V01,Tirupur,False,0.92,knit,polo,195,Patna,Tier-3,COD,festive,2,1,3,0,1,24,30,2025-10-26,6,True,0.588,True,53,92,Medium (35-65),High (65-100)
PO003027,2025-09-26,V05,Bengaluru,False,0.93,knit,hoodie,104,Indore,Tier-2,COD,festive,12,1,5,1,2,22,32,2025-10-28,10,True,0.49,False,44,82,Medium (35-65),High (65-100)
PO003215,2025-09-26,V03,Tirupur,False,0.85,knit,hoodie,343,Mumbai,Tier-1,Prepaid,festive,3,5,1,1,3,21,34,2025-10-30,13,True,0.325,False,56,46,Medium (35-65),Medium (35-65)
PO003331,2025-09-26,V07,Ludhiana,False,0.87,knit,t-shirt,232,Kolkata,Tier-1,COD,festive,2,0,1,1,1,21,20,2025-10-16,-1,False,0.341,True,24,61,Low (0-35),Medium (35-65)
PO003510,2025-09-26,V03,Tirupur,False,0.85,knit,t-shirt,269,Kochi,Tier-2,Prepaid,festive,2,4,1,1,3,22,34,2025-10-30,12,True,0.325,False,47,53,Medium (35-65),Medium (35-65)
PO003752,2025-09-26,V01,Tirupur,False,0.92,woven,overshirt,135,Patna,Tier-3,COD,festive,1,1,1,0,3,37,50,2025-11-15,13,True,0.604,True,66,100,High (65-100),High (65-100)
PO004038,2025-09-26,V04,Tirupur,False,0.9,knit,t-shirt,269,Kolkata,Tier-1,Prepaid,festive,1,2,1,0,3,21,27,2025-10-23,6,True,0.325,True,42,46,Medium (35-65),Medium (35-65)
PO004401,2025-09-26,V04,Tirupur,False,0.9,knit,hoodie,239,Hyderabad,Tier-1,COD,festive,4,1,4,3,1,21,30,2025-10-26,9,True,0.49,True,49,78,Medium (35-65),High (65-100)
PO004851,2025-09-26,V04,Tirupur,False,0.9,knit,polo,94,Vijayawada,Tier-3,COD,festive,5,1,5,3,1,24,28,2025-10-24,4,False,0.471,False,59,92,Medium (35-65),High (65-100)
PO004910,2025-09-26,V09,Delhi NCR,False,0.86,woven,denim-jacket,50,Ranchi,Tier-3,COD,festive,4,2,3,1,1,37,47,2025-11-12,10,True,0.588,False,57,94,Medium (35-65),High (65-100)
PO004934,2025-09-26,V09,Delhi NCR,False,0.86,woven,denim-jacket,115,Chennai,Tier-1,COD,festive,1,1,1,2,2,34,45,2025-11-10,11,True,0.426,False,36,66,Medium (35-65),High (65-100)
PO000164,2025-09-27,V03,Tirupur,False,0.85,knit,henley,173,Hyderabad,Tier-1,COD,festive,4,1,2,0,1,21,26,2025-10-23,5,False,0.341,False,44,72,Medium (35-65),High (65-100)
PO000625,2025-09-27,V02,Tirupur,False,0.88,knit,polo,226,Hyderabad,Tier-1,Prepaid,festive,1,6,10,0,1,21,32,2025-10-29,11,True,0.316,False,49,42,Medium (35-65),Medium (35-65)
PO000661,2025-09-27,V01,Tirupur,False,0.92,woven,chinos,139,Surat,Tier-2,COD,festive,0,5,1,3,1,35,46,2025-11-12,11,True,0.426,True,63,91,Medium (35-65),High (65-100)
PO000770,2025-09-27,V05,Bengaluru,False,0.93,woven,chinos,189,Indore,Tier-2,Prepaid,festive,1,2,2,4,1,35,48,2025-11-14,13,True,0.33,False,46,59,Medium (35-65),Medium (35-65)
PO000856,2025-09-27,V02,Tirupur,False,0.88,woven,overshirt,249,Bhubaneswar,Tier-3,Prepaid,festive,5,3,4,0,1,37,47,2025-11-13,10,True,0.38,False,69,68,High (65-100),High (65-100)
PO001008,2025-09-27,V06,Bengaluru,False,0.89,knit,t-shirt,291,Delhi,Tier-1,COD,festive,5,3,1,0,2,21,25,2025-10-22,4,False,0.341,False,34,61,Low (0-35),Medium (35-65)
PO001212,2025-09-27,V03,Tirupur,False,0.85,knit,t-shirt,87,Raipur,Tier-3,COD,festive,2,2,0,3,2,24,31,2025-10-28,7,True,0.512,False,48,86,Medium (35-65),High (65-100)
PO002791,2025-09-27,V01,Tirupur,False,0.92,knit,sweatshirt,370,Kochi,Tier-2,COD,festive,10,2,1,1,1,22,34,2025-10-31,12,True,0.426,False,57,79,Medium (35-65),High (65-100)
PO003045,2025-09-27,V02,Tirupur,False,0.88,knit,polo,204,Jaipur,Tier-2,COD,festive,1,2,0,2,2,22,32,2025-10-29,10,True,0.426,False,43,79,Medium (35-65),High (65-100)
PO003090,2025-09-27,V02,Tirupur,False,0.88,knit,henley,216,Chennai,Tier-1,COD,festive,2,2,0,2,2,21,30,2025-10-27,9,True,0.426,True,38,64,Medium (35-65),Medium (35-65)
PO003129,2025-09-27,V09,Delhi NCR,False,0.86,knit,t-shirt,246,Hyderabad,Tier-1,COD,festive,2,1,2,1,3,21,32,2025-10-29,11,True,0.503,True,30,71,Low (0-35),High (65-100)
PO003442,2025-09-27,V05,Bengaluru,False,0.93,knit,t-shirt,234,Hyderabad,Tier-1,Prepaid,festive,2,1,2,1,1,21,28,2025-10-25,7,True,0.275,False,26,25,Low (0-35),Low (0-35)
PO003755,2025-09-27,V06,Bengaluru,False,0.89,knit,hoodie,171,Delhi,Tier-1,COD,festive,2,1,4,2,3,21,27,2025-10-24,6,True,0.578,True,39,77,Medium (35-65),High (65-100)
PO004283,2025-09-27,V05,Bengaluru,False,0.93,knit,polo,147,Mumbai,Tier-1,COD,festive,2,1,3,4,1,21,27,2025-10-24,6,True,0.588,False,36,81,Medium (35-65),High (65-100)
PO004337,2025-09-27,V07,Ludhiana,False,0.87,knit,hoodie,50,Nagpur,Tier-3,COD,festive,2,2,3,2,1,24,30,2025-10-27,6,True,0.588,True,39,81,Medium (35-65),High (65-100)
PO004407,2025-09-27,V02,Tirupur,False,0.88,knit,polo,275,Mumbai,Tier-1,Prepaid,festive,1,4,3,1,1,21,27,2025-10-24,6,True,0.316,False,41,42,Medium (35-65),Medium (35-65)
PO004420,2025-09-27,V04,Tirupur,False,0.9,knit,polo,94,Surat,Tier-2,COD,festive,3,1,0,0,1,22,26,2025-10-23,4,False,0.341,False,49,79,Medium (35-65),High (65-100)
PO000070,2025-09-28,V01,Tirupur,False,0.92,woven,overshirt,160,Indore,Tier-2,COD,festive,6,6,9,2,2,35,56,2025-11-23,21,True,0.49,False,74,97,High (65-100),High (65-100)
PO000183,2025-09-28,V07,Ludhiana,False,0.87,knit,sweatshirt,284,Pune,Tier-2,Prepaid,festive,4,2,1,3,2,22,27,2025-10-25,5,False,0.22,True,33,32,Low (0-35),Low (0-35)
PO000227,2025-09-28,V01,Tirupur,False,0.92,knit,t-shirt,207,Nagpur,Tier-3,COD,festive,3,1,2,2,2,24,33,2025-10-31,9,True,0.512,False,54,86,Medium (35-65),High (65-100)
PO000540,2025-09-28,V03,Tirupur,False,0.85,knit,hoodie,201,Mumbai,Tier-1,Prepaid,festive,1,0,2,0,1,21,26,2025-10-24,5,False,0.22,False,36,28,Medium (35-65),Low (0-35)
PO000669,2025-09-28,V01,Tirupur,False,0.92,knit,polo,315,Surat,Tier-2,Prepaid,festive,1,1,4,2,2,22,30,2025-10-28,8,True,0.316,False,46,49,Medium (35-65),Medium (35-65)
PO000794,2025-09-28,V03,Tirupur,False,0.85,woven,overshirt,221,Kolkata,Tier-1,Prepaid,festive,6,11,2,5,2,34,40,2025-11-07,6,True,0.33,True,65,62,Medium (35-65),Medium (35-65)
PO001091,2025-09-28,V02,Tirupur,False,0.88,knit,t-shirt,50,Coimbatore,Tier-2,COD,festive,1,2,2,0,1,22,26,2025-10-24,4,False,0.341,False,43,79,Medium (35-65),High (65-100)
PO001427,2025-09-28,V01,Tirupur,False,0.92,knit,polo,157,Hyderabad,Tier-1,COD,festive,2,0,3,0,1,21,26,2025-10-24,5,False,0.392,True,43,78,Medium (35-65),High (65-100)
PO001529,2025-09-28,V04,Tirupur,False,0.9,woven,trouser,173,Jaipur,Tier-2,COD,festive,2,3,4,1,1,35,51,2025-11-18,16,True,0.49,True,60,97,Medium (35-65),High (65-100)
PO001706,2025-09-28,V02,Tirupur,False,0.88,knit,sweatshirt,262,Coimbatore,Tier-2,Prepaid,festive,2,1,1,3,3,22,27,2025-10-25,5,False,0.26,False,47,53,Medium (35-65),Medium (35-65)
PO001862,2025-09-28,V01,Tirupur,False,0.92,knit,polo,361,Pune,Tier-2,COD,festive,1,1,2,2,1,22,30,2025-10-28,8,True,0.426,False,51,79,Medium (35-65),High (65-100)
PO002144,2025-09-28,V05,Bengaluru,False,0.93,knit,polo,316,Raipur,Tier-3,COD,festive,6,2,3,2,1,24,32,2025-10-30,8,True,0.588,True,49,89,Medium (35-65),High (65-100)
PO002247,2025-09-28,V06,Bengaluru,False,0.89,woven,shirt,230,Kolkata,Tier-1,Prepaid,festive,4,0,2,4,3,34,41,2025-11-08,7,True,0.389,True,53,62,Medium (35-65),Medium (35-65)
PO002529,2025-09-28,V01,Tirupur,False,0.92,knit,polo,303,Kochi,Tier-2,Prepaid,festive,1,7,2,1,1,22,33,2025-10-31,11,True,0.275,False,49,43,Medium (35-65),Medium (35-65)
PO002768,2025-09-28,V02,Tirupur,False,0.88,knit,t-shirt,125,Pune,Tier-2,COD,festive,15,1,2,0,1,22,32,2025-10-30,10,True,0.426,True,49,79,Medium (35-65),High (65-100)
PO002992,2025-09-28,V01,Tirupur,False,0.92,knit,sweatshirt,298,Madurai,Tier-3,Prepaid,festive,7,1,2,2,1,24,36,2025-11-03,12,True,0.33,False,52,50,Medium (35-65),Medium (35-65)
PO003161,2025-09-28,V02,Tirupur,False,0.88,woven,shirt,55,Bhubaneswar,Tier-3,COD,festive,1,1,4,1,1,37,56,2025-11-23,19,True,0.588,True,65,100,Medium (35-65),High (65-100)
PO003477,2025-09-28,V01,Tirupur,False,0.92,knit,polo,298,Chennai,Tier-1,Prepaid,festive,2,3,1,0,1,21,28,2025-10-26,7,True,0.275,False,36,28,Medium (35-65),Low (0-35)
PO003664,2025-09-28,V04,Tirupur,False,0.9,knit,t-shirt,152,Chennai,Tier-1,COD,festive,3,6,3,0,2,21,31,2025-10-29,10,True,0.49,True,57,78,Medium (35-65),High (65-100)
PO000417,2025-09-29,V02,Tirupur,False,0.88,knit,hoodie,238,Vijayawada,Tier-3,COD,festive,0,1,2,0,1,24,31,2025-10-30,7,True,0.512,False,48,86,Medium (35-65),High (65-100)
PO000434,2025-09-29,V09,Delhi NCR,False,0.86,woven,chinos,150,Tiruchirappalli,Tier-3,Prepaid,festive,5,3,3,2,2,37,43,2025-11-11,6,True,0.38,True,55,58,Medium (35-65),Medium (35-65)
PO000533,2025-09-29,V01,Tirupur,False,0.92,woven,chinos,130,Surat,Tier-2,COD,festive,2,1,3,0,1,35,41,2025-11-09,6,True,0.49,True,60,97,Medium (35-65),High (65-100)
PO000688,2025-09-29,V02,Tirupur,False,0.88,knit,polo,203,Bengaluru,Tier-1,Prepaid,festive,3,7,4,1,2,21,28,2025-10-27,7,True,0.316,True,55,42,Medium (35-65),Medium (35-65)
PO000716,2025-09-29,V05,Bengaluru,False,0.93,woven,denim-jacket,124,Kolkata,Tier-1,Prepaid,festive,0,6,3,1,2,34,46,2025-11-14,12,True,0.316,False,51,44,Medium (35-65),Medium (35-65)
PO000768,2025-09-29,V09,Delhi NCR,False,0.86,woven,trouser,167,Mysuru,Tier-3,COD,festive,5,13,2,1,3,37,53,2025-11-21,16,True,0.604,False,66,100,High (65-100),High (65-100)
PO000889,2025-09-29,V01,Tirupur,False,0.92,knit,hoodie,163,Jodhpur,Tier-3,COD,festive,4,3,1,1,1,24,32,2025-10-31,8,True,0.512,False,54,86,Medium (35-65),High (65-100)
PO000939,2025-09-29,V04,Tirupur,False,0.9,knit,polo,239,Chandigarh,Tier-2,Prepaid,festive,9,2,4,0,3,22,30,2025-10-29,8,True,0.373,False,58,59,Medium (35-65),Medium (35-65)
PO001198,2025-09-29,V07,Ludhiana,False,0.87,knit,polo,130,Chennai,Tier-1,COD,festive,2,3,3,4,1,21,26,2025-10-25,5,False,0.471,False,32,81,Low (0-35),High (65-100)
PO001265,2025-09-29,V05,Bengaluru,False,0.93,knit,sweatshirt,191,Bengaluru,Tier-1,Prepaid,festive,6,0,6,0,1,21,24,2025-10-23,3,False,0.253,False,37,31,Medium (35-65),Low (0-35)
PO002482,2025-09-29,V02,Tirupur,False,0.88,knit,polo,300,Delhi,Tier-1,COD,festive,3,0,1,2,1,21,22,2025-10-21,1,False,0.341,True,44,72,Medium (35-65),High (65-100)
PO002556,2025-09-29,V02,Tirupur,False,0.88,knit,sweatshirt,154,Bengaluru,Tier-1,Prepaid,festive,14,1,2,3,1,21,32,2025-10-31,11,True,0.275,False,42,36,Medium (35-65),Medium (35-65)
PO002657,2025-09-29,V01,Tirupur,False,0.92,woven,shirt,158,Jodhpur,Tier-3,Prepaid,festive,3,7,1,2,3,37,53,2025-11-21,16,True,0.389,False,78,72,High (65-100),High (65-100)
PO002663,2025-09-29,V07,Ludhiana,False,0.87,knit,polo,274,Lucknow,Tier-2,COD,festive,4,1,1,2,1,22,22,2025-10-21,0,False,0.341,False,35,68,Low (0-35),High (65-100)
PO003319,2025-09-29,V07,Ludhiana,False,0.87,woven,overshirt,150,Bhubaneswar,Tier-3,Prepaid,festive,11,3,1,3,1,37,51,2025-11-19,14,True,0.33,True,50,52,Medium (35-65),Medium (35-65)
PO003397,2025-09-29,V03,Tirupur,False,0.85,knit,hoodie,169,Hyderabad,Tier-1,COD,festive,1,3,3,0,1,21,26,2025-10-25,5,False,0.392,False,43,78,Medium (35-65),High (65-100)
PO003629,2025-09-29,V01,Tirupur,False,0.92,knit,henley,281,Kolkata,Tier-1,COD,festive,12,0,1,0,1,21,31,2025-10-30,10,True,0.426,True,44,72,Medium (35-65),High (65-100)
PO003731,2025-09-29,V01,Tirupur,False,0.92,knit,polo,265,Jodhpur,Tier-3,Prepaid,festive,8,0,5,2,1,24,35,2025-11-03,11,True,0.38,False,57,56,Medium (35-65),Medium (35-65)
PO003914,2025-09-29,V01,Tirupur,False,0.92,knit,henley,225,Kolkata,Tier-1,COD,festive,12,0,2,1,1,21,31,2025-10-30,10,True,0.426,False,44,72,Medium (35-65),High (65-100)
PO004024,2025-09-29,V02,Tirupur,False,0.88,woven,trouser,176,Hyderabad,Tier-1,COD,festive,2,2,7,2,2,34,42,2025-11-10,8,True,0.49,False,55,83,Medium (35-65),High (65-100)
PO004284,2025-09-29,V09,Delhi NCR,False,0.86,woven,trouser,155,Vijayawada,Tier-3,COD,festive,6,3,2,2,1,37,47,2025-11-15,10,True,0.512,True,52,88,Medium (35-65),High (65-100)
PO004721,2025-09-29,V01,Tirupur,False,0.92,knit,hoodie,226,Nagpur,Tier-3,COD,festive,2,1,7,1,1,24,32,2025-10-31,8,True,0.588,False,53,92,Medium (35-65),High (65-100)
PO004873,2025-09-29,V01,Tirupur,False,0.92,knit,polo,319,Kolkata,Tier-1,Prepaid,festive,1,1,10,1,3,21,31,2025-10-30,10,True,0.373,True,47,52,Medium (35-65),Medium (35-65)
PO004893,2025-09-29,V08,Ludhiana,False,0.84,woven,trouser,112,Coimbatore,Tier-2,COD,festive,1,4,4,3,1,35,46,2025-11-14,11,True,0.49,False,58,93,Medium (35-65),High (65-100)
PO000140,2025-09-30,V02,Tirupur,False,0.88,knit,sweatshirt,128,Ranchi,Tier-3,COD,festive,1,1,2,0,1,24,36,2025-11-05,12,True,0.512,True,48,86,Medium (35-65),High (65-100)
PO000272,2025-09-30,V07,Ludhiana,False,0.87,knit,t-shirt,292,Delhi,Tier-1,Prepaid,festive,8,1,0,1,1,21,26,2025-10-26,5,False,0.22,True,28,25,Low (0-35),Low (0-35)
PO000302,2025-09-30,V01,Tirupur,False,0.92,knit,hoodie,88,Kolkata,Tier-1,Prepaid,festive,4,1,2,0,1,21,27,2025-10-27,6,True,0.275,False,42,36,Medium (35-65),Medium (35-65)
PO001309,2025-09-30,V02,Tirupur,False,0.88,knit,henley,217,Coimbatore,Tier-2,COD,festive,3,2,2,2,1,22,31,2025-10-31,9,True,0.426,False,49,79,Medium (35-65),High (65-100)
PO001467,2025-09-30,V02,Tirupur,False,0.88,woven,trouser,91,Kolkata,Tier-1,COD,festive,11,6,2,0,1,34,44,2025-11-13,10,True,0.426,True,64,84,Medium (35-65),High (65-100)
PO001663,2025-09-30,V08,Ludhiana,False,0.84,woven,chinos,205,Bengaluru,Tier-1,Prepaid,festive,1,5,2,3,3,34,41,2025-11-10,7,True,0.325,True,60,61,Medium (35-65),Medium (35-65)
PO001781,2025-09-30,V01,Tirupur,False,0.92,knit,henley,168,Bhubaneswar,Tier-3,COD,festive,1,5,2,3,1,24,28,2025-10-28,4,False,0.409,True,56,86,Medium (35-65),High (65-100)
PO001919,2025-09-30,V01,Tirupur,False,0.92,knit,sweatshirt,282,Bengaluru,Tier-1,COD,festive,5,2,1,1,1,21,26,2025-10-26,5,False,0.341,False,44,72,Medium (35-65),High (65-100)
PO002498,2025-09-30,V05,Bengaluru,False,0.93,knit,henley,327,Indore,Tier-2,Prepaid,festive,11,1,1,0,2,22,31,2025-10-31,9,True,0.275,False,37,32,Medium (35-65),Low (0-35)
PO002650,2025-09-30,V12,Bengaluru,True,0.78,knit,sweatshirt,147,Pune,Tier-2,COD,festive,7,1,3,5,1,22,36,2025-11-05,14,True,0.676,True,87,100,High (65-100),High (65-100)
PO002853,2025-09-30,V06,Bengaluru,False,0.89,knit,henley,212,Raipur,Tier-3,COD,festive,3,4,1,0,3,24,34,2025-11-03,10,True,0.604,True,50,93,Medium (35-65),High (65-100)
PO002962,2025-09-30,V01,Tirupur,False,0.92,woven,trouser,50,Coimbatore,Tier-2,COD,festive,3,2,1,3,1,35,43,2025-11-12,8,True,0.426,True,61,91,Medium (35-65),High (65-100)
PO003125,2025-09-30,V02,Tirupur,False,0.88,knit,polo,296,Mumbai,Tier-1,Prepaid,festive,2,2,1,1,2,21,31,2025-10-31,10,True,0.275,False,36,28,Medium (35-65),Low (0-35)
PO003162,2025-09-30,V07,Ludhiana,False,0.87,knit,sweatshirt,270,Jaipur,Tier-2,Prepaid,festive,6,4,1,3,2,22,31,2025-10-31,9,True,0.275,False,33,32,Low (0-35),Low (0-35)
PO003628,2025-09-30,V03,Tirupur,False,0.85,knit,t-shirt,185,Indore,Tier-2,COD,festive,1,1,5,1,1,22,31,2025-10-31,9,True,0.49,False,48,85,Medium (35-65),High (65-100)
PO003864,2025-09-30,V01,Tirupur,False,0.92,knit,henley,219,Hyderabad,Tier-1,COD,festive,15,0,2,2,2,21,31,2025-10-31,10,True,0.426,False,44,72,Medium (35-65),High (65-100)
PO004673,2025-09-30,V05,Bengaluru,False,0.93,knit,hoodie,203,Ranchi,Tier-3,Prepaid,festive,2,2,4,0,1,24,34,2025-11-03,10,True,0.38,True,41,53,Medium (35-65),Medium (35-65)
PO000119,2025-10-01,V01,Tirupur,False,0.92,knit,henley,207,Kolkata,Tier-1,COD,festive,9,0,2,1,1,21,29,2025-10-30,8,True,0.426,False,44,72,Medium (35-65),High (65-100)
PO000299,2025-10-01,V01,Tirupur,False,0.92,knit,polo,244,Ranchi,Tier-3,COD,festive,2,2,1,0,3,24,34,2025-11-04,10,True,0.604,True,54,96,Medium (35-65),High (65-100)
PO000382,2025-10-01,V09,Delhi NCR,False,0.86,woven,overshirt,279,Mumbai,Tier-1,COD,festive,8,1,3,1,1,34,42,2025-11-12,8,True,0.49,True,47,80,Medium (35-65),High (65-100)
PO001403,2025-10-01,V01,Tirupur,False,0.92,knit,polo,211,Lucknow,Tier-2,COD,festive,1,1,4,5,1,22,29,2025-10-30,7,True,0.588,False,51,99,Medium (35-65),High (65-100)
PO001525,2025-10-01,V02,Tirupur,False,0.88,knit,hoodie,325,Mysuru,Tier-3,COD,festive,3,1,1,1,2,24,32,2025-11-02,8,True,0.512,False,54,86,Medium (35-65),High (65-100)
PO002133,2025-10-01,V10,Delhi NCR,False,0.82,woven,denim-jacket,368,Delhi,Tier-1,Prepaid,festive,3,20,2,5,1,34,41,2025-11-11,7,True,0.33,False,71,65,High (65-100),Medium (35-65)
PO002224,2025-10-01,V03,Tirupur,False,0.85,knit,hoodie,79,Raipur,Tier-3,COD,festive,1,3,2,2,2,24,38,2025-11-08,14,True,0.512,True,48,86,Medium (35-65),High (65-100)
PO002818,2025-10-01,V10,Delhi NCR,False,0.82,woven,shirt,126,Madurai,Tier-3,COD,festive,1,2,4,0,2,37,49,2025-11-19,12,True,0.588,False,63,100,Medium (35-65),High (65-100)
PO003403,2025-10-01,V02,Tirupur,False,0.88,knit,sweatshirt,120,Jaipur,Tier-2,COD,festive,4,4,10,4,1,22,35,2025-11-05,13,True,0.588,True,57,99,Medium (35-65),High (65-100)
PO004297,2025-10-01,V02,Tirupur,False,0.88,knit,polo,183,Bhubaneswar,Tier-3,Prepaid,festive,1,0,4,1,2,24,35,2025-11-05,11,True,0.38,False,51,56,Medium (35-65),Medium (35-65)
PO004490,2025-10-01,V05,Bengaluru,False,0.93,knit,t-shirt,243,Patna,Tier-3,COD,festive,8,1,6,1,1,24,30,2025-10-31,6,True,0.588,True,49,89,Medium (35-65),High (65-100)
PO004891,2025-10-01,V01,Tirupur,False,0.92,woven,overshirt,159,Bengaluru,Tier-1,COD,festive,3,2,1,0,2,34,42,2025-11-12,8,True,0.426,False,56,77,Medium (35-65),High (65-100)
PO000279,2025-10-02,V09,Delhi NCR,False,0.86,woven,shirt,218,Ahmedabad,Tier-2,Prepaid,festive,6,4,4,4,1,35,42,2025-11-13,7,True,0.38,False,53,65,Medium (35-65),Medium (35-65)
PO000613,2025-10-02,V08,Ludhiana,False,0.84,woven,shirt,128,Coimbatore,Tier-2,COD,festive,2,2,2,5,1,35,39,2025-11-10,4,False,0.409,False,56,100,Medium (35-65),High (65-100)
PO001383,2025-10-02,V07,Ludhiana,False,0.87,knit,hoodie,240,Nagpur,Tier-3,COD,festive,1,1,0,1,2,24,29,2025-10-31,5,False,0.409,False,34,75,Low (0-35),High (65-100)
PO001417,2025-10-02,V04,Tirupur,False,0.9,knit,sweatshirt,217,Mumbai,Tier-1,COD,festive,1,3,2,1,2,21,30,2025-11-01,9,True,0.426,True,38,64,Medium (35-65),Medium (35-65)
PO001702,2025-10-02,V05,Bengaluru,False,0.93,knit,polo,324,Pune,Tier-2,Prepaid,festive,2,2,2,2,1,22,33,2025-11-04,11,True,0.275,False,31,32,Low (0-35),Low (0-35)
PO001789,2025-10-02,V04,Tirupur,False,0.9,woven,denim-jacket,258,Vadodara,Tier-2,COD,festive,10,1,1,0,2,35,48,2025-11-19,13,True,0.426,False,61,91,Medium (35-65),High (65-100)
PO002118,2025-10-02,V02,Tirupur,False,0.88,knit,t-shirt,210,Indore,Tier-2,COD,festive,3,0,1,2,2,22,32,2025-11-03,10,True,0.426,True,49,79,Medium (35-65),High (65-100)
PO002679,2025-10-02,V03,Tirupur,False,0.85,knit,hoodie,252,Kolkata,Tier-1,COD,festive,10,0,5,2,3,21,26,2025-10-28,5,False,0.463,False,55,88,Medium (35-65),High (65-100)
PO002944,2025-10-02,V04,Tirupur,False,0.9,woven,denim-jacket,310,Mumbai,Tier-1,COD,festive,1,11,2,2,1,34,46,2025-11-17,12,True,0.426,True,58,77,Medium (35-65),High (65-100)
PO003069,2025-10-02,V05,Bengaluru,False,0.93,knit,t-shirt,179,Mumbai,Tier-1,COD,festive,4,4,3,0,1,21,26,2025-10-28,5,False,0.392,False,39,67,Medium (35-65),High (65-100)
PO003115,2025-10-02,V06,Bengaluru,False,0.89,knit,t-shirt,50,Hyderabad,Tier-1,COD,festive,1,1,0,2,2,21,24,2025-10-26,3,False,0.341,False,28,61,Low (0-35),Medium (35-65)
PO003391,2025-10-02,V05,Bengaluru,False,0.93,knit,hoodie,170,Kolkata,Tier-1,COD,festive,4,1,5,2,2,21,27,2025-10-29,6,True,0.49,False,39,67,Medium (35-65),High (65-100)
PO003843,2025-10-02,V12,Bengaluru,True,0.78,woven,shirt,218,Bhubaneswar,Tier-3,COD,festive,6,7,2,8,1,37,64,2025-12-05,27,True,0.706,True,100,100,High (65-100),High (65-100)
PO004254,2025-10-02,V01,Tirupur,False,0.92,knit,hoodie,314,Bengaluru,Tier-1,Prepaid,festive,3,4,2,1,1,21,27,2025-10-29,6,True,0.275,True,42,36,Medium (35-65),Medium (35-65)
PO004273,2025-10-02,V05,Bengaluru,False,0.93,woven,shirt,213,Mysuru,Tier-3,Prepaid,festive,13,7,3,1,1,37,46,2025-11-17,9,True,0.38,False,67,65,High (65-100),Medium (35-65)
PO004434,2025-10-02,V02,Tirupur,False,0.88,knit,sweatshirt,310,Delhi,Tier-1,COD,festive,1,0,0,4,2,21,23,2025-10-25,2,False,0.409,False,41,86,Medium (35-65),High (65-100)
PO004602,2025-10-02,V02,Tirupur,False,0.88,knit,henley,94,Tiruchirappalli,Tier-3,Prepaid,festive,2,3,3,0,1,24,32,2025-11-03,8,True,0.38,False,51,56,Medium (35-65),Medium (35-65)
PO004732,2025-10-02,V01,Tirupur,False,0.92,knit,hoodie,169,Kochi,Tier-2,COD,festive,1,0,5,1,1,22,30,2025-11-01,8,True,0.49,True,48,85,Medium (35-65),High (65-100)
PO004761,2025-10-02,V05,Bengaluru,False,0.93,knit,polo,188,Hyderabad,Tier-1,COD,festive,1,1,5,2,3,21,27,2025-10-29,6,True,0.578,False,39,77,Medium (35-65),High (65-100)
PO004813,2025-10-02,V02,Tirupur,False,0.88,woven,overshirt,50,Delhi,Tier-1,Prepaid,festive,5,5,1,2,1,34,51,2025-11-22,17,True,0.275,False,62,48,Medium (35-65),Medium (35-65)
PO000087,2025-10-03,V05,Bengaluru,False,0.93,knit,polo,211,Hyderabad,Tier-1,Prepaid,festive,4,1,5,2,1,21,26,2025-10-29,5,False,0.253,True,37,31,Medium (35-65),Low (0-35)
PO000490,2025-10-03,V05,Bengaluru,False,0.93,knit,hoodie,362,Jaipur,Tier-2,COD,festive,3,1,2,0,3,22,28,2025-10-31,6,True,0.503,False,53,86,Medium (35-65),High (65-100)
PO000582,2025-10-03,V02,Tirupur,False,0.88,knit,henley,138,Mumbai,Tier-1,COD,festive,2,0,3,3,2,21,29,2025-11-01,8,True,0.49,True,43,78,Medium (35-65),High (65-100)
PO000823,2025-10-03,V05,Bengaluru,False,0.93,knit,sweatshirt,231,Coimbatore,Tier-2,COD,festive,2,0,10,0,1,22,24,2025-10-27,2,False,0.392,False,38,74,Medium (35-65),High (65-100)
PO001437,2025-10-03,V05,Bengaluru,False,0.93,woven,denim-jacket,292,Patna,Tier-3,COD,festive,2,3,1,2,2,37,47,2025-11-19,10,True,0.512,False,50,88,Medium (35-65),High (65-100)
PO002063,2025-10-03,V02,Tirupur,False,0.88,knit,hoodie,154,Indore,Tier-2,Prepaid,festive,6,1,10,1,2,22,31,2025-11-03,9,True,0.316,False,52,49,Medium (35-65),Medium (35-65)
PO002264,2025-10-03,V06,Bengaluru,False,0.89,knit,polo,199,Surat,Tier-2,COD,festive,4,2,1,3,2,22,26,2025-10-29,4,False,0.341,False,39,68,Medium (35-65),High (65-100)
PO002347,2025-10-03,V06,Bengaluru,False,0.89,knit,hoodie,284,Coimbatore,Tier-2,Prepaid,festive,0,1,1,3,1,22,26,2025-10-29,4,False,0.22,False,31,32,Low (0-35),Low (0-35)
PO002665,2025-10-03,V03,Tirupur,False,0.85,woven,shirt,151,Pune,Tier-2,Prepaid,festive,2,1,2,1,1,35,52,2025-11-24,17,True,0.275,True,53,48,Medium (35-65),Medium (35-65)
PO002703,2025-10-03,V02,Tirupur,False,0.88,knit,polo,295,Guwahati,Tier-3,COD,festive,15,1,3,3,1,24,36,2025-11-08,12,True,0.588,False,59,92,Medium (35-65),High (65-100)
PO003585,2025-10-03,V10,Delhi NCR,False,0.82,woven,overshirt,164,Nagpur,Tier-3,Prepaid,festive,9,4,6,1,1,37,51,2025-11-23,14,True,0.38,False,67,71,High (65-100),High (65-100)
PO003667,2025-10-03,V04,Tirupur,False,0.9,knit,polo,208,Indore,Tier-2,COD,festive,1,2,1,1,2,22,31,2025-11-03,9,True,0.426,False,43,79,Medium (35-65),High (65-100)
PO003791,2025-10-03,V07,Ludhiana,False,0.87,knit,sweatshirt,122,Pune,Tier-2,Prepaid,festive,2,1,1,0,2,22,30,2025-11-02,8,True,0.275,False,27,32,Low (0-35),Low (0-35)
PO003967,2025-10-03,V05,Bengaluru,False,0.93,knit,hoodie,118,Jaipur,Tier-2,COD,festive,5,2,2,3,2,22,27,2025-10-30,5,False,0.341,True,39,68,Medium (35-65),High (65-100)
PO004082,2025-10-03,V02,Tirupur,False,0.88,knit,henley,180,Coimbatore,Tier-2,Prepaid,festive,1,0,1,2,1,22,24,2025-10-27,2,False,0.22,True,41,43,Medium (35-65),Medium (35-65)
PO004291,2025-10-03,V05,Bengaluru,False,0.93,knit,hoodie,50,Mysuru,Tier-3,COD,festive,2,0,2,1,1,24,30,2025-11-02,6,True,0.512,True,38,75,Medium (35-65),High (65-100)
PO004307,2025-10-03,V04,Tirupur,False,0.9,woven,chinos,183,Mumbai,Tier-1,Prepaid,festive,2,4,1,1,1,34,36,2025-11-08,2,False,0.22,False,48,41,Medium (35-65),Medium (35-65)
PO004503,2025-10-03,V04,Tirupur,False,0.9,knit,polo,226,Tiruchirappalli,Tier-3,COD,festive,5,0,3,1,1,24,31,2025-11-03,7,True,0.588,True,59,92,Medium (35-65),High (65-100)
PO004598,2025-10-03,V04,Tirupur,False,0.9,woven,shirt,120,Jodhpur,Tier-3,Prepaid,festive,1,8,1,4,3,37,45,2025-11-17,8,True,0.467,True,75,86,High (65-100),High (65-100)
PO004627,2025-10-03,V01,Tirupur,False,0.92,knit,henley,165,Mumbai,Tier-1,Prepaid,festive,4,4,3,3,1,21,30,2025-11-02,9,True,0.316,False,47,42,Medium (35-65),Medium (35-65)
PO004754,2025-10-03,V05,Bengaluru,False,0.93,knit,henley,252,Jaipur,Tier-2,COD,festive,10,3,6,2,1,22,24,2025-10-27,2,False,0.392,False,44,82,Medium (35-65),High (65-100)
PO004786,2025-10-03,V06,Bengaluru,False,0.89,knit,polo,185,Dehradun,Tier-3,Prepaid,festive,7,1,1,1,3,24,32,2025-11-04,8,True,0.389,False,48,57,Medium (35-65),Medium (35-65)
PO000056,2025-10-04,V01,Tirupur,False,0.92,knit,t-shirt,256,Bhubaneswar,Tier-3,Prepaid,festive,3,1,5,1,1,24,31,2025-11-04,7,True,0.38,True,57,56,Medium (35-65),Medium (35-65)
PO000243,2025-10-04,V09,Delhi NCR,False,0.86,knit,hoodie,188,Patna,Tier-3,COD,festive,5,0,6,0,2,24,30,2025-11-03,6,True,0.588,False,45,89,Medium (35-65),High (65-100)
PO000267,2025-10-04,V10,Delhi NCR,False,0.82,knit,sweatshirt,267,Dehradun,Tier-3,Prepaid,festive,3,0,1,1,2,24,35,2025-11-08,11,True,0.33,False,50,53,Medium (35-65),Medium (35-65)
PO000358,2025-10-04,V05,Bengaluru,False,0.93,knit,henley,159,Delhi,Tier-1,COD,festive,1,1,1,2,1,21,24,2025-10-28,3,False,0.341,True,28,61,Low (0-35),Medium (35-65)
PO000834,2025-10-04,V07,Ludhiana,False,0.87,knit,henley,180,Bengaluru,Tier-1,COD,festive,1,1,4,2,1,21,25,2025-10-29,4,False,0.392,False,29,67,Low (0-35),High (65-100)
PO000998,2025-10-04,V02,Tirupur,False,0.88,knit,henley,222,Lucknow,Tier-2,COD,festive,2,10,2,2,1,22,33,2025-11-06,11,True,0.426,True,51,79,Medium (35-65),High (65-100)
PO001255,2025-10-04,V01,Tirupur,False,0.92,knit,t-shirt,273,Delhi,Tier-1,Prepaid,festive,8,1,1,1,2,21,29,2025-11-02,8,True,0.275,False,42,36,Medium (35-65),Medium (35-65)
PO001527,2025-10-04,V01,Tirupur,False,0.92,knit,hoodie,81,Chennai,Tier-1,COD,festive,1,1,1,2,1,21,31,2025-11-04,10,True,0.426,False,38,64,Medium (35-65),Medium (35-65)
PO001644,2025-10-04,V05,Bengaluru,False,0.93,knit,t-shirt,100,Mysuru,Tier-3,Prepaid,festive,2,4,3,0,2,24,36,2025-11-09,12,True,0.38,True,41,53,Medium (35-65),Medium (35-65)
PO001798,2025-10-04,V09,Delhi NCR,False,0.86,woven,chinos,125,Kochi,Tier-2,COD,festive,3,1,1,1,1,35,39,2025-11-12,4,False,0.341,True,47,81,Medium (35-65),High (65-100)
PO002110,2025-10-04,V01,Tirupur,False,0.92,knit,t-shirt,143,Ahmedabad,Tier-2,COD,festive,1,1,1,3,1,22,29,2025-11-02,7,True,0.426,False,43,79,Medium (35-65),High (65-100)
PO002184,2025-10-04,V05,Bengaluru,False,0.93,knit,t-shirt,266,Hyderabad,Tier-1,Prepaid,festive,2,2,1,3,1,21,23,2025-10-27,2,False,0.22,False,26,25,Low (0-35),Low (0-35)
PO002551,2025-10-04,V02,Tirupur,False,0.88,knit,hoodie,79,Kolkata,Tier-1,Prepaid,festive,2,1,6,0,3,21,29,2025-11-02,8,True,0.373,True,47,52,Medium (35-65),Medium (35-65)
PO002669,2025-10-04,V01,Tirupur,False,0.92,knit,t-shirt,148,Ranchi,Tier-3,COD,festive,5,1,1,4,2,24,33,2025-11-06,9,True,0.614,False,57,100,Medium (35-65),High (65-100)
PO002785,2025-10-04,V03,Tirupur,False,0.85,knit,sweatshirt,166,Mumbai,Tier-1,COD,festive,2,3,0,3,1,21,31,2025-11-04,10,True,0.426,False,38,64,Medium (35-65),Medium (35-65)
PO002800,2025-10-04,V10,Delhi NCR,False,0.82,woven,overshirt,275,Hyderabad,Tier-1,Prepaid,festive,2,11,5,2,2,34,42,2025-11-15,8,True,0.316,True,59,50,Medium (35-65),Medium (35-65)
PO002858,2025-10-04,V01,Tirupur,False,0.92,knit,polo,126,Patna,Tier-3,Prepaid,festive,1,3,1,1,1,24,35,2025-11-08,11,True,0.33,False,46,50,Medium (35-65),Medium (35-65)
PO003388,2025-10-04,V01,Tirupur,False,0.92,woven,chinos,189,Hyderabad,Tier-1,COD,festive,7,2,1,1,1,34,42,2025-11-15,8,True,0.426,False,56,77,Medium (35-65),High (65-100)
PO003696,2025-10-04,V02,Tirupur,False,0.88,knit,t-shirt,285,Madurai,Tier-3,Prepaid,festive,2,1,2,2,3,24,30,2025-11-03,6,True,0.389,False,52,60,Medium (35-65),Medium (35-65)
PO003764,2025-10-04,V01,Tirupur,False,0.92,knit,hoodie,241,Pune,Tier-2,Prepaid,festive,2,2,4,1,3,22,32,2025-11-05,10,True,0.373,False,52,59,Medium (35-65),Medium (35-65)
PO003897,2025-10-04,V01,Tirupur,False,0.92,knit,henley,144,Tiruchirappalli,Tier-3,COD,festive,0,1,3,1,1,24,33,2025-11-06,9,True,0.588,True,53,92,Medium (35-65),High (65-100)
PO004029,2025-10-04,V01,Tirupur,False,0.92,knit,sweatshirt,325,Indore,Tier-2,COD,festive,2,0,4,1,1,22,31,2025-11-04,9,True,0.49,True,48,85,Medium (35-65),High (65-100)
PO004184,2025-10-04,V04,Tirupur,False,0.9,woven,denim-jacket,78,Kolkata,Tier-1,COD,festive,1,1,6,1,1,34,44,2025-11-17,10,True,0.49,True,55,83,Medium (35-65),High (65-100)
PO004285,2025-10-04,V01,Tirupur,False,0.92,knit,hoodie,178,Mumbai,Tier-1,COD,festive,3,1,1,0,2,21,30,2025-11-03,9,True,0.426,True,44,72,Medium (35-65),High (65-100)
PO004306,2025-10-04,V10,Delhi NCR,False,0.82,knit,polo,165,Mumbai,Tier-1,Prepaid,festive,4,1,1,2,1,21,32,2025-11-05,11,True,0.275,False,40,39,Medium (35-65),Medium (35-65)
PO004496,2025-10-04,V01,Tirupur,False,0.92,knit,t-shirt,255,Surat,Tier-2,COD,festive,1,2,1,1,1,22,31,2025-11-04,9,True,0.426,False,43,79,Medium (35-65),High (65-100)
PO004653,2025-10-04,V05,Bengaluru,False,0.93,knit,t-shirt,211,Surat,Tier-2,COD,festive,6,0,1,3,2,22,30,2025-11-03,8,True,0.426,True,39,68,Medium (35-65),High (65-100)
PO004919,2025-10-04,V04,Tirupur,False,0.9,knit,henley,226,Dehradun,Tier-3,COD,festive,2,0,3,0,1,24,31,2025-11-04,7,True,0.588,True,53,92,Medium (35-65),High (65-100)
PO000214,2025-10-05,V03,Tirupur,False,0.85,knit,hoodie,250,Kochi,Tier-2,COD,festive,1,3,1,1,3,22,32,2025-11-06,10,True,0.503,True,49,89,Medium (35-65),High (65-100)
PO000438,2025-10-05,V07,Ludhiana,False,0.87,knit,hoodie,137,Jaipur,Tier-2,COD,festive,2,0,1,2,2,22,29,2025-11-03,7,True,0.426,True,29,68,Low (0-35),High (65-100)
PO000474,2025-10-05,V05,Bengaluru,False,0.93,knit,sweatshirt,133,Ranchi,Tier-3,Prepaid,festive,6,3,1,0,3,24,33,2025-11-07,9,True,0.389,False,48,57,Medium (35-65),Medium (35-65)
PO000584,2025-10-05,V02,Tirupur,False,0.88,knit,t-shirt,105,Delhi,Tier-1,COD,festive,1,10,1,0,1,21,30,2025-11-04,9,True,0.426,False,46,72,Medium (35-65),High (65-100)
PO000655,2025-10-05,V06,Bengaluru,False,0.89,knit,sweatshirt,208,Hyderabad,Tier-1,Prepaid,festive,3,1,5,0,1,21,28,2025-11-02,7,True,0.316,False,37,31,Medium (35-65),Low (0-35)
PO001290,2025-10-05,V04,Tirupur,False,0.9,knit,polo,338,Coimbatore,Tier-2,Prepaid,festive,1,2,10,0,1,22,31,2025-11-05,9,True,0.316,False,46,49,Medium (35-65),Medium (35-65)
PO001881,2025-10-05,V07,Ludhiana,False,0.87,knit,henley,50,Kolkata,Tier-1,Prepaid,festive,8,0,1,0,1,21,26,2025-10-31,5,False,0.22,False,28,25,Low (0-35),Low (0-35)
PO001957,2025-10-05,V09,Delhi NCR,False,0.86,woven,overshirt,221,Mysuru,Tier-3,COD,festive,2,1,3,2,1,37,44,2025-11-18,7,True,0.588,True,51,94,Medium (35-65),High (65-100)
PO001995,2025-10-05,V02,Tirupur,False,0.88,knit,polo,215,Mysuru,Tier-3,COD,festive,2,2,8,1,3,24,34,2025-11-08,10,True,0.694,False,59,100,Medium (35-65),High (65-100)
PO002996,2025-10-05,V01,Tirupur,False,0.92,woven,denim-jacket,213,Chandigarh,Tier-2,COD,festive,7,2,2,0,2,35,49,2025-11-23,14,True,0.426,True,61,91,Medium (35-65),High (65-100)
PO002997,2025-10-05,V01,Tirupur,False,0.92,knit,t-shirt,208,Jaipur,Tier-2,Prepaid,festive,1,1,2,1,1,22,30,2025-11-04,8,True,0.275,False,41,43,Medium (35-65),Medium (35-65)
PO003147,2025-10-05,V01,Tirupur,False,0.92,knit,t-shirt,358,Jaipur,Tier-2,COD,festive,4,2,4,2,3,22,35,2025-11-09,13,True,0.578,True,68,100,High (65-100),High (65-100)
PO003342,2025-10-05,V01,Tirupur,False,0.92,knit,hoodie,289,Patna,Tier-3,COD,festive,4,0,3,2,1,24,30,2025-11-04,6,True,0.588,False,59,92,Medium (35-65),High (65-100)
PO003364,2025-10-05,V09,Delhi NCR,False,0.86,woven,overshirt,69,Nagpur,Tier-3,Prepaid,festive,1,6,2,2,2,37,46,2025-11-20,9,True,0.33,False,52,52,Medium (35-65),Medium (35-65)
PO003504,2025-10-05,V07,Ludhiana,False,0.87,knit,hoodie,191,Vijayawada,Tier-3,COD,festive,1,1,1,1,2,24,31,2025-11-05,7,True,0.512,False,34,75,Low (0-35),High (65-100)
PO003996,2025-10-05,V01,Tirupur,False,0.92,knit,polo,208,Bengaluru,Tier-1,COD,festive,3,1,2,1,1,21,27,2025-11-01,6,True,0.426,True,44,72,Medium (35-65),High (65-100)
PO004041,2025-10-05,V04,Tirupur,False,0.9,woven,trouser,106,Raipur,Tier-3,COD,festive,4,1,5,0,3,37,50,2025-11-24,13,True,0.694,True,77,100,High (65-100),High (65-100)
PO004912,2025-10-05,V06,Bengaluru,False,0.89,woven,shirt,157,Patna,Tier-3,Prepaid,festive,1,5,2,4,3,37,54,2025-11-28,17,True,0.467,True,65,83,Medium (35-65),High (65-100)
PO000110,2025-10-06,V05,Bengaluru,False,0.93,woven,overshirt,92,Chennai,Tier-1,COD,festive,1,10,1,1,1,34,43,2025-11-18,9,True,0.426,True,48,74,Medium (35-65),High (65-100)
PO000209,2025-10-06,V07,Ludhiana,False,0.87,woven,denim-jacket,196,Delhi,Tier-1,COD,festive,2,4,6,1,1,34,50,2025-11-25,16,True,0.49,False,41,80,Medium (35-65),High (65-100)
PO000444,2025-10-06,V02,Tirupur,False,0.88,knit,t-shirt,156,Bengaluru,Tier-1,COD,festive,2,2,2,2,3,21,27,2025-11-02,6,True,0.503,False,44,82,Medium (35-65),High (65-100)
PO000476,2025-10-06,V02,Tirupur,False,0.88,woven,trouser,175,Bengaluru,Tier-1,Prepaid,festive,1,4,2,2,2,34,43,2025-11-18,9,True,0.275,False,48,41,Medium (35-65),Medium (35-65)
PO000619,2025-10-06,V06,Bengaluru,False,0.89,knit,polo,174,Lucknow,Tier-2,COD,festive,4,0,2,1,1,22,31,2025-11-06,9,True,0.426,False,39,68,Medium (35-65),High (65-100)
PO000769,2025-10-06,V02,Tirupur,False,0.88,knit,hoodie,104,Chandigarh,Tier-2,COD,festive,4,2,1,0,1,22,30,2025-11-05,8,True,0.426,False,49,79,Medium (35-65),High (65-100)
PO001189,2025-10-06,V01,Tirupur,False,0.92,woven,overshirt,179,Coimbatore,Tier-2,Prepaid,festive,1,1,0,2,2,35,47,2025-11-22,12,True,0.275,False,53,48,Medium (35-65),Medium (35-65)
PO001435,2025-10-06,V01,Tirupur,False,0.92,knit,hoodie,305,Kochi,Tier-2,COD,festive,1,4,3,4,2,22,35,2025-11-10,13,True,0.588,False,51,99,Medium (35-65),High (65-100)
PO001526,2025-10-06,V03,Tirupur,False,0.85,knit,polo,192,Indore,Tier-2,Prepaid,festive,0,6,1,3,2,22,32,2025-11-07,10,True,0.275,False,49,43,Medium (35-65),Medium (35-65)
PO001545,2025-10-06,V06,Bengaluru,False,0.89,knit,sweatshirt,80,Bengaluru,Tier-1,Prepaid,festive,6,0,1,3,2,21,22,2025-10-28,1,False,0.22,False,32,25,Low (0-35),Low (0-35)
PO001769,2025-10-06,V05,Bengaluru,False,0.93,knit,sweatshirt,184,Jodhpur,Tier-3,Prepaid,festive,5,2,1,1,1,24,25,2025-10-31,1,False,0.264,True,42,47,Medium (35-65),Medium (35-65)
PO002252,2025-10-06,V05,Bengaluru,False,0.93,woven,chinos,307,Raipur,Tier-3,Prepaid,festive,1,9,1,1,1,37,55,2025-11-30,18,True,0.33,False,56,52,Medium (35-65),Medium (35-65)
PO002652,2025-10-06,V02,Tirupur,False,0.88,knit,polo,177,Jaipur,Tier-2,COD,festive,9,1,2,4,2,22,27,2025-11-02,5,False,0.409,True,52,93,Medium (35-65),High (65-100)
PO003561,2025-10-06,V02,Tirupur,False,0.88,knit,henley,273,Ahmedabad,Tier-2,COD,festive,3,1,1,1,1,22,31,2025-11-06,9,True,0.426,False,49,79,Medium (35-65),High (65-100)
PO003959,2025-10-06,V09,Delhi NCR,False,0.86,woven,denim-jacket,249,Patna,Tier-3,COD,festive,2,2,1,3,1,37,46,2025-11-21,9,True,0.512,False,46,88,Medium (35-65),High (65-100)
PO004633,2025-10-06,V01,Tirupur,False,0.92,knit,t-shirt,178,Bengaluru,Tier-1,COD,festive,1,5,0,0,1,21,30,2025-11-05,9,True,0.426,False,46,72,Medium (35-65),High (65-100)
PO000188,2025-10-07,V01,Tirupur,False,0.92,woven,shirt,182,Indore,Tier-2,COD,festive,3,16,3,2,2,35,46,2025-11-22,11,True,0.49,True,74,97,High (65-100),High (65-100)
PO000307,2025-10-07,V09,Delhi NCR,False,0.86,woven,denim-jacket,193,Bengaluru,Tier-1,Prepaid,festive,4,8,2,2,1,34,42,2025-11-18,8,True,0.275,False,48,38,Medium (35-65),Medium (35-65)
PO000323,2025-10-07,V05,Bengaluru,False,0.93,knit,sweatshirt,132,Ranchi,Tier-3,COD,festive,5,1,2,1,1,24,30,2025-11-06,6,True,0.512,True,44,83,Medium (35-65),High (65-100)
PO000447,2025-10-07,V01,Tirupur,False,0.92,knit,t-shirt,195,Coimbatore,Tier-2,Prepaid,festive,2,1,3,0,2,22,37,2025-11-13,15,True,0.316,False,46,49,Medium (35-65),Medium (35-65)
PO000606,2025-10-07,V03,Tirupur,False,0.85,knit,henley,157,Indore,Tier-2,Prepaid,festive,4,3,7,1,1,22,35,2025-11-11,13,True,0.316,False,52,49,Medium (35-65),Medium (35-65)
PO000857,2025-10-07,V02,Tirupur,False,0.88,knit,henley,263,Ranchi,Tier-3,Prepaid,festive,2,0,3,2,3,24,31,2025-11-07,7,True,0.448,False,57,66,Medium (35-65),High (65-100)
PO001456,2025-10-07,V02,Tirupur,False,0.88,knit,henley,270,Pune,Tier-2,COD,festive,2,1,4,1,2,22,30,2025-11-06,8,True,0.49,True,48,85,Medium (35-65),High (65-100)
PO001469,2025-10-07,V04,Tirupur,False,0.9,knit,sweatshirt,207,Pune,Tier-2,COD,festive,0,1,3,0,2,22,31,2025-11-07,9,True,0.49,True,48,85,Medium (35-65),High (65-100)
PO001595,2025-10-07,V02,Tirupur,False,0.88,woven,chinos,186,Mumbai,Tier-1,Prepaid,festive,4,4,3,0,1,34,48,2025-11-24,14,True,0.316,False,59,47,Medium (35-65),Medium (35-65)
PO001754,2025-10-07,V07,Ludhiana,False,0.87,knit,henley,193,Jaipur,Tier-2,Prepaid,festive,2,2,2,2,1,22,30,2025-11-06,8,True,0.275,False,27,32,Low (0-35),Low (0-35)
PO002091,2025-10-07,V05,Bengaluru,False,0.93,knit,polo,165,Indore,Tier-2,Prepaid,festive,7,15,1,2,3,22,34,2025-11-10,12,True,0.325,False,51,50,Medium (35-65),Medium (35-65)
PO002143,2025-10-07,V05,Bengaluru,False,0.93,knit,polo,282,Mumbai,Tier-1,COD,festive,9,3,1,3,1,21,26,2025-11-02,5,False,0.341,True,34,61,Low (0-35),Medium (35-65)
PO002411,2025-10-07,V09,Delhi NCR,False,0.86,woven,chinos,79,Vadodara,Tier-2,Prepaid,festive,1,1,8,2,1,35,47,2025-11-23,12,True,0.316,False,44,51,Medium (35-65),Medium (35-65)
PO002423,2025-10-07,V02,Tirupur,False,0.88,knit,hoodie,163,Kolkata,Tier-1,COD,festive,4,10,1,6,1,21,30,2025-11-06,9,True,0.511,True,55,86,Medium (35-65),High (65-100)
PO002451,2025-10-07,V03,Tirupur,False,0.85,woven,denim-jacket,283,Raipur,Tier-3,COD,festive,1,1,5,3,3,37,56,2025-12-02,19,True,0.694,True,71,100,High (65-100),High (65-100)
PO002646,2025-10-07,V02,Tirupur,False,0.88,knit,sweatshirt,186,Tiruchirappalli,Tier-3,COD,festive,1,4,2,2,1,24,28,2025-11-04,4,False,0.409,False,48,86,Medium (35-65),High (65-100)
PO003028,2025-10-07,V11,Tirupur,True,0.75,knit,t-shirt,134,Mumbai,Tier-1,COD,festive,9,4,1,3,1,21,40,2025-11-16,19,True,0.49,False,94,97,High (65-100),High (65-100)
PO003519,2025-10-07,V05,Bengaluru,False,0.93,knit,henley,153,Tiruchirappalli,Tier-3,Prepaid,festive,1,0,2,0,2,24,27,2025-11-03,3,False,0.264,False,36,39,Medium (35-65),Medium (35-65)
PO003625,2025-10-07,V04,Tirupur,False,0.9,knit,polo,178,Jodhpur,Tier-3,Prepaid,festive,1,1,2,2,2,24,38,2025-11-14,14,True,0.33,False,46,50,Medium (35-65),Medium (35-65)
PO003708,2025-10-07,V01,Tirupur,False,0.92,knit,hoodie,248,Surat,Tier-2,COD,festive,8,1,2,2,1,22,32,2025-11-08,10,True,0.426,False,49,79,Medium (35-65),High (65-100)
PO003869,2025-10-07,V02,Tirupur,False,0.88,woven,trouser,255,Ahmedabad,Tier-2,Prepaid,festive,5,1,3,4,1,35,47,2025-11-23,12,True,0.38,False,67,75,High (65-100),High (65-100)
PO004969,2025-10-07,V05,Bengaluru,False,0.93,knit,hoodie,246,Jodhpur,Tier-3,Prepaid,festive,3,5,1,2,1,24,31,2025-11-07,7,True,0.33,False,50,47,Medium (35-65),Medium (35-65)
PO004972,2025-10-07,V04,Tirupur,False,0.9,knit,t-shirt,51,Dehradun,Tier-3,COD,festive,3,1,2,3,2,24,32,2025-11-08,8,True,0.512,False,54,86,Medium (35-65),High (65-100)
PO000205,2025-10-08,V01,Tirupur,False,0.92,knit,polo,215,Chennai,Tier-1,COD,festive,5,0,3,2,1,21,24,2025-11-01,3,False,0.392,False,49,78,Medium (35-65),High (65-100)
PO000484,2025-10-08,V06,Bengaluru,False,0.89,knit,t-shirt,198,Raipur,Tier-3,COD,festive,7,4,1,2,1,24,26,2025-11-03,2,False,0.409,False,44,83,Medium (35-65),High (65-100)
PO000629,2025-10-08,V04,Tirupur,False,0.9,woven,overshirt,179,Jodhpur,Tier-3,COD,festive,3,4,3,1,1,37,43,2025-11-20,6,True,0.588,True,71,100,High (65-100),High (65-100)
PO000997,2025-10-08,V05,Bengaluru,False,0.93,knit,hoodie,236,Jodhpur,Tier-3,Prepaid,festive,1,3,1,2,2,24,27,2025-11-04,3,False,0.264,False,36,39,Medium (35-65),Medium (35-65)
PO001382,2025-10-08,V01,Tirupur,False,0.92,knit,t-shirt,235,Jodhpur,Tier-3,COD,festive,4,1,1,3,2,24,32,2025-11-09,8,True,0.512,True,54,86,Medium (35-65),High (65-100)
PO001782,2025-10-08,V07,Ludhiana,False,0.87,knit,henley,260,Bhubaneswar,Tier-3,COD,festive,3,1,3,1,1,24,29,2025-11-06,5,False,0.471,True,45,89,Medium (35-65),High (65-100)
PO002344,2025-10-08,V02,Tirupur,False,0.88,knit,t-shirt,243,Guwahati,Tier-3,Prepaid,festive,0,1,2,1,3,24,28,2025-11-05,4,False,0.312,True,52,60,Medium (35-65),Medium (35-65)
PO002605,2025-10-08,V07,Ludhiana,False,0.87,knit,sweatshirt,249,Madurai,Tier-3,Prepaid,festive,2,3,1,1,1,24,28,2025-11-05,4,False,0.264,False,32,39,Low (0-35),Medium (35-65)
PO002918,2025-10-08,V03,Tirupur,False,0.85,knit,sweatshirt,326,Hyderabad,Tier-1,COD,festive,15,3,1,2,3,21,34,2025-11-11,13,True,0.503,True,50,82,Medium (35-65),High (65-100)
PO002939,2025-10-08,V10,Delhi NCR,False,0.82,woven,trouser,210,Guwahati,Tier-3,COD,festive,1,1,2,2,1,37,43,2025-11-20,6,True,0.512,True,58,94,Medium (35-65),High (65-100)
PO003111,2025-10-08,V03,Tirupur,False,0.85,knit,t-shirt,355,Kolkata,Tier-1,COD,festive,10,1,2,2,3,21,34,2025-11-11,13,True,0.503,True,58,82,Medium (35-65),High (65-100)
PO003122,2025-10-08,V02,Tirupur,False,0.88,knit,polo,148,Kolkata,Tier-1,COD,festive,0,2,0,0,1,21,29,2025-11-06,8,True,0.426,False,38,64,Medium (35-65),Medium (35-65)
PO003656,2025-10-08,V01,Tirupur,False,0.92,knit,polo,293,Indore,Tier-2,Prepaid,festive,2,1,4,2,1,22,27,2025-11-04,5,False,0.253,False,46,49,Medium (35-65),Medium (35-65)
PO003820,2025-10-08,V05,Bengaluru,False,0.93,woven,overshirt,319,Kochi,Tier-2,Prepaid,festive,1,2,3,1,1,35,45,2025-11-22,10,True,0.316,False,48,51,Medium (35-65),Medium (35-65)
PO004057,2025-10-08,V04,Tirupur,False,0.9,woven,denim-jacket,262,Ahmedabad,Tier-2,COD,festive,3,4,7,0,1,35,45,2025-11-22,10,True,0.49,False,66,97,High (65-100),High (65-100)
PO004334,2025-10-08,V01,Tirupur,False,0.92,knit,sweatshirt,251,Kolkata,Tier-1,Prepaid,festive,3,0,1,2,1,21,28,2025-11-05,7,True,0.275,False,42,36,Medium (35-65),Medium (35-65)
PO004867,2025-10-08,V08,Ludhiana,False,0.84,knit,t-shirt,187,Jodhpur,Tier-3,COD,festive,1,3,1,3,2,24,26,2025-11-03,2,False,0.409,True,46,89,Medium (35-65),High (65-100)
PO000219,2025-10-09,V05,Bengaluru,False,0.93,knit,t-shirt,166,Chennai,Tier-1,COD,festive,6,1,5,1,2,21,30,2025-11-08,9,True,0.49,False,39,67,Medium (35-65),High (65-100)
PO000296,2025-10-09,V01,Tirupur,False,0.92,knit,henley,237,Hyderabad,Tier-1,Prepaid,festive,1,2,1,0,1,21,30,2025-11-08,9,True,0.275,False,36,28,Medium (35-65),Low (0-35)
PO000813,2025-10-09,V02,Tirupur,False,0.88,knit,hoodie,105,Mumbai,Tier-1,COD,festive,7,2,1,2,1,21,25,2025-11-03,4,False,0.341,False,44,72,Medium (35-65),High (65-100)
PO001735,2025-10-09,V02,Tirupur,False,0.88,knit,t-shirt,345,Ahmedabad,Tier-2,Prepaid,festive,1,0,2,3,1,22,26,2025-11-04,4,False,0.22,False,41,43,Medium (35-65),Medium (35-65)
PO001964,2025-10-09,V10,Delhi NCR,False,0.82,woven,shirt,173,Madurai,Tier-3,COD,festive,1,5,2,4,2,37,44,2025-11-22,7,True,0.614,True,69,100,High (65-100),High (65-100)
PO002199,2025-10-09,V01,Tirupur,False,0.92,knit,polo,129,Bengaluru,Tier-1,Prepaid,festive,1,3,7,1,3,21,29,2025-11-07,8,True,0.373,False,47,52,Medium (35-65),Medium (35-65)
PO002919,2025-10-09,V02,Tirupur,False,0.88,knit,polo,66,Tiruchirappalli,Tier-3,COD,festive,4,3,0,2,2,24,34,2025-11-12,10,True,0.512,True,54,86,Medium (35-65),High (65-100)
PO003207,2025-10-09,V05,Bengaluru,False,0.93,knit,sweatshirt,92,Pune,Tier-2,COD,festive,15,1,2,2,2,22,26,2025-11-04,4,False,0.341,False,39,68,Medium (35-65),High (65-100)
PO003354,2025-10-09,V01,Tirupur,False,0.92,woven,chinos,176,Mumbai,Tier-1,COD,festive,3,5,1,1,2,34,51,2025-11-29,17,True,0.426,True,64,84,Medium (35-65),High (65-100)
PO003409,2025-10-09,V02,Tirupur,False,0.88,knit,sweatshirt,133,Pune,Tier-2,Prepaid,festive,1,4,2,0,2,22,27,2025-11-05,5,False,0.22,False,41,43,Medium (35-65),Medium (35-65)
PO003700,2025-10-09,V01,Tirupur,False,0.92,knit,hoodie,158,Nagpur,Tier-3,COD,festive,2,1,1,2,1,24,31,2025-11-09,7,True,0.512,False,48,86,Medium (35-65),High (65-100)
PO003770,2025-10-09,V05,Bengaluru,False,0.93,woven,chinos,130,Jaipur,Tier-2,COD,festive,1,2,4,1,1,35,48,2025-11-26,13,True,0.49,True,50,87,Medium (35-65),High (65-100)
PO004104,2025-10-09,V01,Tirupur,False,0.92,woven,trouser,232,Ahmedabad,Tier-2,COD,festive,3,4,5,2,3,35,46,2025-11-24,11,True,0.578,True,72,100,High (65-100),High (65-100)
PO004450,2025-10-09,V07,Ludhiana,False,0.87,knit,sweatshirt,76,Dehradun,Tier-3,COD,festive,2,1,1,3,1,24,30,2025-11-08,6,True,0.512,True,34,75,Low (0-35),High (65-100)
PO004776,2025-10-09,V11,Tirupur,True,0.75,knit,polo,337,Pune,Tier-2,COD,festive,1,0,10,3,3,22,43,2025-11-21,21,True,0.665,False,98,100,High (65-100),High (65-100)
PO000356,2025-10-10,V07,Ludhiana,False,0.87,knit,hoodie,232,Bengaluru,Tier-1,Prepaid,festive,2,5,4,1,1,21,27,2025-11-06,6,True,0.316,True,35,31,Low (0-35),Low (0-35)
PO000801,2025-10-10,V02,Tirupur,False,0.88,knit,hoodie,243,Guwahati,Tier-3,COD,festive,13,1,1,1,1,24,29,2025-11-08,5,False,0.409,True,54,86,Medium (35-65),High (65-100)
PO000970,2025-10-10,V01,Tirupur,False,0.92,knit,t-shirt,181,Chennai,Tier-1,COD,festive,2,0,5,1,2,21,31,2025-11-10,10,True,0.49,True,43,78,Medium (35-65),High (65-100)
PO001130,2025-10-10,V08,Ludhiana,False,0.84,knit,henley,134,Patna,Tier-3,COD,festive,3,6,4,3,1,24,35,2025-11-14,11,True,0.588,False,65,100,Medium (35-65),High (65-100)
PO001284,2025-10-10,V03,Tirupur,False,0.85,woven,denim-jacket,156,Coimbatore,Tier-2,Prepaid,festive,5,0,1,3,1,35,49,2025-11-28,14,True,0.275,False,59,48,Medium (35-65),Medium (35-65)
PO001451,2025-10-10,V03,Tirupur,False,0.85,knit,sweatshirt,193,Indore,Tier-2,COD,festive,2,1,1,3,1,22,26,2025-11-05,4,False,0.341,False,43,79,Medium (35-65),High (65-100)
PO001512,2025-10-10,V05,Bengaluru,False,0.93,woven,chinos,198,Vadodara,Tier-2,Prepaid,festive,2,2,0,2,2,35,41,2025-11-20,6,True,0.275,False,43,45,Medium (35-65),Medium (35-65)
PO001633,2025-10-10,V08,Ludhiana,False,0.84,woven,denim-jacket,273,Hyderabad,Tier-1,Prepaid,festive,1,11,4,5,2,34,37,2025-11-16,3,False,0.304,False,62,71,Medium (35-65),High (65-100)
PO001909,2025-10-10,V02,Tirupur,False,0.88,knit,polo,191,Bengaluru,Tier-1,COD,festive,2,2,2,2,3,21,33,2025-11-12,12,True,0.503,False,44,82,Medium (35-65),High (65-100)
PO002778,2025-10-10,V02,Tirupur,False,0.88,knit,sweatshirt,132,Delhi,Tier-1,Prepaid,festive,1,0,2,2,1,21,29,2025-11-08,8,True,0.275,True,36,28,Medium (35-65),Low (0-35)
PO002965,2025-10-10,V05,Bengaluru,False,0.93,knit,t-shirt,144,Kolkata,Tier-1,COD,festive,0,1,2,1,2,21,22,2025-11-01,1,False,0.341,True,28,61,Low (0-35),Medium (35-65)
PO003146,2025-10-10,V02,Tirupur,False,0.88,knit,hoodie,225,Nagpur,Tier-3,Prepaid,festive,9,2,2,1,3,24,39,2025-11-18,15,True,0.389,False,58,60,Medium (35-65),Medium (35-65)
PO003413,2025-10-10,V03,Tirupur,False,0.85,knit,sweatshirt,187,Chennai,Tier-1,COD,festive,1,1,1,1,1,21,24,2025-11-03,3,False,0.341,False,38,64,Medium (35-65),Medium (35-65)
PO004132,2025-10-10,V09,Delhi NCR,False,0.86,knit,t-shirt,277,Vadodara,Tier-2,COD,festive,1,2,3,2,2,22,26,2025-11-05,4,False,0.392,True,34,74,Low (0-35),High (65-100)
PO004236,2025-10-10,V11,Tirupur,True,0.75,knit,t-shirt,192,Chennai,Tier-1,Prepaid,festive,3,0,6,4,3,21,40,2025-11-19,19,True,0.515,False,100,91,High (65-100),High (65-100)
PO004303,2025-10-10,V05,Bengaluru,False,0.93,knit,sweatshirt,127,Surat,Tier-2,Prepaid,festive,6,0,1,0,1,22,28,2025-11-07,6,True,0.275,False,37,32,Medium (35-65),Low (0-35)
PO004360,2025-10-10,V01,Tirupur,False,0.92,woven,trouser,277,Chandigarh,Tier-2,Prepaid,festive,3,4,1,1,3,35,50,2025-11-29,15,True,0.325,False,65,65,Medium (35-65),Medium (35-65)
PO004839,2025-10-10,V05,Bengaluru,False,0.93,knit,t-shirt,219,Nagpur,Tier-3,COD,festive,1,1,2,0,1,24,31,2025-11-10,7,True,0.512,False,38,75,Medium (35-65),High (65-100)
PO004911,2025-10-10,V01,Tirupur,False,0.92,knit,sweatshirt,50,Vadodara,Tier-2,COD,festive,3,2,1,2,1,22,31,2025-11-10,9,True,0.426,False,49,79,Medium (35-65),High (65-100)
PO000225,2025-10-11,V01,Tirupur,False,0.92,woven,trouser,154,Hyderabad,Tier-1,COD,festive,3,1,4,0,1,34,45,2025-11-25,11,True,0.49,True,61,90,Medium (35-65),High (65-100)
PO000413,2025-10-11,V09,Delhi NCR,False,0.86,woven,denim-jacket,287,Kochi,Tier-2,COD,festive,1,1,3,2,1,35,40,2025-11-20,5,False,0.392,True,46,87,Medium (35-65),High (65-100)
PO000847,2025-10-11,V07,Ludhiana,False,0.87,woven,denim-jacket,303,Mumbai,Tier-1,COD,festive,3,6,3,3,2,34,38,2025-11-18,4,False,0.392,True,55,80,Medium (35-65),High (65-100)
PO001889,2025-10-11,V06,Bengaluru,False,0.89,knit,sweatshirt,133,Surat,Tier-2,Prepaid,festive,2,2,2,0,2,22,29,2025-11-09,7,True,0.275,False,31,32,Low (0-35),Low (0-35)
PO002506,2025-10-11,V08,Ludhiana,False,0.84,woven,chinos,207,Surat,Tier-2,Prepaid,festive,1,8,1,2,1,35,42,2025-11-22,7,True,0.275,False,59,51,Medium (35-65),Medium (35-65)
PO003113,2025-10-11,V03,Tirupur,False,0.85,knit,polo,184,Chandigarh,Tier-2,COD,festive,6,1,3,1,1,22,32,2025-11-12,10,True,0.49,False,54,85,Medium (35-65),High (65-100)
PO003399,2025-10-11,V02,Tirupur,False,0.88,knit,t-shirt,229,Tiruchirappalli,Tier-3,Prepaid,festive,4,8,1,0,2,24,31,2025-11-11,7,True,0.33,False,60,57,Medium (35-65),Medium (35-65)
PO003535,2025-10-11,V01,Tirupur,False,0.92,knit,polo,281,Bengaluru,Tier-1,Prepaid,festive,2,4,2,1,1,21,26,2025-11-06,5,False,0.22,False,36,28,Medium (35-65),Low (0-35)
PO003699,2025-10-11,V02,Tirupur,False,0.88,woven,denim-jacket,239,Surat,Tier-2,Prepaid,festive,1,5,1,2,2,35,44,2025-11-24,9,True,0.275,False,61,55,Medium (35-65),Medium (35-65)
PO003744,2025-10-11,V06,Bengaluru,False,0.89,knit,polo,137,Tiruchirappalli,Tier-3,Prepaid,festive,2,6,10,3,1,24,39,2025-11-19,15,True,0.38,False,49,53,Medium (35-65),Medium (35-65)
PO003892,2025-10-11,V05,Bengaluru,False,0.93,knit,t-shirt,100,Vadodara,Tier-2,COD,festive,1,2,2,0,1,22,32,2025-11-12,10,True,0.426,False,33,68,Low (0-35),High (65-100)
PO004262,2025-10-11,V03,Tirupur,False,0.85,knit,t-shirt,261,Madurai,Tier-3,COD,festive,7,2,2,1,1,24,35,2025-11-15,11,True,0.512,False,54,86,Medium (35-65),High (65-100)
PO000445,2025-10-12,V05,Bengaluru,False,0.93,knit,polo,388,Chandigarh,Tier-2,COD,festive,1,2,4,3,1,22,30,2025-11-11,8,True,0.49,True,46,82,Medium (35-65),High (65-100)
PO001031,2025-10-12,V03,Tirupur,False,0.85,knit,t-shirt,158,Coimbatore,Tier-2,COD,festive,4,0,2,0,1,22,31,2025-11-12,9,True,0.426,False,49,79,Medium (35-65),High (65-100)
PO001127,2025-10-12,V01,Tirupur,False,0.92,knit,polo,234,Pune,Tier-2,COD,festive,6,3,6,1,3,22,36,2025-11-17,14,True,0.578,True,60,100,Medium (35-65),High (65-100)
PO001313,2025-10-12,V05,Bengaluru,False,0.93,knit,polo,231,Vadodara,Tier-2,COD,festive,15,0,1,0,1,22,26,2025-11-07,4,False,0.341,False,39,68,Medium (35-65),High (65-100)
PO001419,2025-10-12,V01,Tirupur,False,0.92,knit,hoodie,99,Coimbatore,Tier-2,COD,festive,3,0,2,2,2,22,33,2025-11-14,11,True,0.426,True,49,79,Medium (35-65),High (65-100)
PO001448,2025-10-12,V07,Ludhiana,False,0.87,knit,polo,199,Hyderabad,Tier-1,COD,festive,3,8,3,2,1,21,26,2025-11-07,5,False,0.392,False,43,75,Medium (35-65),High (65-100)
PO001590,2025-10-12,V06,Bengaluru,False,0.89,knit,polo,132,Coimbatore,Tier-2,Prepaid,festive,6,0,0,1,1,22,27,2025-11-08,5,False,0.22,False,37,32,Medium (35-65),Low (0-35)
PO001941,2025-10-12,V01,Tirupur,False,0.92,knit,henley,262,Delhi,Tier-1,COD,festive,3,1,1,2,1,21,25,2025-11-06,4,False,0.341,False,44,72,Medium (35-65),High (65-100)
PO001974,2025-10-12,V01,Tirupur,False,0.92,knit,hoodie,63,Chandigarh,Tier-2,COD,festive,1,3,1,3,1,22,32,2025-11-13,10,True,0.426,True,43,79,Medium (35-65),High (65-100)
PO002032,2025-10-12,V06,Bengaluru,False,0.89,knit,henley,211,Hyderabad,Tier-1,COD,festive,2,0,1,0,2,21,25,2025-11-06,4,False,0.341,False,28,61,Low (0-35),Medium (35-65)
PO002072,2025-10-12,V06,Bengaluru,False,0.89,knit,henley,165,Bhubaneswar,Tier-3,Prepaid,festive,7,1,1,0,1,24,23,2025-11-04,-1,False,0.264,True,42,47,Medium (35-65),Medium (35-65)
PO002781,2025-10-12,V01,Tirupur,False,0.92,woven,denim-jacket,217,Pune,Tier-2,COD,festive,2,4,1,1,2,35,51,2025-12-02,16,True,0.426,True,55,84,Medium (35-65),High (65-100)
PO002887,2025-10-12,V02,Tirupur,False,0.88,knit,hoodie,169,Dehradun,Tier-3,COD,festive,3,1,0,0,1,24,33,2025-11-14,9,True,0.512,False,54,86,Medium (35-65),High (65-100)
PO004398,2025-10-12,V07,Ludhiana,False,0.87,woven,shirt,150,Mumbai,Tier-1,COD,festive,7,15,1,0,3,34,48,2025-11-29,14,True,0.503,False,56,84,Medium (35-65),High (65-100)
PO004409,2025-10-12,V06,Bengaluru,False,0.89,knit,t-shirt,252,Chandigarh,Tier-2,COD,festive,2,7,1,2,2,22,34,2025-11-15,12,True,0.426,True,41,76,Medium (35-65),High (65-100)
PO004413,2025-10-12,V02,Tirupur,False,0.88,knit,hoodie,231,Vadodara,Tier-2,COD,festive,5,1,1,0,3,22,25,2025-11-06,3,False,0.402,True,55,89,Medium (35-65),High (65-100)
PO004620,2025-10-12,V04,Tirupur,False,0.9,knit,sweatshirt,179,Bengaluru,Tier-1,COD,festive,8,2,2,1,3,21,28,2025-11-09,7,True,0.503,False,50,82,Medium (35-65),High (65-100)
PO000014,2025-10-13,V10,Delhi NCR,False,0.82,knit,t-shirt,104,Ahmedabad,Tier-2,Prepaid,festive,4,0,4,6,1,22,27,2025-11-09,5,False,0.304,False,53,66,Medium (35-65),High (65-100)
PO000284,2025-10-13,V06,Bengaluru,False,0.89,knit,sweatshirt,133,Chennai,Tier-1,COD,festive,1,1,2,3,1,21,25,2025-11-07,4,False,0.341,True,28,61,Low (0-35),Medium (35-65)
PO000573,2025-10-13,V01,Tirupur,False,0.92,knit,hoodie,110,Dehradun,Tier-3,Prepaid,festive,9,0,5,1,1,24,34,2025-11-16,10,True,0.38,False,57,56,Medium (35-65),Medium (35-65)
PO001181,2025-10-13,V06,Bengaluru,False,0.89,woven,trouser,50,Mysuru,Tier-3,COD,festive,4,10,3,1,1,37,48,2025-11-30,11,True,0.588,True,69,100,High (65-100),High (65-100)
PO001268,2025-10-13,V07,Ludhiana,False,0.87,knit,hoodie,166,Tiruchirappalli,Tier-3,COD,festive,1,0,2,1,1,24,30,2025-11-12,6,True,0.512,True,34,75,Low (0-35),High (65-100)
PO001640,2025-10-13,V01,Tirupur,False,0.92,woven,chinos,121,Madurai,Tier-3,Prepaid,festive,2,5,3,4,1,37,48,2025-11-30,11,True,0.455,False,74,82,High (65-100),High (65-100)
PO001658,2025-10-13,V05,Bengaluru,False,0.93,knit,hoodie,236,Kolkata,Tier-1,COD,festive,3,1,3,2,2,21,24,2025-11-06,3,False,0.392,False,39,67,Medium (35-65),High (65-100)
PO001694,2025-10-13,V05,Bengaluru,False,0.93,knit,sweatshirt,137,Jaipur,Tier-2,COD,festive,1,3,3,1,1,22,28,2025-11-10,6,True,0.49,False,38,74,Medium (35-65),High (65-100)
PO001956,2025-10-13,V01,Tirupur,False,0.92,knit,hoodie,185,Tiruchirappalli,Tier-3,COD,festive,2,1,0,0,2,24,32,2025-11-14,8,True,0.512,False,48,86,Medium (35-65),High (65-100)
PO002059,2025-10-13,V12,Bengaluru,True,0.78,knit,henley,268,Pune,Tier-2,Prepaid,festive,5,3,9,4,2,22,40,2025-11-22,18,True,0.436,False,85,83,High (65-100),High (65-100)
PO002514,2025-10-13,V02,Tirupur,False,0.88,knit,henley,50,Mumbai,Tier-1,COD,festive,9,1,5,2,1,21,27,2025-11-09,6,True,0.49,False,49,78,Medium (35-65),High (65-100)
PO002573,2025-10-13,V07,Ludhiana,False,0.87,woven,trouser,268,Jaipur,Tier-2,Prepaid,festive,1,4,2,1,1,35,45,2025-11-27,10,True,0.275,False,39,37,Medium (35-65),Medium (35-65)
PO002615,2025-10-13,V02,Tirupur,False,0.88,woven,denim-jacket,114,Chennai,Tier-1,COD,festive,3,15,2,3,1,34,46,2025-11-28,12,True,0.426,False,64,84,Medium (35-65),High (65-100)
PO002764,2025-10-13,V03,Tirupur,False,0.85,knit,polo,87,Coimbatore,Tier-2,Prepaid,festive,1,2,5,0,2,22,32,2025-11-14,10,True,0.316,False,46,49,Medium (35-65),Medium (35-65)
PO002838,2025-10-13,V02,Tirupur,False,0.88,woven,chinos,262,Raipur,Tier-3,Prepaid,festive,1,5,3,1,1,37,48,2025-11-30,11,True,0.38,True,71,68,High (65-100),High (65-100)
PO002844,2025-10-13,V05,Bengaluru,False,0.93,knit,polo,165,Mumbai,Tier-1,COD,festive,6,0,1,0,1,21,27,2025-11-09,6,True,0.426,False,34,61,Low (0-35),Medium (35-65)
PO003012,2025-10-13,V07,Ludhiana,False,0.87,knit,sweatshirt,103,Raipur,Tier-3,Prepaid,festive,4,0,1,2,1,24,30,2025-11-12,6,True,0.33,False,38,39,Medium (35-65),Medium (35-65)
PO003201,2025-10-13,V05,Bengaluru,False,0.93,knit,hoodie,91,Mumbai,Tier-1,COD,festive,1,0,4,4,1,21,28,2025-11-10,7,True,0.588,False,36,81,Medium (35-65),High (65-100)
PO003592,2025-10-13,V02,Tirupur,False,0.88,knit,henley,204,Hyderabad,Tier-1,COD,festive,3,2,2,0,1,21,31,2025-11-13,10,True,0.426,True,44,72,Medium (35-65),High (65-100)
PO003605,2025-10-13,V01,Tirupur,False,0.92,knit,hoodie,195,Dehradun,Tier-3,Prepaid,festive,2,0,1,0,3,24,33,2025-11-15,9,True,0.389,False,52,60,Medium (35-65),Medium (35-65)
PO004080,2025-10-13,V02,Tirupur,False,0.88,knit,t-shirt,171,Surat,Tier-2,Prepaid,festive,3,3,1,1,1,22,30,2025-11-12,8,True,0.275,True,47,43,Medium (35-65),Medium (35-65)
PO004100,2025-10-13,V01,Tirupur,False,0.92,knit,henley,173,Mumbai,Tier-1,Prepaid,festive,6,1,4,1,1,21,30,2025-11-12,9,True,0.316,False,47,42,Medium (35-65),Medium (35-65)
PO004103,2025-10-13,V01,Tirupur,False,0.92,woven,denim-jacket,117,Delhi,Tier-1,Prepaid,festive,15,2,3,0,2,34,48,2025-11-30,14,True,0.316,True,59,47,Medium (35-65),Medium (35-65)
PO004159,2025-10-13,V02,Tirupur,False,0.88,woven,chinos,178,Kochi,Tier-2,COD,festive,2,8,3,5,1,35,45,2025-11-27,10,True,0.588,False,71,100,High (65-100),High (65-100)
PO004175,2025-10-13,V02,Tirupur,False,0.88,woven,chinos,115,Nagpur,Tier-3,COD,festive,7,3,2,0,2,37,51,2025-12-03,14,True,0.512,False,66,98,High (65-100),High (65-100)
PO004275,2025-10-13,V03,Tirupur,False,0.85,knit,polo,224,Coimbatore,Tier-2,Prepaid,festive,1,2,1,2,1,22,28,2025-11-10,6,True,0.275,False,41,43,Medium (35-65),Medium (35-65)
PO004708,2025-10-13,V01,Tirupur,False,0.92,knit,sweatshirt,330,Madurai,Tier-3,Prepaid,festive,2,0,1,1,1,24,29,2025-11-11,5,False,0.264,True,46,50,Medium (35-65),Medium (35-65)
PO004811,2025-10-13,V01,Tirupur,False,0.92,knit,henley,227,Mysuru,Tier-3,Prepaid,festive,2,0,2,0,2,24,34,2025-11-16,10,True,0.33,True,46,50,Medium (35-65),Medium (35-65)
PO004876,2025-10-13,V01,Tirupur,False,0.92,knit,hoodie,295,Hyderabad,Tier-1,COD,festive,5,0,1,1,2,21,30,2025-11-12,9,True,0.426,True,44,72,Medium (35-65),High (65-100)
PO004896,2025-10-13,V02,Tirupur,False,0.88,knit,hoodie,193,Vadodara,Tier-2,Prepaid,festive,2,0,5,1,3,22,32,2025-11-14,10,True,0.373,True,52,59,Medium (35-65),Medium (35-65)
PO000443,2025-10-14,V01,Tirupur,False,0.92,knit,polo,153,Bengaluru,Tier-1,COD,festive,1,0,1,2,1,21,28,2025-11-11,7,True,0.426,True,38,64,Medium (35-65),Medium (35-65)
PO001347,2025-10-14,V03,Tirupur,False,0.85,knit,hoodie,174,Nagpur,Tier-3,Prepaid,festive,3,1,0,2,3,24,35,2025-11-18,11,True,0.389,True,58,60,Medium (35-65),Medium (35-65)
PO002173,2025-10-14,V05,Bengaluru,False,0.93,knit,hoodie,79,Raipur,Tier-3,Prepaid,festive,4,1,2,2,2,24,35,2025-11-18,11,True,0.33,True,42,47,Medium (35-65),Medium (35-65)
PO002188,2025-10-14,V05,Bengaluru,False,0.93,knit,polo,188,Coimbatore,Tier-2,Prepaid,festive,2,3,1,1,1,22,26,2025-11-09,4,False,0.22,True,31,32,Low (0-35),Low (0-35)
PO002353,2025-10-14,V02,Tirupur,False,0.88,knit,sweatshirt,239,Delhi,Tier-1,COD,festive,2,1,4,1,1,21,29,2025-11-12,8,True,0.49,False,43,78,Medium (35-65),High (65-100)
PO002697,2025-10-14,V02,Tirupur,False,0.88,woven,chinos,217,Delhi,Tier-1,Prepaid,festive,3,5,5,1,2,34,41,2025-11-24,7,True,0.316,True,67,54,High (65-100),Medium (35-65)
PO003110,2025-10-14,V04,Tirupur,False,0.9,knit,t-shirt,194,Pune,Tier-2,COD,festive,2,1,1,1,1,22,31,2025-11-14,9,True,0.426,False,43,79,Medium (35-65),High (65-100)
PO003375,2025-10-14,V09,Delhi NCR,False,0.86,woven,overshirt,143,Vadodara,Tier-2,Prepaid,festive,13,1,3,1,1,35,46,2025-11-29,11,True,0.316,True,50,51,Medium (35-65),Medium (35-65)
PO003497,2025-10-14,V07,Ludhiana,False,0.87,knit,henley,50,Indore,Tier-2,COD,festive,1,15,1,0,3,22,34,2025-11-17,12,True,0.503,True,43,86,Medium (35-65),High (65-100)
PO003861,2025-10-14,V01,Tirupur,False,0.92,knit,sweatshirt,178,Bengaluru,Tier-1,COD,festive,1,0,0,2,2,21,28,2025-11-11,7,True,0.426,True,38,64,Medium (35-65),Medium (35-65)
PO004101,2025-10-14,V04,Tirupur,False,0.9,knit,henley,92,Chandigarh,Tier-2,Prepaid,festive,0,1,5,1,2,22,35,2025-11-18,13,True,0.316,False,46,49,Medium (35-65),Medium (35-65)
PO004327,2025-10-14,V04,Tirupur,False,0.9,knit,t-shirt,250,Coimbatore,Tier-2,Prepaid,festive,2,2,4,0,1,22,28,2025-11-11,6,True,0.316,False,46,49,Medium (35-65),Medium (35-65)
PO004376,2025-10-14,V05,Bengaluru,False,0.93,knit,t-shirt,196,Kolkata,Tier-1,Prepaid,festive,4,0,2,0,1,21,30,2025-11-13,9,True,0.275,False,32,25,Low (0-35),Low (0-35)
PO004519,2025-10-14,V05,Bengaluru,False,0.93,knit,polo,124,Surat,Tier-2,COD,festive,6,3,1,2,1,22,24,2025-11-07,2,False,0.341,False,39,68,Medium (35-65),High (65-100)
PO004658,2025-10-14,V09,Delhi NCR,False,0.86,woven,shirt,265,Jaipur,Tier-2,COD,festive,3,1,1,1,3,35,46,2025-11-29,11,True,0.503,False,53,91,Medium (35-65),High (65-100)
PO004833,2025-10-14,V05,Bengaluru,False,0.93,knit,henley,207,Surat,Tier-2,Prepaid,festive,11,0,3,0,1,22,31,2025-11-14,9,True,0.316,True,42,46,Medium (35-65),Medium (35-65)
PO000047,2025-10-15,V09,Delhi NCR,False,0.86,woven,chinos,129,Bengaluru,Tier-1,COD,festive,3,4,3,1,2,34,48,2025-12-02,14,True,0.49,False,47,80,Medium (35-65),High (65-100)
PO000066,2025-10-15,V08,Ludhiana,False,0.84,woven,shirt,197,Chennai,Tier-1,COD,festive,3,14,1,3,1,34,51,2025-12-05,17,True,0.426,False,62,87,Medium (35-65),High (65-100)
PO000186,2025-10-15,V03,Tirupur,False,0.85,knit,polo,148,Mumbai,Tier-1,Prepaid,festive,11,0,1,1,1,21,26,2025-11-10,5,False,0.22,False,42,36,Medium (35-65),Medium (35-65)
PO000956,2025-10-15,V01,Tirupur,False,0.92,knit,t-shirt,278,Madurai,Tier-3,COD,festive,7,1,1,0,2,24,35,2025-11-19,11,True,0.512,True,54,86,Medium (35-65),High (65-100)
PO001038,2025-10-15,V12,Bengaluru,True,0.78,woven,trouser,127,Mumbai,Tier-1,COD,festive,2,1,2,4,1,34,48,2025-12-02,14,True,0.588,False,77,100,High (65-100),High (65-100)
PO001107,2025-10-15,V01,Tirupur,False,0.92,knit,hoodie,189,Indore,Tier-2,Prepaid,festive,6,3,3,0,1,22,32,2025-11-16,10,True,0.316,False,52,49,Medium (35-65),Medium (35-65)
PO001338,2025-10-15,V01,Tirupur,False,0.92,woven,trouser,223,Bhubaneswar,Tier-3,COD,festive,3,2,7,0,2,37,45,2025-11-29,8,True,0.588,True,71,100,High (65-100),High (65-100)
PO001568,2025-10-15,V01,Tirupur,False,0.92,knit,t-shirt,85,Chennai,Tier-1,Prepaid,festive,15,0,1,0,2,21,30,2025-11-14,9,True,0.275,True,42,36,Medium (35-65),Medium (35-65)
PO001718,2025-10-15,V07,Ludhiana,False,0.87,knit,henley,187,Coimbatore,Tier-2,Prepaid,festive,1,2,1,2,2,22,26,2025-11-10,4,False,0.22,False,27,32,Low (0-35),Low (0-35)
PO001820,2025-10-15,V06,Bengaluru,False,0.89,knit,hoodie,327,Guwahati,Tier-3,COD,festive,1,1,2,1,3,24,32,2025-11-16,8,True,0.604,True,44,93,Medium (35-65),High (65-100)
PO001884,2025-10-15,V05,Bengaluru,False,0.93,woven,chinos,213,Chennai,Tier-1,Prepaid,festive,1,3,1,1,1,34,38,2025-11-22,4,False,0.22,False,38,30,Medium (35-65),Low (0-35)
PO002222,2025-10-15,V05,Bengaluru,False,0.93,knit,polo,201,Chandigarh,Tier-2,Prepaid,festive,1,4,3,2,1,22,30,2025-11-14,8,True,0.316,False,36,38,Medium (35-65),Medium (35-65)
PO002522,2025-10-15,V01,Tirupur,False,0.92,knit,t-shirt,281,Bengaluru,Tier-1,COD,festive,4,2,3,3,2,21,24,2025-11-08,3,False,0.392,True,49,78,Medium (35-65),High (65-100)
PO002569,2025-10-15,V02,Tirupur,False,0.88,knit,sweatshirt,197,Jodhpur,Tier-3,Prepaid,festive,5,1,2,4,1,24,28,2025-11-12,4,False,0.317,True,55,64,Medium (35-65),Medium (35-65)
PO002979,2025-10-15,V01,Tirupur,False,0.92,knit,polo,198,Delhi,Tier-1,COD,festive,15,0,10,2,1,21,28,2025-11-12,7,True,0.49,False,49,78,Medium (35-65),High (65-100)
PO003168,2025-10-15,V01,Tirupur,False,0.92,knit,sweatshirt,178,Jaipur,Tier-2,COD,festive,2,2,1,1,1,22,27,2025-11-11,5,False,0.341,False,43,79,Medium (35-65),High (65-100)
PO003309,2025-10-15,V01,Tirupur,False,0.92,knit,sweatshirt,321,Mumbai,Tier-1,Prepaid,festive,2,0,2,0,3,21,29,2025-11-13,8,True,0.325,False,42,46,Medium (35-65),Medium (35-65)
PO003386,2025-10-15,V01,Tirupur,False,0.92,knit,henley,266,Delhi,Tier-1,COD,festive,10,0,7,4,2,21,30,2025-11-14,9,True,0.588,True,52,92,Medium (35-65),High (65-100)
PO003566,2025-10-15,V02,Tirupur,False,0.88,knit,hoodie,234,Nagpur,Tier-3,COD,festive,1,0,8,1,3,24,36,2025-11-20,12,True,0.694,True,59,100,Medium (35-65),High (65-100)
PO003736,2025-10-15,V05,Bengaluru,False,0.93,knit,henley,121,Patna,Tier-3,COD,festive,11,1,2,1,2,24,32,2025-11-16,8,True,0.512,True,44,83,Medium (35-65),High (65-100)
PO003796,2025-10-15,V08,Ludhiana,False,0.84,knit,henley,282,Ranchi,Tier-3,Prepaid,festive,1,1,3,6,2,24,28,2025-11-12,4,False,0.364,True,52,73,Medium (35-65),High (65-100)
PO003874,2025-10-15,V03,Tirupur,False,0.85,woven,denim-jacket,160,Kolkata,Tier-1,Prepaid,festive,4,2,3,1,1,34,40,2025-11-24,6,True,0.316,True,59,47,Medium (35-65),Medium (35-65)
PO004554,2025-10-15,V07,Ludhiana,False,0.87,knit,sweatshirt,293,Bengaluru,Tier-1,Prepaid,festive,2,1,6,3,1,21,22,2025-11-06,1,False,0.253,True,27,31,Low (0-35),Low (0-35)
PO004591,2025-10-15,V05,Bengaluru,False,0.93,knit,henley,352,Nagpur,Tier-3,Prepaid,festive,1,3,3,3,1,24,26,2025-11-10,2,False,0.304,False,49,53,Medium (35-65),Medium (35-65)
PO004992,2025-10-15,V05,Bengaluru,False,0.93,knit,polo,256,Delhi,Tier-1,COD,festive,13,1,4,1,2,21,27,2025-11-11,6,True,0.49,False,39,67,Medium (35-65),High (65-100)
PO000124,2025-10-16,V10,Delhi NCR,False,0.82,woven,chinos,256,Vijayawada,Tier-3,Prepaid,festive,3,3,1,3,2,37,44,2025-11-29,7,True,0.33,False,62,65,Medium (35-65),Medium (35-65)
PO000514,2025-10-16,V03,Tirupur,False,0.85,knit,sweatshirt,212,Hyderabad,Tier-1,Prepaid,festive,7,1,1,1,1,21,27,2025-11-12,6,True,0.275,False,42,36,Medium (35-65),Medium (35-65)
PO000576,2025-10-16,V06,Bengaluru,False,0.89,knit,hoodie,304,Jaipur,Tier-2,COD,festive,5,2,2,2,3,22,30,2025-11-15,8,True,0.503,True,45,86,Medium (35-65),High (65-100)
PO000646,2025-10-16,V11,Tirupur,True,0.75,knit,sweatshirt,282,Pune,Tier-2,COD,festive,7,1,3,2,1,22,36,2025-11-21,14,True,0.564,True,100,100,High (65-100),High (65-100)
PO000727,2025-10-16,V05,Bengaluru,False,0.93,knit,t-shirt,136,Madurai,Tier-3,COD,festive,6,2,3,3,1,24,31,2025-11-16,7,True,0.588,True,49,89,Medium (35-65),High (65-100)
PO000824,2025-10-16,V01,Tirupur,False,0.92,knit,sweatshirt,231,Bhubaneswar,Tier-3,COD,festive,2,1,1,0,1,24,34,2025-11-19,10,True,0.512,True,48,86,Medium (35-65),High (65-100)
PO001622,2025-10-16,V04,Tirupur,False,0.9,knit,t-shirt,188,Patna,Tier-3,Prepaid,festive,4,1,7,2,1,24,28,2025-11-13,4,False,0.304,False,57,56,Medium (35-65),Medium (35-65)
PO001632,2025-10-16,V10,Delhi NCR,False,0.82,knit,hoodie,278,Bhubaneswar,Tier-3,COD,festive,2,1,10,1,1,24,30,2025-11-15,6,True,0.588,True,51,95,Medium (35-65),High (65-100)
PO002176,2025-10-16,V01,Tirupur,False,0.92,knit,hoodie,201,Mysuru,Tier-3,COD,festive,7,0,2,3,1,24,32,2025-11-17,8,True,0.512,True,54,86,Medium (35-65),High (65-100)
PO002223,2025-10-16,V05,Bengaluru,False,0.93,knit,henley,149,Hyderabad,Tier-1,Prepaid,festive,8,1,1,1,2,21,29,2025-11-14,8,True,0.275,False,32,25,Low (0-35),Low (0-35)
PO003921,2025-10-16,V06,Bengaluru,False,0.89,knit,hoodie,333,Ahmedabad,Tier-2,COD,festive,1,2,1,1,2,22,24,2025-11-09,2,False,0.341,False,33,68,Low (0-35),High (65-100)
PO003993,2025-10-16,V05,Bengaluru,False,0.93,knit,hoodie,56,Jaipur,Tier-2,COD,festive,1,3,2,3,1,22,33,2025-11-18,11,True,0.426,False,33,68,Low (0-35),High (65-100)
PO004183,2025-10-16,V02,Tirupur,False,0.88,knit,sweatshirt,75,Indore,Tier-2,COD,festive,1,1,2,0,2,22,35,2025-11-20,13,True,0.426,False,43,79,Medium (35-65),High (65-100)
PO004190,2025-10-16,V03,Tirupur,False,0.85,knit,polo,194,Vadodara,Tier-2,Prepaid,festive,1,1,7,0,1,22,33,2025-11-18,11,True,0.316,True,46,49,Medium (35-65),Medium (35-65)
PO004378,2025-10-16,V08,Ludhiana,False,0.84,woven,overshirt,156,Delhi,Tier-1,COD,festive,0,2,3,5,1,34,41,2025-11-26,7,True,0.588,True,56,100,Medium (35-65),High (65-100)
PO004395,2025-10-16,V05,Bengaluru,False,0.93,knit,polo,182,Indore,Tier-2,Prepaid,festive,3,1,3,2,1,22,26,2025-11-11,4,False,0.253,False,42,46,Medium (35-65),Medium (35-65)
PO004693,2025-10-16,V01,Tirupur,False,0.92,knit,henley,98,Mysuru,Tier-3,COD,festive,4,1,2,0,2,24,36,2025-11-21,12,True,0.512,False,54,86,Medium (35-65),High (65-100)
PO004902,2025-10-16,V10,Delhi NCR,False,0.82,woven,trouser,88,Patna,Tier-3,Prepaid,festive,1,2,1,2,2,37,47,2025-12-02,10,True,0.33,True,56,58,Medium (35-65),Medium (35-65)
PO000062,2025-10-17,V02,Tirupur,False,0.88,knit,sweatshirt,285,Vadodara,Tier-2,Prepaid,festive,3,3,3,3,1,22,30,2025-11-16,8,True,0.316,True,52,49,Medium (35-65),Medium (35-65)
PO000108,2025-10-17,V05,Bengaluru,False,0.93,knit,polo,104,Mysuru,Tier-3,COD,festive,2,4,1,1,1,24,32,2025-11-18,8,True,0.512,True,38,75,Medium (35-65),High (65-100)
PO000257,2025-10-17,V01,Tirupur,False,0.92,woven,overshirt,103,Chennai,Tier-1,COD,festive,1,16,1,1,1,34,48,2025-12-04,14,True,0.426,True,58,77,Medium (35-65),High (65-100)
PO000635,2025-10-17,V01,Tirupur,False,0.92,knit,henley,291,Lucknow,Tier-2,Prepaid,festive,1,2,2,2,2,22,30,2025-11-16,8,True,0.275,False,41,43,Medium (35-65),Medium (35-65)
PO000947,2025-10-17,V02,Tirupur,False,0.88,knit,t-shirt,218,Chennai,Tier-1,Prepaid,festive,2,6,3,1,2,21,27,2025-11-13,6,True,0.316,True,49,42,Medium (35-65),Medium (35-65)
PO001756,2025-10-17,V05,Bengaluru,False,0.93,knit,hoodie,162,Tiruchirappalli,Tier-3,Prepaid,festive,10,1,5,1,2,24,37,2025-11-23,13,True,0.38,False,47,53,Medium (35-65),Medium (35-65)
PO001775,2025-10-17,V02,Tirupur,False,0.88,knit,sweatshirt,281,Kochi,Tier-2,COD,festive,1,1,10,2,1,22,34,2025-11-20,12,True,0.49,True,48,85,Medium (35-65),High (65-100)
PO001825,2025-10-17,V02,Tirupur,False,0.88,knit,henley,218,Vadodara,Tier-2,COD,festive,3,1,1,2,1,22,34,2025-11-20,12,True,0.426,False,49,79,Medium (35-65),High (65-100)
PO002683,2025-10-17,V09,Delhi NCR,False,0.86,woven,trouser,182,Dehradun,Tier-3,Prepaid,festive,10,1,3,2,1,37,46,2025-12-02,9,True,0.38,True,55,58,Medium (35-65),Medium (35-65)
PO002885,2025-10-17,V05,Bengaluru,False,0.93,knit,t-shirt,166,Jaipur,Tier-2,COD,festive,7,6,1,1,2,22,29,2025-11-15,7,True,0.426,True,47,76,Medium (35-65),High (65-100)
PO003252,2025-10-17,V01,Tirupur,False,0.92,knit,hoodie,201,Surat,Tier-2,COD,festive,6,3,1,1,3,22,26,2025-11-12,4,False,0.402,True,55,89,Medium (35-65),High (65-100)
PO003270,2025-10-17,V01,Tirupur,False,0.92,knit,hoodie,211,Delhi,Tier-1,Prepaid,festive,2,2,3,3,1,21,25,2025-11-11,4,False,0.253,False,41,42,Medium (35-65),Medium (35-65)
PO003479,2025-10-17,V08,Ludhiana,False,0.84,knit,henley,256,Chennai,Tier-1,Prepaid,festive,3,1,1,4,2,21,29,2025-11-15,8,True,0.33,True,43,53,Medium (35-65),Medium (35-65)
PO003900,2025-10-17,V02,Tirupur,False,0.88,knit,polo,206,Lucknow,Tier-2,Prepaid,festive,12,1,1,2,2,22,28,2025-11-14,6,True,0.275,False,47,43,Medium (35-65),Medium (35-65)
PO004685,2025-10-17,V07,Ludhiana,False,0.87,knit,polo,277,Tiruchirappalli,Tier-3,Prepaid,festive,1,3,1,1,1,24,33,2025-11-19,9,True,0.33,False,32,39,Low (0-35),Medium (35-65)
PO004747,2025-10-17,V07,Ludhiana,False,0.87,knit,t-shirt,137,Pune,Tier-2,COD,festive,1,1,2,1,2,22,28,2025-11-14,6,True,0.426,True,29,68,Low (0-35),High (65-100)
PO004965,2025-10-17,V03,Tirupur,False,0.85,knit,hoodie,163,Surat,Tier-2,Prepaid,festive,3,1,1,2,1,22,32,2025-11-18,10,True,0.275,False,47,43,Medium (35-65),Medium (35-65)
PO000052,2025-10-18,V01,Tirupur,False,0.92,knit,sweatshirt,79,Nagpur,Tier-3,Prepaid,festive,2,0,2,0,1,24,31,2025-11-18,7,True,0.33,False,46,50,Medium (35-65),Medium (35-65)
PO000398,2025-10-18,V01,Tirupur,False,0.92,knit,henley,327,Lucknow,Tier-2,COD,festive,4,6,2,2,1,22,28,2025-11-15,6,True,0.426,True,57,79,Medium (35-65),High (65-100)
PO000449,2025-10-18,V05,Bengaluru,False,0.93,knit,t-shirt,67,Kolkata,Tier-1,COD,festive,1,3,1,0,3,21,23,2025-11-10,2,False,0.402,False,34,71,Low (0-35),High (65-100)
PO000503,2025-10-18,V10,Delhi NCR,False,0.82,woven,chinos,92,Patna,Tier-3,COD,festive,2,5,3,3,1,37,46,2025-12-03,9,True,0.588,True,71,100,High (65-100),High (65-100)
PO001243,2025-10-18,V01,Tirupur,False,0.92,knit,t-shirt,131,Mumbai,Tier-1,COD,festive,1,1,3,0,2,21,26,2025-11-13,5,False,0.392,False,43,78,Medium (35-65),High (65-100)
PO001329,2025-10-18,V08,Ludhiana,False,0.84,woven,chinos,236,Pune,Tier-2,COD,festive,4,3,1,4,3,35,40,2025-11-27,5,False,0.483,True,68,100,High (65-100),High (65-100)
PO001414,2025-10-18,V02,Tirupur,False,0.88,knit,hoodie,325,Chandigarh,Tier-2,COD,festive,0,7,1,2,1,22,33,2025-11-20,11,True,0.426,False,51,79,Medium (35-65),High (65-100)
PO001727,2025-10-18,V05,Bengaluru,False,0.93,knit,sweatshirt,343,Surat,Tier-2,Prepaid,festive,11,1,5,1,2,22,29,2025-11-16,7,True,0.316,False,42,46,Medium (35-65),Medium (35-65)
PO002002,2025-10-18,V01,Tirupur,False,0.92,knit,t-shirt,178,Raipur,Tier-3,COD,festive,1,0,1,1,3,24,32,2025-11-19,8,True,0.604,True,54,96,Medium (35-65),High (65-100)
PO002034,2025-10-18,V01,Tirupur,False,0.92,knit,t-shirt,259,Patna,Tier-3,Prepaid,festive,5,3,1,2,1,24,31,2025-11-18,7,True,0.33,False,52,50,Medium (35-65),Medium (35-65)
PO002166,2025-10-18,V03,Tirupur,False,0.85,knit,polo,117,Vadodara,Tier-2,COD,festive,4,1,2,2,3,22,32,2025-11-19,10,True,0.503,False,55,89,Medium (35-65),High (65-100)
PO002583,2025-10-18,V05,Bengaluru,False,0.93,knit,polo,203,Mumbai,Tier-1,Prepaid,festive,2,2,6,3,1,21,31,2025-11-18,10,True,0.316,False,31,31,Low (0-35),Low (0-35)
PO002795,2025-10-18,V10,Delhi NCR,False,0.82,knit,hoodie,311,Jaipur,Tier-2,Prepaid,festive,0,1,1,2,1,22,25,2025-11-12,3,False,0.22,True,39,38,Medium (35-65),Medium (35-65)
PO002808,2025-10-18,V01,Tirupur,False,0.92,knit,t-shirt,139,Chennai,Tier-1,COD,festive,1,1,2,0,2,21,28,2025-11-15,7,True,0.426,False,38,64,Medium (35-65),Medium (35-65)
PO003009,2025-10-18,V04,Tirupur,False,0.9,knit,t-shirt,275,Raipur,Tier-3,COD,festive,2,0,8,0,1,24,31,2025-11-18,7,True,0.588,True,53,92,Medium (35-65),High (65-100)
PO003777,2025-10-18,V02,Tirupur,False,0.88,knit,polo,148,Chennai,Tier-1,COD,festive,1,0,2,1,1,21,32,2025-11-19,11,True,0.426,True,38,64,Medium (35-65),Medium (35-65)
PO004368,2025-10-18,V05,Bengaluru,False,0.93,knit,sweatshirt,179,Kolkata,Tier-1,COD,festive,5,1,4,2,1,21,28,2025-11-15,7,True,0.49,False,39,67,Medium (35-65),High (65-100)
PO004875,2025-10-18,V05,Bengaluru,False,0.93,knit,sweatshirt,210,Jaipur,Tier-2,Prepaid,festive,3,1,2,0,2,22,27,2025-11-14,5,False,0.22,False,37,32,Medium (35-65),Low (0-35)
PO004884,2025-10-18,V09,Delhi NCR,False,0.86,woven,overshirt,299,Dehradun,Tier-3,Prepaid,festive,7,6,2,0,2,37,52,2025-12-09,15,True,0.33,False,58,52,Medium (35-65),Medium (35-65)
PO000204,2025-10-19,V02,Tirupur,False,0.88,knit,polo,108,Madurai,Tier-3,Prepaid,festive,2,4,7,1,1,24,38,2025-11-26,14,True,0.38,False,51,56,Medium (35-65),Medium (35-65)
PO000282,2025-10-19,V01,Tirupur,False,0.92,knit,hoodie,109,Coimbatore,Tier-2,COD,festive,5,3,4,1,1,22,32,2025-11-20,10,True,0.49,False,54,85,Medium (35-65),High (65-100)
PO000539,2025-10-19,V04,Tirupur,False,0.9,knit,polo,92,Pune,Tier-2,Prepaid,festive,1,2,1,1,1,22,30,2025-11-18,8,True,0.275,False,41,43,Medium (35-65),Medium (35-65)
PO000598,2025-10-19,V03,Tirupur,False,0.85,knit,hoodie,217,Hyderabad,Tier-1,Prepaid,festive,8,0,1,1,2,21,29,2025-11-17,8,True,0.275,True,42,36,Medium (35-65),Medium (35-65)
PO000890,2025-10-19,V09,Delhi NCR,False,0.86,woven,denim-jacket,232,Ahmedabad,Tier-2,COD,festive,3,3,1,0,1,35,44,2025-12-02,9,True,0.426,False,47,81,Medium (35-65),High (65-100)
PO001180,2025-10-19,V05,Bengaluru,False,0.93,knit,henley,96,Raipur,Tier-3,COD,festive,4,2,3,5,1,24,30,2025-11-18,6,True,0.706,False,52,100,Medium (35-65),High (65-100)
PO002293,2025-10-19,V03,Tirupur,False,0.85,knit,polo,255,Delhi,Tier-1,COD,festive,2,1,1,1,1,21,28,2025-11-16,7,True,0.426,True,38,64,Medium (35-65),Medium (35-65)
PO002803,2025-10-19,V01,Tirupur,False,0.92,knit,sweatshirt,232,Kolkata,Tier-1,Prepaid,festive,3,1,1,2,1,21,30,2025-11-18,9,True,0.275,False,42,36,Medium (35-65),Medium (35-65)
PO004138,2025-10-19,V05,Bengaluru,False,0.93,woven,chinos,286,Jaipur,Tier-2,COD,festive,8,4,2,1,1,35,46,2025-12-04,11,True,0.426,False,51,81,Medium (35-65),High (65-100)
PO004366,2025-10-19,V05,Bengaluru,False,0.93,knit,t-shirt,244,Vijayawada,Tier-3,Prepaid,festive,3,8,4,4,1,24,32,2025-11-20,8,True,0.455,False,58,67,Medium (35-65),High (65-100)
PO000051,2025-10-20,V01,Tirupur,False,0.92,knit,sweatshirt,403,Jaipur,Tier-2,Prepaid,festive,4,1,2,2,1,22,30,2025-11-19,8,True,0.275,False,55,43,Medium (35-65),Medium (35-65)
PO000286,2025-10-20,V01,Tirupur,False,0.92,knit,polo,212,Chennai,Tier-1,Prepaid,festive,15,1,1,2,3,21,32,2025-11-21,11,True,0.325,False,48,46,Medium (35-65),Medium (35-65)
PO000408,2025-10-20,V07,Ludhiana,False,0.87,woven,overshirt,153,Tiruchirappalli,Tier-3,Prepaid,festive,2,4,2,2,1,37,50,2025-12-09,13,True,0.33,False,44,52,Medium (35-65),Medium (35-65)
PO000537,2025-10-20,V02,Tirupur,False,0.88,knit,hoodie,158,Raipur,Tier-3,Prepaid,festive,6,1,1,2,1,24,36,2025-11-25,12,True,0.33,False,52,50,Medium (35-65),Medium (35-65)
PO000693,2025-10-20,V07,Ludhiana,False,0.87,knit,sweatshirt,339,Mumbai,Tier-1,Prepaid,festive,3,2,2,0,1,21,25,2025-11-14,4,False,0.22,False,28,25,Low (0-35),Low (0-35)
PO000757,2025-10-20,V01,Tirupur,False,0.92,knit,henley,174,Lucknow,Tier-2,COD,festive,3,1,2,3,1,22,31,2025-11-20,9,True,0.426,False,49,79,Medium (35-65),High (65-100)
PO000921,2025-10-20,V02,Tirupur,False,0.88,knit,hoodie,134,Bengaluru,Tier-1,Prepaid,festive,3,1,1,1,1,21,30,2025-11-19,9,True,0.275,False,42,36,Medium (35-65),Medium (35-65)
PO000952,2025-10-20,V06,Bengaluru,False,0.89,knit,sweatshirt,148,Surat,Tier-2,COD,festive,0,1,5,0,2,22,30,2025-11-19,8,True,0.49,False,38,74,Medium (35-65),High (65-100)
PO001723,2025-10-20,V02,Tirupur,False,0.88,knit,sweatshirt,101,Kochi,Tier-2,Prepaid,festive,1,1,2,1,2,22,26,2025-11-15,4,False,0.22,False,41,43,Medium (35-65),Medium (35-65)
PO002346,2025-10-20,V08,Ludhiana,False,0.84,woven,denim-jacket,192,Jaipur,Tier-2,Prepaid,festive,7,2,4,2,1,35,48,2025-12-07,13,True,0.316,False,62,64,Medium (35-65),Medium (35-65)
PO002465,2025-10-20,V05,Bengaluru,False,0.93,knit,sweatshirt,252,Bengaluru,Tier-1,Prepaid,festive,2,3,0,5,1,21,31,2025-11-20,10,True,0.33,False,29,39,Low (0-35),Medium (35-65)
PO002954,2025-10-20,V08,Ludhiana,False,0.84,woven,denim-jacket,63,Bhubaneswar,Tier-3,COD,festive,1,2,1,3,1,37,36,2025-11-25,-1,False,0.409,False,58,94,Medium (35-65),High (65-100)
PO003349,2025-10-20,V02,Tirupur,False,0.88,knit,henley,125,Bhubaneswar,Tier-3,COD,festive,3,3,1,2,1,24,33,2025-11-22,9,True,0.512,True,54,86,Medium (35-65),High (65-100)
PO004237,2025-10-20,V05,Bengaluru,False,0.93,knit,hoodie,97,Jodhpur,Tier-3,COD,festive,0,0,5,3,1,24,28,2025-11-17,4,False,0.471,True,43,89,Medium (35-65),High (65-100)
PO004308,2025-10-20,V02,Tirupur,False,0.88,knit,sweatshirt,167,Bengaluru,Tier-1,COD,festive,1,1,1,1,2,21,31,2025-11-20,10,True,0.426,False,38,64,Medium (35-65),Medium (35-65)
PO004532,2025-10-20,V04,Tirupur,False,0.9,knit,hoodie,264,Surat,Tier-2,COD,festive,1,1,4,0,1,22,27,2025-11-16,5,False,0.392,True,48,85,Medium (35-65),High (65-100)
PO000030,2025-10-21,V04,Tirupur,False,0.9,knit,hoodie,165,Mumbai,Tier-1,COD,festive,12,4,8,1,1,21,31,2025-11-21,10,True,0.49,False,49,78,Medium (35-65),High (65-100)
PO000148,2025-10-21,V01,Tirupur,False,0.92,knit,polo,196,Jodhpur,Tier-3,Prepaid,festive,1,1,1,2,1,24,27,2025-11-17,3,False,0.264,False,46,50,Medium (35-65),Medium (35-65)
PO000499,2025-10-21,V05,Bengaluru,False,0.93,knit,hoodie,198,Chandigarh,Tier-2,Prepaid,festive,1,3,4,1,3,22,29,2025-11-19,7,True,0.373,False,42,56,Medium (35-65),Medium (35-65)
PO000547,2025-10-21,V05,Bengaluru,False,0.93,knit,t-shirt,209,Vijayawada,Tier-3,Prepaid,festive,1,1,10,3,2,24,31,2025-11-21,7,True,0.38,False,41,53,Medium (35-65),Medium (35-65)
PO000637,2025-10-21,V09,Delhi NCR,False,0.86,woven,chinos,133,Guwahati,Tier-3,Prepaid,festive,3,1,3,1,1,37,47,2025-12-07,10,True,0.38,False,55,58,Medium (35-65),Medium (35-65)
PO001374,2025-10-21,V04,Tirupur,False,0.9,knit,hoodie,256,Vadodara,Tier-2,COD,festive,1,0,2,1,2,22,31,2025-11-21,9,True,0.426,False,43,79,Medium (35-65),High (65-100)
PO002566,2025-10-21,V10,Delhi NCR,False,0.82,woven,chinos,226,Madurai,Tier-3,COD,festive,4,20,2,4,3,37,47,2025-12-07,10,True,0.724,True,81,100,High (65-100),High (65-100)
PO003019,2025-10-21,V03,Tirupur,False,0.85,knit,t-shirt,218,Hyderabad,Tier-1,COD,festive,1,3,0,1,2,21,29,2025-11-19,8,True,0.426,False,38,64,Medium (35-65),Medium (35-65)
PO003046,2025-10-21,V03,Tirupur,False,0.85,knit,polo,95,Ranchi,Tier-3,Prepaid,festive,2,0,3,1,1,24,33,2025-11-23,9,True,0.38,False,51,56,Medium (35-65),Medium (35-65)
PO003212,2025-10-21,V10,Delhi NCR,False,0.82,woven,chinos,119,Bhubaneswar,Tier-3,Prepaid,festive,1,1,4,4,1,37,41,2025-12-01,4,False,0.364,False,64,85,Medium (35-65),High (65-100)
PO003546,2025-10-21,V01,Tirupur,False,0.92,knit,polo,123,Jodhpur,Tier-3,COD,festive,5,2,4,3,3,24,32,2025-11-22,8,True,0.694,True,65,100,Medium (35-65),High (65-100)
PO004027,2025-10-21,V09,Delhi NCR,False,0.86,woven,chinos,174,Ahmedabad,Tier-2,Prepaid,festive,4,2,3,1,2,35,46,2025-12-06,11,True,0.316,False,50,51,Medium (35-65),Medium (35-65)
PO004734,2025-10-21,V05,Bengaluru,False,0.93,knit,henley,202,Surat,Tier-2,Prepaid,festive,15,3,4,1,1,22,30,2025-11-20,8,True,0.316,False,42,46,Medium (35-65),Medium (35-65)
PO004752,2025-10-21,V04,Tirupur,False,0.9,knit,t-shirt,240,Raipur,Tier-3,COD,festive,1,1,2,0,1,24,29,2025-11-19,5,False,0.409,False,48,86,Medium (35-65),High (65-100)
PO000222,2025-10-22,V02,Tirupur,False,0.88,knit,sweatshirt,171,Surat,Tier-2,COD,festive,4,2,3,2,1,22,28,2025-11-19,6,True,0.49,False,54,85,Medium (35-65),High (65-100)
PO000468,2025-10-22,V03,Tirupur,False,0.85,knit,hoodie,177,Pune,Tier-2,Prepaid,festive,4,0,3,1,1,22,26,2025-11-17,4,False,0.253,False,52,49,Medium (35-65),Medium (35-65)
PO000480,2025-10-22,V05,Bengaluru,False,0.93,woven,overshirt,202,Surat,Tier-2,COD,festive,2,0,5,0,3,35,39,2025-11-30,4,False,0.463,False,56,97,Medium (35-65),High (65-100)
PO000579,2025-10-22,V02,Tirupur,False,0.88,knit,sweatshirt,176,Mysuru,Tier-3,COD,festive,7,1,1,2,2,24,38,2025-11-29,14,True,0.512,True,54,86,Medium (35-65),High (65-100)
PO000793,2025-10-22,V05,Bengaluru,False,0.93,knit,t-shirt,219,Bengaluru,Tier-1,Prepaid,festive,2,2,5,1,3,21,26,2025-11-17,5,False,0.299,False,37,41,Medium (35-65),Medium (35-65)
PO001105,2025-10-22,V07,Ludhiana,False,0.87,knit,t-shirt,244,Indore,Tier-2,Prepaid,festive,4,2,2,2,1,22,27,2025-11-18,5,False,0.22,True,33,32,Low (0-35),Low (0-35)
PO001535,2025-10-22,V01,Tirupur,False,0.92,knit,henley,165,Coimbatore,Tier-2,COD,festive,15,4,1,0,2,22,29,2025-11-20,7,True,0.426,True,49,79,Medium (35-65),High (65-100)
PO001676,2025-10-22,V08,Ludhiana,False,0.84,woven,overshirt,319,Hyderabad,Tier-1,COD,festive,3,0,3,3,1,34,41,2025-12-02,7,True,0.49,False,59,86,Medium (35-65),High (65-100)
PO002281,2025-10-22,V06,Bengaluru,False,0.89,knit,hoodie,334,Guwahati,Tier-3,COD,festive,1,1,4,2,2,24,32,2025-11-23,8,True,0.588,False,43,89,Medium (35-65),High (65-100)
PO002370,2025-10-22,V02,Tirupur,False,0.88,knit,sweatshirt,292,Coimbatore,Tier-2,COD,festive,2,1,1,1,2,22,25,2025-11-16,3,False,0.341,False,43,79,Medium (35-65),High (65-100)
PO002940,2025-10-22,V09,Delhi NCR,False,0.86,woven,trouser,146,Mysuru,Tier-3,COD,festive,1,3,4,4,3,37,48,2025-12-09,11,True,0.833,True,60,100,Medium (35-65),High (65-100)
PO003195,2025-10-22,V02,Tirupur,False,0.88,knit,polo,142,Pune,Tier-2,COD,festive,2,0,3,1,1,22,30,2025-11-21,8,True,0.49,True,48,85,Medium (35-65),High (65-100)
PO003260,2025-10-22,V01,Tirupur,False,0.92,knit,polo,138,Vadodara,Tier-2,Prepaid,festive,10,1,1,2,1,22,28,2025-11-19,6,True,0.275,False,47,43,Medium (35-65),Medium (35-65)
PO003602,2025-10-22,V01,Tirupur,False,0.92,knit,hoodie,50,Madurai,Tier-3,Prepaid,festive,3,0,1,0,2,24,31,2025-11-22,7,True,0.33,True,52,50,Medium (35-65),Medium (35-65)
PO004126,2025-10-22,V06,Bengaluru,False,0.89,knit,henley,165,Lucknow,Tier-2,COD,festive,1,0,0,3,1,22,28,2025-11-19,6,True,0.426,False,33,68,Low (0-35),High (65-100)
PO004375,2025-10-22,V08,Ludhiana,False,0.84,woven,denim-jacket,127,Madurai,Tier-3,Prepaid,festive,2,4,2,1,2,37,49,2025-12-10,12,True,0.33,False,56,58,Medium (35-65),Medium (35-65)
PO004756,2025-10-22,V02,Tirupur,False,0.88,knit,sweatshirt,186,Patna,Tier-3,Prepaid,festive,5,1,1,0,1,24,31,2025-11-22,7,True,0.33,True,52,50,Medium (35-65),Medium (35-65)
PO000035,2025-10-23,V01,Tirupur,False,0.92,knit,henley,270,Bengaluru,Tier-1,Prepaid,festive,2,1,0,2,3,21,28,2025-11-20,7,True,0.325,False,42,46,Medium (35-65),Medium (35-65)
PO000309,2025-10-23,V03,Tirupur,False,0.85,knit,hoodie,167,Raipur,Tier-3,COD,festive,5,2,3,0,1,24,34,2025-11-26,10,True,0.588,True,59,92,Medium (35-65),High (65-100)
PO000710,2025-10-23,V01,Tirupur,False,0.92,knit,polo,215,Coimbatore,Tier-2,Prepaid,festive,7,1,1,4,2,22,27,2025-11-19,5,False,0.264,False,50,57,Medium (35-65),Medium (35-65)
PO000928,2025-10-23,V08,Ludhiana,False,0.84,woven,denim-jacket,233,Mysuru,Tier-3,COD,festive,3,5,4,2,2,37,46,2025-12-08,9,True,0.588,True,77,100,High (65-100),High (65-100)
PO001112,2025-10-23,V03,Tirupur,False,0.85,knit,polo,244,Jaipur,Tier-2,COD,festive,1,1,2,2,1,22,26,2025-11-18,4,False,0.341,False,43,79,Medium (35-65),High (65-100)
PO001509,2025-10-23,V04,Tirupur,False,0.9,knit,polo,357,Coimbatore,Tier-2,COD,festive,2,3,4,3,1,22,28,2025-11-20,6,True,0.49,True,56,85,Medium (35-65),High (65-100)
PO001546,2025-10-23,V10,Delhi NCR,False,0.82,woven,denim-jacket,280,Hyderabad,Tier-1,Prepaid,festive,5,2,1,0,1,34,44,2025-12-06,10,True,0.275,True,52,44,Medium (35-65),Medium (35-65)
PO001597,2025-10-23,V03,Tirupur,False,0.85,woven,overshirt,267,Mumbai,Tier-1,COD,festive,4,3,3,1,1,34,41,2025-12-03,7,True,0.49,False,61,90,Medium (35-65),High (65-100)
PO001812,2025-10-23,V03,Tirupur,False,0.85,knit,t-shirt,319,Indore,Tier-2,COD,festive,12,3,3,1,1,22,32,2025-11-24,10,True,0.49,True,54,85,Medium (35-65),High (65-100)
PO003540,2025-10-23,V05,Bengaluru,False,0.93,knit,t-shirt,368,Chandigarh,Tier-2,COD,festive,6,3,2,1,2,22,28,2025-11-20,6,True,0.426,False,47,76,Medium (35-65),High (65-100)
PO003573,2025-10-23,V09,Delhi NCR,False,0.86,woven,denim-jacket,352,Ranchi,Tier-3,COD,festive,1,4,2,3,2,37,51,2025-12-13,14,True,0.512,False,54,88,Medium (35-65),High (65-100)
PO003720,2025-10-23,V09,Delhi NCR,False,0.86,woven,trouser,145,Pune,Tier-2,Prepaid,festive,5,19,1,3,3,35,53,2025-12-15,18,True,0.325,False,59,55,Medium (35-65),Medium (35-65)
PO003823,2025-10-23,V03,Tirupur,False,0.85,knit,hoodie,238,Coimbatore,Tier-2,Prepaid,festive,1,1,3,2,3,22,28,2025-11-20,6,True,0.373,False,52,59,Medium (35-65),Medium (35-65)
PO003984,2025-10-23,V02,Tirupur,False,0.88,knit,hoodie,50,Chennai,Tier-1,COD,festive,1,1,5,0,2,21,29,2025-11-21,8,True,0.49,False,43,78,Medium (35-65),High (65-100)
PO004946,2025-10-23,V05,Bengaluru,False,0.93,knit,t-shirt,368,Pune,Tier-2,Prepaid,festive,0,3,1,2,2,22,32,2025-11-24,10,True,0.275,False,39,32,Medium (35-65),Low (0-35)
PO004986,2025-10-23,V03,Tirupur,False,0.85,knit,polo,270,Raipur,Tier-3,COD,festive,4,2,6,2,1,24,35,2025-11-27,11,True,0.588,True,59,92,Medium (35-65),High (65-100)
PO000414,2025-10-24,V05,Bengaluru,False,0.93,woven,shirt,148,Nagpur,Tier-3,Prepaid,festive,4,8,3,3,2,37,46,2025-12-09,9,True,0.38,False,67,65,High (65-100),Medium (35-65)
PO001202,2025-10-24,V12,Bengaluru,True,0.78,knit,t-shirt,221,Bengaluru,Tier-1,COD,festive,4,0,2,5,1,21,37,2025-11-30,16,True,0.588,False,77,100,High (65-100),High (65-100)
PO001613,2025-10-24,V02,Tirupur,False,0.88,woven,denim-jacket,136,Vadodara,Tier-2,Prepaid,festive,0,15,2,1,2,35,49,2025-12-12,14,True,0.275,False,61,55,Medium (35-65),Medium (35-65)
PO001620,2025-10-24,V09,Delhi NCR,False,0.86,woven,denim-jacket,94,Jaipur,Tier-2,Prepaid,festive,8,4,3,1,3,35,49,2025-12-12,14,True,0.373,True,56,61,Medium (35-65),Medium (35-65)
PO001671,2025-10-24,V01,Tirupur,False,0.92,woven,denim-jacket,235,Tiruchirappalli,Tier-3,COD,festive,1,3,1,2,1,37,50,2025-12-13,13,True,0.512,False,60,98,Medium (35-65),High (65-100)
PO001680,2025-10-24,V08,Ludhiana,False,0.84,knit,hoodie,282,Delhi,Tier-1,Prepaid,festive,2,1,7,3,1,21,29,2025-11-22,8,True,0.316,False,39,37,Medium (35-65),Medium (35-65)
PO002245,2025-10-24,V05,Bengaluru,False,0.93,knit,henley,155,Chennai,Tier-1,COD,festive,1,3,5,1,2,21,27,2025-11-20,6,True,0.49,False,33,67,Low (0-35),High (65-100)
PO002377,2025-10-24,V02,Tirupur,False,0.88,knit,hoodie,387,Kochi,Tier-2,COD,festive,10,1,10,1,2,22,35,2025-11-28,13,True,0.49,False,62,92,Medium (35-65),High (65-100)
PO002712,2025-10-24,V01,Tirupur,False,0.92,knit,t-shirt,161,Kochi,Tier-2,COD,festive,5,3,4,1,1,22,29,2025-11-22,7,True,0.49,False,54,85,Medium (35-65),High (65-100)
PO002868,2025-10-24,V01,Tirupur,False,0.92,woven,trouser,276,Mumbai,Tier-1,COD,festive,1,6,2,1,2,34,41,2025-12-04,7,True,0.426,True,58,77,Medium (35-65),High (65-100)
PO003489,2025-10-24,V08,Ludhiana,False,0.84,woven,overshirt,83,Chennai,Tier-1,COD,festive,3,9,1,2,3,34,47,2025-12-10,13,True,0.503,False,68,97,High (65-100),High (65-100)
PO003582,2025-10-24,V05,Bengaluru,False,0.93,knit,polo,229,Chandigarh,Tier-2,COD,festive,1,1,3,0,2,22,28,2025-11-21,6,True,0.49,True,38,74,Medium (35-65),High (65-100)
PO004200,2025-10-24,V04,Tirupur,False,0.9,knit,hoodie,323,Tiruchirappalli,Tier-3,Prepaid,festive,3,1,1,2,3,24,37,2025-11-30,13,True,0.389,True,58,60,Medium (35-65),Medium (35-65)
PO004457,2025-10-24,V02,Tirupur,False,0.88,knit,hoodie,311,Ahmedabad,Tier-2,COD,festive,6,1,2,0,2,22,30,2025-11-23,8,True,0.426,True,49,79,Medium (35-65),High (65-100)
PO000466,2025-10-25,V01,Tirupur,False,0.92,knit,hoodie,278,Chennai,Tier-1,Prepaid,festive,2,2,0,0,2,21,32,2025-11-26,11,True,0.275,True,36,28,Medium (35-65),Low (0-35)
PO000827,2025-10-25,V05,Bengaluru,False,0.93,woven,denim-jacket,295,Bengaluru,Tier-1,COD,festive,2,11,1,2,2,34,38,2025-12-02,4,False,0.341,False,48,74,Medium (35-65),High (65-100)
PO001195,2025-10-25,V01,Tirupur,False,0.92,woven,overshirt,149,Bengaluru,Tier-1,COD,festive,1,0,9,1,1,34,47,2025-12-11,13,True,0.49,True,55,83,Medium (35-65),High (65-100)
PO001540,2025-10-25,V06,Bengaluru,False,0.89,knit,henley,132,Madurai,Tier-3,COD,festive,11,1,2,3,2,24,31,2025-11-25,7,True,0.512,False,44,83,Medium (35-65),High (65-100)
PO001647,2025-10-25,V07,Ludhiana,False,0.87,knit,polo,315,Tiruchirappalli,Tier-3,Prepaid,festive,3,0,2,3,1,24,26,2025-11-20,2,False,0.264,False,38,39,Medium (35-65),Medium (35-65)
PO001777,2025-10-25,V03,Tirupur,False,0.85,knit,henley,290,Coimbatore,Tier-2,COD,festive,4,1,1,3,1,22,29,2025-11-23,7,True,0.426,False,49,79,Medium (35-65),High (65-100)
PO001992,2025-10-25,V09,Delhi NCR,False,0.86,woven,denim-jacket,226,Kochi,Tier-2,Prepaid,festive,3,0,3,0,2,35,44,2025-12-08,9,True,0.316,False,50,51,Medium (35-65),Medium (35-65)
PO002019,2025-10-25,V02,Tirupur,False,0.88,knit,polo,171,Surat,Tier-2,COD,festive,12,1,2,1,2,22,29,2025-11-23,7,True,0.426,True,49,79,Medium (35-65),High (65-100)
PO002085,2025-10-25,V02,Tirupur,False,0.88,knit,sweatshirt,275,Ahmedabad,Tier-2,COD,festive,5,1,5,3,2,22,32,2025-11-26,10,True,0.49,True,54,85,Medium (35-65),High (65-100)
PO002427,2025-10-25,V09,Delhi NCR,False,0.86,woven,chinos,248,Bengaluru,Tier-1,Prepaid,festive,2,3,3,0,1,34,38,2025-12-02,4,False,0.253,False,39,36,Medium (35-65),Medium (35-65)
PO002797,2025-10-25,V10,Delhi NCR,False,0.82,woven,chinos,219,Patna,Tier-3,COD,festive,3,3,5,1,1,37,53,2025-12-17,16,True,0.588,False,69,100,High (65-100),High (65-100)
PO003454,2025-10-25,V12,Bengaluru,True,0.78,knit,sweatshirt,174,Surat,Tier-2,COD,festive,13,0,0,4,1,22,39,2025-12-03,17,True,0.588,True,82,100,High (65-100),High (65-100)
PO003517,2025-10-25,V01,Tirupur,False,0.92,woven,trouser,86,Indore,Tier-2,COD,festive,1,1,3,0,3,35,33,2025-11-27,-2,False,0.463,True,66,100,High (65-100),High (65-100)
PO003544,2025-10-25,V03,Tirupur,False,0.85,knit,polo,265,Kochi,Tier-2,COD,festive,4,1,6,2,1,22,30,2025-11-24,8,True,0.49,True,54,85,Medium (35-65),High (65-100)
PO004315,2025-10-25,V02,Tirupur,False,0.88,knit,henley,307,Kolkata,Tier-1,COD,festive,3,3,3,3,3,21,29,2025-11-23,8,True,0.578,True,55,88,Medium (35-65),High (65-100)
PO004397,2025-10-25,V01,Tirupur,False,0.92,knit,polo,231,Nagpur,Tier-3,Prepaid,festive,1,0,1,1,1,24,27,2025-11-21,3,False,0.264,False,46,50,Medium (35-65),Medium (35-65)
PO004657,2025-10-25,V07,Ludhiana,False,0.87,knit,t-shirt,163,Coimbatore,Tier-2,COD,festive,3,1,2,1,2,22,25,2025-11-19,3,False,0.341,True,35,68,Low (0-35),High (65-100)
PO000024,2025-10-26,V01,Tirupur,False,0.92,knit,sweatshirt,150,Mumbai,Tier-1,Prepaid,festive,2,3,6,3,1,21,31,2025-11-26,10,True,0.316,False,41,42,Medium (35-65),Medium (35-65)
PO000359,2025-10-26,V04,Tirupur,False,0.9,knit,henley,258,Mumbai,Tier-1,COD,festive,3,4,2,3,1,21,27,2025-11-22,6,True,0.426,False,44,72,Medium (35-65),High (65-100)
PO000441,2025-10-26,V01,Tirupur,False,0.92,knit,t-shirt,168,Chennai,Tier-1,Prepaid,festive,3,2,2,1,1,21,26,2025-11-21,5,False,0.22,False,42,36,Medium (35-65),Medium (35-65)
PO000548,2025-10-26,V04,Tirupur,False,0.9,woven,denim-jacket,99,Lucknow,Tier-2,Prepaid,festive,1,1,10,0,1,35,52,2025-12-17,17,True,0.316,False,58,54,Medium (35-65),Medium (35-65)
PO000556,2025-10-26,V01,Tirupur,False,0.92,knit,sweatshirt,161,Patna,Tier-3,COD,festive,11,0,5,1,1,24,29,2025-11-24,5,False,0.471,True,59,92,Medium (35-65),High (65-100)
PO001321,2025-10-26,V01,Tirupur,False,0.92,knit,sweatshirt,227,Lucknow,Tier-2,COD,festive,3,0,1,0,1,22,30,2025-11-25,8,True,0.426,True,49,79,Medium (35-65),High (65-100)
PO001572,2025-10-26,V08,Ludhiana,False,0.84,woven,trouser,348,Bengaluru,Tier-1,Prepaid,festive,1,8,1,4,2,34,52,2025-12-17,18,True,0.33,False,57,58,Medium (35-65),Medium (35-65)
PO001631,2025-10-26,V08,Ludhiana,False,0.84,woven,trouser,155,Chandigarh,Tier-2,COD,festive,5,7,5,4,2,35,47,2025-12-12,12,True,0.588,True,75,100,High (65-100),High (65-100)
PO002359,2025-10-26,V02,Tirupur,False,0.88,woven,denim-jacket,175,Hyderabad,Tier-1,COD,festive,1,3,1,0,3,34,42,2025-12-07,8,True,0.503,False,56,87,Medium (35-65),High (65-100)
PO002365,2025-10-26,V05,Bengaluru,False,0.93,knit,henley,337,Lucknow,Tier-2,Prepaid,festive,2,1,1,1,2,22,25,2025-11-20,3,False,0.22,False,31,32,Low (0-35),Low (0-35)
PO002536,2025-10-26,V01,Tirupur,False,0.92,knit,hoodie,105,Vadodara,Tier-2,Prepaid,festive,4,3,1,1,2,22,30,2025-11-25,8,True,0.275,False,47,43,Medium (35-65),Medium (35-65)
PO002575,2025-10-26,V05,Bengaluru,False,0.93,knit,sweatshirt,204,Kolkata,Tier-1,Prepaid,festive,3,1,8,1,2,21,27,2025-11-22,6,True,0.316,True,37,31,Medium (35-65),Low (0-35)
PO002827,2025-10-26,V09,Delhi NCR,False,0.86,woven,shirt,50,Chennai,Tier-1,COD,festive,4,11,1,2,1,34,43,2025-12-08,9,True,0.426,False,50,74,Medium (35-65),High (65-100)
PO003049,2025-10-26,V02,Tirupur,False,0.88,knit,hoodie,68,Ranchi,Tier-3,Prepaid,festive,1,2,2,2,2,24,36,2025-12-01,12,True,0.33,False,46,50,Medium (35-65),Medium (35-65)
PO003771,2025-10-26,V01,Tirupur,False,0.92,knit,t-shirt,102,Ranchi,Tier-3,Prepaid,festive,2,3,3,1,1,24,28,2025-11-23,4,False,0.304,True,51,56,Medium (35-65),Medium (35-65)
PO003841,2025-10-26,V05,Bengaluru,False,0.93,knit,t-shirt,131,Lucknow,Tier-2,COD,festive,1,6,10,1,3,22,27,2025-11-22,5,False,0.463,False,52,92,Medium (35-65),High (65-100)
PO003947,2025-10-26,V02,Tirupur,False,0.88,woven,trouser,50,Lucknow,Tier-2,COD,festive,8,1,2,1,3,35,50,2025-12-15,15,True,0.503,False,67,100,High (65-100),High (65-100)
PO003970,2025-10-26,V01,Tirupur,False,0.92,knit,henley,188,Vijayawada,Tier-3,COD,festive,4,6,1,1,1,24,33,2025-11-28,9,True,0.512,True,62,93,Medium (35-65),High (65-100)
PO004128,2025-10-26,V10,Delhi NCR,False,0.82,woven,denim-jacket,244,Pune,Tier-2,Prepaid,festive,3,3,3,3,1,35,42,2025-12-07,7,True,0.316,True,62,64,Medium (35-65),Medium (35-65)
PO004374,2025-10-26,V02,Tirupur,False,0.88,knit,sweatshirt,304,Pune,Tier-2,COD,festive,8,1,5,3,2,22,38,2025-12-03,16,True,0.49,False,54,85,Medium (35-65),High (65-100)
PO004531,2025-10-26,V02,Tirupur,False,0.88,knit,sweatshirt,149,Jaipur,Tier-2,Prepaid,festive,7,2,2,1,1,22,34,2025-11-29,12,True,0.275,True,47,43,Medium (35-65),Medium (35-65)
PO004763,2025-10-26,V04,Tirupur,False,0.9,knit,hoodie,302,Kolkata,Tier-1,Prepaid,festive,1,2,3,0,3,21,32,2025-11-27,11,True,0.373,False,47,52,Medium (35-65),Medium (35-65)
PO004856,2025-10-26,V01,Tirupur,False,0.92,woven,overshirt,206,Kochi,Tier-2,Prepaid,festive,2,3,1,0,2,35,52,2025-12-17,17,True,0.275,False,53,48,Medium (35-65),Medium (35-65)
PO000945,2025-10-27,V01,Tirupur,False,0.92,knit,hoodie,196,Pune,Tier-2,COD,festive,3,0,4,1,2,22,32,2025-11-28,10,True,0.49,False,54,85,Medium (35-65),High (65-100)
PO001218,2025-10-27,V01,Tirupur,False,0.92,knit,hoodie,124,Chennai,Tier-1,Prepaid,festive,2,0,6,0,2,21,24,2025-11-20,3,False,0.253,False,41,42,Medium (35-65),Medium (35-65)
PO001500,2025-10-27,V05,Bengaluru,False,0.93,knit,sweatshirt,223,Guwahati,Tier-3,Prepaid,festive,1,3,1,3,1,24,33,2025-11-29,9,True,0.33,False,36,39,Medium (35-65),Medium (35-65)
PO001745,2025-10-27,V05,Bengaluru,False,0.93,knit,henley,294,Jaipur,Tier-2,COD,festive,10,3,1,1,1,22,28,2025-11-24,6,True,0.426,True,39,68,Medium (35-65),High (65-100)
PO001896,2025-10-27,V04,Tirupur,False,0.9,knit,henley,160,Ahmedabad,Tier-2,Prepaid,festive,3,4,7,2,2,22,28,2025-11-24,6,True,0.316,False,52,49,Medium (35-65),Medium (35-65)
PO002714,2025-10-27,V05,Bengaluru,False,0.93,knit,sweatshirt,53,Tiruchirappalli,Tier-3,COD,festive,3,2,2,0,2,24,32,2025-11-28,8,True,0.512,False,44,83,Medium (35-65),High (65-100)
PO002761,2025-10-27,V04,Tirupur,False,0.9,knit,henley,65,Mumbai,Tier-1,COD,festive,1,1,4,2,1,21,24,2025-11-20,3,False,0.392,False,43,78,Medium (35-65),High (65-100)
PO002994,2025-10-27,V02,Tirupur,False,0.88,knit,henley,185,Hyderabad,Tier-1,COD,festive,4,4,1,1,2,21,28,2025-11-24,7,True,0.426,False,44,72,Medium (35-65),High (65-100)
PO003023,2025-10-27,V02,Tirupur,False,0.88,knit,polo,132,Bengaluru,Tier-1,Prepaid,festive,1,2,2,3,2,21,30,2025-11-26,9,True,0.275,True,36,28,Medium (35-65),Low (0-35)
PO003295,2025-10-27,V02,Tirupur,False,0.88,woven,denim-jacket,139,Surat,Tier-2,Prepaid,festive,2,4,7,1,2,35,48,2025-12-14,13,True,0.316,False,58,54,Medium (35-65),Medium (35-65)
PO003498,2025-10-27,V04,Tirupur,False,0.9,knit,t-shirt,143,Bengaluru,Tier-1,COD,festive,3,0,3,0,1,21,30,2025-11-26,9,True,0.49,True,49,78,Medium (35-65),High (65-100)
PO003676,2025-10-27,V01,Tirupur,False,0.92,knit,hoodie,265,Kolkata,Tier-1,COD,festive,0,1,2,3,1,21,25,2025-11-21,4,False,0.341,True,38,64,Medium (35-65),Medium (35-65)
PO003840,2025-10-27,V03,Tirupur,False,0.85,knit,hoodie,294,Mumbai,Tier-1,Prepaid,festive,1,2,7,3,1,21,28,2025-11-24,7,True,0.316,True,41,42,Medium (35-65),Medium (35-65)
PO003882,2025-10-27,V06,Bengaluru,False,0.89,knit,hoodie,150,Lucknow,Tier-2,COD,festive,1,3,1,1,1,22,25,2025-11-21,3,False,0.341,True,33,68,Low (0-35),High (65-100)
PO004002,2025-10-27,V09,Delhi NCR,False,0.86,knit,polo,288,Vijayawada,Tier-3,Prepaid,festive,5,1,5,3,2,24,32,2025-11-28,8,True,0.38,False,43,53,Medium (35-65),Medium (35-65)
PO004241,2025-10-27,V02,Tirupur,False,0.88,knit,hoodie,160,Mumbai,Tier-1,Prepaid,festive,5,2,3,3,1,21,29,2025-11-25,8,True,0.316,False,47,42,Medium (35-65),Medium (35-65)
PO004579,2025-10-27,V09,Delhi NCR,False,0.86,woven,overshirt,234,Chandigarh,Tier-2,Prepaid,festive,3,3,2,2,1,35,44,2025-12-10,9,True,0.275,False,45,45,Medium (35-65),Medium (35-65)
PO004642,2025-10-27,V02,Tirupur,False,0.88,knit,sweatshirt,165,Chennai,Tier-1,COD,festive,8,1,4,2,2,21,35,2025-12-01,14,True,0.49,False,49,78,Medium (35-65),High (65-100)
PO004661,2025-10-27,V01,Tirupur,False,0.92,knit,t-shirt,144,Dehradun,Tier-3,COD,festive,1,1,0,1,2,24,33,2025-11-29,9,True,0.512,False,48,86,Medium (35-65),High (65-100)
PO004683,2025-10-27,V01,Tirupur,False,0.92,knit,hoodie,217,Bengaluru,Tier-1,COD,festive,8,1,1,1,1,21,28,2025-11-24,7,True,0.426,True,44,72,Medium (35-65),High (65-100)
PO004692,2025-10-27,V07,Ludhiana,False,0.87,knit,henley,152,Indore,Tier-2,COD,festive,2,0,1,2,2,22,28,2025-11-24,6,True,0.426,True,29,68,Low (0-35),High (65-100)
PO004980,2025-10-27,V01,Tirupur,False,0.92,knit,sweatshirt,278,Chennai,Tier-1,Prepaid,festive,6,2,3,0,3,21,30,2025-11-26,9,True,0.373,True,53,52,Medium (35-65),Medium (35-65)
PO000229,2025-10-28,V01,Tirupur,False,0.92,knit,henley,366,Raipur,Tier-3,COD,festive,2,3,4,4,1,24,30,2025-11-27,6,True,0.706,True,64,100,Medium (35-65),High (65-100)
PO000433,2025-10-28,V12,Bengaluru,True,0.78,woven,chinos,122,Mysuru,Tier-3,Prepaid,festive,5,3,3,2,1,37,61,2025-12-28,24,True,0.436,False,99,81,High (65-100),High (65-100)
PO000558,2025-10-28,V02,Tirupur,False,0.88,knit,hoodie,132,Bengaluru,Tier-1,COD,festive,4,1,1,2,1,21,29,2025-11-26,8,True,0.426,False,44,72,Medium (35-65),High (65-100)
PO000797,2025-10-28,V01,Tirupur,False,0.92,knit,polo,292,Pune,Tier-2,COD,festive,2,0,4,4,3,22,31,2025-11-28,9,True,0.694,True,57,100,Medium (35-65),High (65-100)
PO001163,2025-10-28,V06,Bengaluru,False,0.89,knit,polo,182,Kochi,Tier-2,COD,festive,1,1,1,0,3,22,29,2025-11-26,7,True,0.503,False,39,78,Medium (35-65),High (65-100)
PO001303,2025-10-28,V05,Bengaluru,False,0.93,knit,polo,141,Surat,Tier-2,Prepaid,festive,7,1,1,3,3,22,30,2025-11-27,8,True,0.325,False,43,50,Medium (35-65),Medium (35-65)
PO001773,2025-10-28,V05,Bengaluru,False,0.93,knit,t-shirt,241,Delhi,Tier-1,COD,festive,5,0,1,0,1,21,25,2025-11-22,4,False,0.341,False,34,61,Low (0-35),Medium (35-65)
PO002325,2025-10-28,V01,Tirupur,False,0.92,woven,overshirt,164,Vijayawada,Tier-3,Prepaid,festive,3,4,2,0,3,37,50,2025-12-17,13,True,0.389,False,70,72,High (65-100),High (65-100)
PO002699,2025-10-28,V01,Tirupur,False,0.92,knit,t-shirt,67,Chandigarh,Tier-2,COD,festive,2,7,5,3,2,22,31,2025-11-28,9,True,0.49,False,56,85,Medium (35-65),High (65-100)
PO003336,2025-10-28,V02,Tirupur,False,0.88,knit,sweatshirt,171,Jaipur,Tier-2,Prepaid,festive,1,5,1,1,1,22,32,2025-11-29,10,True,0.275,True,49,43,Medium (35-65),Medium (35-65)
PO004222,2025-10-28,V01,Tirupur,False,0.92,woven,shirt,322,Bhubaneswar,Tier-3,COD,festive,2,20,10,2,3,37,60,2025-12-27,23,True,0.694,False,79,100,High (65-100),High (65-100)
PO004277,2025-10-28,V01,Tirupur,False,0.92,woven,trouser,307,Bengaluru,Tier-1,Prepaid,festive,0,1,3,1,3,34,46,2025-12-13,12,True,0.373,False,59,57,Medium (35-65),Medium (35-65)
PO004322,2025-10-28,V01,Tirupur,False,0.92,knit,polo,242,Kolkata,Tier-1,COD,festive,2,0,2,1,2,21,32,2025-11-29,11,True,0.426,True,38,64,Medium (35-65),Medium (35-65)
PO004363,2025-10-28,V04,Tirupur,False,0.9,knit,polo,110,Kolkata,Tier-1,Prepaid,festive,2,2,5,1,2,21,28,2025-11-25,7,True,0.316,False,41,42,Medium (35-65),Medium (35-65)
PO004593,2025-10-28,V04,Tirupur,False,0.9,knit,hoodie,147,Chennai,Tier-1,Prepaid,festive,3,1,1,0,1,21,30,2025-11-27,9,True,0.275,False,42,36,Medium (35-65),Medium (35-65)
PO004725,2025-10-28,V02,Tirupur,False,0.88,woven,denim-jacket,118,Madurai,Tier-3,COD,festive,4,1,2,1,1,37,47,2025-12-14,10,True,0.512,True,66,98,High (65-100),High (65-100)
PO004755,2025-10-28,V03,Tirupur,False,0.85,knit,henley,142,Kolkata,Tier-1,Prepaid,festive,4,0,1,0,2,21,26,2025-11-23,5,False,0.22,False,42,36,Medium (35-65),Medium (35-65)
PO000098,2025-10-29,V03,Tirupur,False,0.85,knit,t-shirt,148,Kochi,Tier-2,COD,festive,1,1,1,0,2,22,27,2025-11-25,5,False,0.341,False,43,79,Medium (35-65),High (65-100)
PO000107,2025-10-29,V12,Bengaluru,True,0.78,knit,polo,243,Chandigarh,Tier-2,COD,festive,7,1,0,1,2,22,34,2025-12-02,12,True,0.49,False,79,99,High (65-100),High (65-100)
PO000832,2025-10-29,V11,Tirupur,True,0.75,knit,sweatshirt,296,Mumbai,Tier-1,Prepaid,festive,2,1,4,4,2,21,43,2025-12-11,22,True,0.436,True,88,81,High (65-100),High (65-100)
PO001370,2025-10-29,V01,Tirupur,False,0.92,knit,hoodie,215,Ahmedabad,Tier-2,COD,festive,2,4,3,3,2,22,34,2025-12-02,12,True,0.49,True,48,85,Medium (35-65),High (65-100)
PO001596,2025-10-29,V01,Tirupur,False,0.92,knit,hoodie,198,Kolkata,Tier-1,COD,festive,4,1,10,2,1,21,30,2025-11-28,9,True,0.49,False,49,78,Medium (35-65),High (65-100)
PO001770,2025-10-29,V04,Tirupur,False,0.9,knit,sweatshirt,88,Delhi,Tier-1,COD,festive,1,1,1,1,2,21,29,2025-11-27,8,True,0.426,False,38,64,Medium (35-65),Medium (35-65)
PO002318,2025-10-29,V08,Ludhiana,False,0.84,woven,chinos,149,Tiruchirappalli,Tier-3,COD,festive,10,6,4,4,1,37,49,2025-12-17,12,True,0.706,True,80,100,High (65-100),High (65-100)
PO002386,2025-10-29,V07,Ludhiana,False,0.87,knit,polo,280,Bengaluru,Tier-1,COD,festive,1,1,1,5,1,21,26,2025-11-24,5,False,0.409,False,27,75,Low (0-35),High (65-100)
PO002629,2025-10-29,V11,Tirupur,True,0.75,knit,sweatshirt,217,Jodhpur,Tier-3,COD,festive,3,0,3,2,3,24,33,2025-12-01,9,True,0.798,True,100,100,High (65-100),High (65-100)
PO002950,2025-10-29,V04,Tirupur,False,0.9,knit,henley,167,Raipur,Tier-3,COD,festive,5,1,1,1,2,24,31,2025-11-29,7,True,0.512,True,54,86,Medium (35-65),High (65-100)
PO003007,2025-10-29,V06,Bengaluru,False,0.89,knit,polo,178,Bengaluru,Tier-1,COD,festive,1,3,4,1,1,21,29,2025-11-27,8,True,0.49,False,33,67,Low (0-35),High (65-100)
PO003713,2025-10-29,V02,Tirupur,False,0.88,woven,chinos,183,Pune,Tier-2,Prepaid,festive,15,1,7,3,3,35,49,2025-12-17,14,True,0.373,True,70,71,High (65-100),High (65-100)
PO003962,2025-10-29,V06,Bengaluru,False,0.89,knit,henley,365,Mumbai,Tier-1,COD,festive,1,3,4,2,2,21,24,2025-11-22,3,False,0.392,False,41,75,Medium (35-65),High (65-100)
PO004092,2025-10-29,V01,Tirupur,False,0.92,woven,shirt,72,Indore,Tier-2,COD,festive,2,2,2,2,1,35,42,2025-12-10,7,True,0.426,False,55,84,Medium (35-65),High (65-100)
PO004102,2025-10-29,V05,Bengaluru,False,0.93,knit,hoodie,286,Dehradun,Tier-3,Prepaid,festive,2,0,0,1,2,24,27,2025-11-25,3,False,0.264,False,36,39,Medium (35-65),Medium (35-65)
PO004224,2025-10-29,V02,Tirupur,False,0.88,woven,chinos,148,Bengaluru,Tier-1,Prepaid,festive,1,1,2,1,2,34,45,2025-12-13,11,True,0.275,False,48,41,Medium (35-65),Medium (35-65)
PO004333,2025-10-29,V01,Tirupur,False,0.92,knit,t-shirt,94,Mumbai,Tier-1,COD,festive,0,1,2,1,2,21,30,2025-11-28,9,True,0.426,False,38,64,Medium (35-65),Medium (35-65)
PO004887,2025-10-29,V05,Bengaluru,False,0.93,woven,denim-jacket,322,Raipur,Tier-3,COD,festive,0,4,10,1,1,37,40,2025-12-08,3,False,0.471,True,55,94,Medium (35-65),High (65-100)
PO000022,2025-10-30,V01,Tirupur,False,0.92,knit,t-shirt,50,Patna,Tier-3,COD,festive,1,6,6,0,1,24,37,2025-12-06,13,True,0.588,False,61,99,Medium (35-65),High (65-100)
PO000311,2025-10-30,V05,Bengaluru,False,0.93,knit,t-shirt,107,Coimbatore,Tier-2,COD,festive,3,5,1,5,2,22,35,2025-12-04,13,True,0.511,False,50,90,Medium (35-65),High (65-100)
PO000759,2025-10-30,V01,Tirupur,False,0.92,knit,t-shirt,245,Pune,Tier-2,COD,festive,4,1,1,2,1,22,29,2025-11-28,7,True,0.426,False,49,79,Medium (35-65),High (65-100)
PO001695,2025-10-30,V07,Ludhiana,False,0.87,knit,henley,90,Delhi,Tier-1,Prepaid,festive,2,2,9,0,2,21,25,2025-11-24,4,False,0.253,False,27,31,Low (0-35),Low (0-35)
PO002217,2025-10-30,V05,Bengaluru,False,0.93,knit,t-shirt,257,Patna,Tier-3,COD,festive,3,1,4,0,1,24,35,2025-12-04,11,True,0.588,False,49,89,Medium (35-65),High (65-100)
PO002541,2025-10-30,V06,Bengaluru,False,0.89,woven,denim-jacket,136,Surat,Tier-2,COD,festive,0,4,3,1,2,35,46,2025-12-15,11,True,0.49,False,50,87,Medium (35-65),High (65-100)
PO002733,2025-10-30,V01,Tirupur,False,0.92,knit,henley,249,Ranchi,Tier-3,COD,festive,3,4,4,0,3,24,30,2025-11-29,6,True,0.694,True,65,100,Medium (35-65),High (65-100)
PO003016,2025-10-30,V01,Tirupur,False,0.92,knit,t-shirt,158,Chennai,Tier-1,COD,festive,2,0,3,1,2,21,29,2025-11-28,8,True,0.49,False,43,78,Medium (35-65),High (65-100)
PO003327,2025-10-30,V06,Bengaluru,False,0.89,knit,t-shirt,156,Coimbatore,Tier-2,Prepaid,festive,4,2,7,0,1,22,29,2025-11-28,7,True,0.316,False,42,46,Medium (35-65),Medium (35-65)
PO003333,2025-10-30,V02,Tirupur,False,0.88,knit,t-shirt,108,Mumbai,Tier-1,Prepaid,festive,11,1,4,0,3,21,28,2025-11-27,7,True,0.373,True,53,52,Medium (35-65),Medium (35-65)
PO003378,2025-10-30,V03,Tirupur,False,0.85,knit,t-shirt,211,Nagpur,Tier-3,COD,festive,1,2,2,3,1,24,33,2025-12-02,9,True,0.512,True,48,86,Medium (35-65),High (65-100)
PO003474,2025-10-30,V01,Tirupur,False,0.92,knit,henley,140,Hyderabad,Tier-1,COD,festive,1,3,2,0,1,21,28,2025-11-27,7,True,0.426,False,38,64,Medium (35-65),Medium (35-65)
PO003581,2025-10-30,V01,Tirupur,False,0.92,woven,shirt,202,Vadodara,Tier-2,Prepaid,festive,6,1,3,2,1,35,40,2025-12-09,5,False,0.253,False,64,61,Medium (35-65),Medium (35-65)
PO004592,2025-10-30,V10,Delhi NCR,False,0.82,knit,hoodie,227,Raipur,Tier-3,Prepaid,festive,4,3,1,5,2,24,31,2025-11-30,7,True,0.396,True,53,67,Medium (35-65),High (65-100)
PO004727,2025-10-30,V01,Tirupur,False,0.92,knit,t-shirt,220,Mumbai,Tier-1,Prepaid,festive,12,0,4,2,1,21,27,2025-11-26,6,True,0.316,True,47,42,Medium (35-65),Medium (35-65)
PO000263,2025-10-31,V05,Bengaluru,False,0.93,knit,t-shirt,232,Mumbai,Tier-1,COD,festive,3,1,1,2,1,21,25,2025-11-25,4,False,0.341,True,34,61,Low (0-35),Medium (35-65)
PO000308,2025-10-31,V09,Delhi NCR,False,0.86,woven,trouser,253,Indore,Tier-2,COD,festive,9,7,4,2,2,35,43,2025-12-13,8,True,0.49,False,60,94,Medium (35-65),High (65-100)
PO000448,2025-10-31,V01,Tirupur,False,0.92,knit,t-shirt,209,Mumbai,Tier-1,COD,festive,2,2,4,0,1,21,23,2025-11-23,2,False,0.392,True,43,78,Medium (35-65),High (65-100)
PO000714,2025-10-31,V07,Ludhiana,False,0.87,woven,overshirt,221,Mysuru,Tier-3,Prepaid,festive,3,1,2,0,2,37,47,2025-12-17,10,True,0.33,False,50,52,Medium (35-65),Medium (35-65)
PO000752,2025-10-31,V02,Tirupur,False,0.88,knit,hoodie,215,Mumbai,Tier-1,COD,festive,9,2,6,1,1,21,31,2025-12-01,10,True,0.49,True,49,78,Medium (35-65),High (65-100)
PO000980,2025-10-31,V01,Tirupur,False,0.92,knit,polo,254,Guwahati,Tier-3,Prepaid,festive,3,1,2,3,1,24,27,2025-11-27,3,False,0.264,True,52,50,Medium (35-65),Medium (35-65)
PO001851,2025-10-31,V07,Ludhiana,False,0.87,knit,t-shirt,199,Patna,Tier-3,COD,festive,9,1,1,1,1,24,29,2025-11-29,5,False,0.409,False,40,83,Medium (35-65),High (65-100)
PO002033,2025-10-31,V01,Tirupur,False,0.92,knit,hoodie,212,Hyderabad,Tier-1,Prepaid,festive,8,2,3,1,1,21,27,2025-11-27,6,True,0.316,True,47,42,Medium (35-65),Medium (35-65)
PO002282,2025-10-31,V02,Tirupur,False,0.88,knit,t-shirt,211,Delhi,Tier-1,COD,festive,1,1,1,1,2,21,30,2025-11-30,9,True,0.426,False,38,64,Medium (35-65),Medium (35-65)
PO002620,2025-10-31,V05,Bengaluru,False,0.93,knit,henley,198,Patna,Tier-3,COD,festive,12,7,1,0,1,24,31,2025-12-01,7,True,0.512,False,52,83,Medium (35-65),High (65-100)
PO003152,2025-10-31,V01,Tirupur,False,0.92,knit,henley,117,Mumbai,Tier-1,Prepaid,festive,1,2,3,3,1,21,27,2025-11-27,6,True,0.316,True,41,42,Medium (35-65),Medium (35-65)
PO003385,2025-10-31,V01,Tirupur,False,0.92,knit,henley,209,Jaipur,Tier-2,COD,festive,15,4,5,2,3,22,33,2025-12-03,11,True,0.578,True,60,100,Medium (35-65),High (65-100)
PO003481,2025-10-31,V07,Ludhiana,False,0.87,woven,chinos,198,Madurai,Tier-3,Prepaid,festive,5,4,3,2,1,37,36,2025-12-06,-1,False,0.304,False,55,58,Medium (35-65),Medium (35-65)
PO003694,2025-10-31,V02,Tirupur,False,0.88,knit,henley,286,Chennai,Tier-1,COD,festive,3,0,2,1,3,21,32,2025-12-02,11,True,0.503,False,50,82,Medium (35-65),High (65-100)
PO003846,2025-10-31,V02,Tirupur,False,0.88,woven,shirt,135,Hyderabad,Tier-1,COD,festive,1,6,4,3,1,34,51,2025-12-21,17,True,0.49,True,63,90,Medium (35-65),High (65-100)
PO003879,2025-10-31,V02,Tirupur,False,0.88,knit,sweatshirt,161,Indore,Tier-2,COD,festive,2,9,2,3,2,22,33,2025-12-03,11,True,0.426,False,51,79,Medium (35-65),High (65-100)
PO003950,2025-10-31,V09,Delhi NCR,False,0.86,woven,trouser,373,Vijayawada,Tier-3,COD,festive,15,5,1,2,1,37,45,2025-12-15,8,True,0.512,True,68,95,High (65-100),High (65-100)
PO003954,2025-10-31,V01,Tirupur,False,0.92,knit,t-shirt,93,Kochi,Tier-2,COD,festive,13,1,1,1,1,22,32,2025-12-02,10,True,0.426,True,49,79,Medium (35-65),High (65-100)
PO004640,2025-10-31,V04,Tirupur,False,0.9,knit,henley,178,Delhi,Tier-1,COD,festive,2,3,2,0,2,21,32,2025-12-02,11,True,0.426,False,38,64,Medium (35-65),Medium (35-65)
PO000175,2025-11-01,V01,Tirupur,False,0.92,knit,henley,217,Guwahati,Tier-3,Prepaid,festive,2,0,10,3,1,24,32,2025-12-03,8,True,0.38,True,51,56,Medium (35-65),Medium (35-65)
PO001750,2025-11-01,V05,Bengaluru,False,0.93,knit,polo,218,Indore,Tier-2,Prepaid,festive,1,3,0,2,1,22,30,2025-12-01,8,True,0.275,False,31,32,Low (0-35),Low (0-35)
PO001950,2025-11-01,V01,Tirupur,False,0.92,knit,polo,52,Indore,Tier-2,COD,festive,3,1,1,3,3,22,24,2025-11-25,2,False,0.402,False,55,89,Medium (35-65),High (65-100)
PO002301,2025-11-01,V02,Tirupur,False,0.88,woven,shirt,174,Kochi,Tier-2,Prepaid,festive,1,8,1,1,2,35,47,2025-12-18,12,True,0.275,True,61,55,Medium (35-65),Medium (35-65)
PO002647,2025-11-01,V01,Tirupur,False,0.92,knit,t-shirt,227,Bengaluru,Tier-1,COD,festive,3,1,2,2,2,21,28,2025-11-29,7,True,0.426,False,44,72,Medium (35-65),High (65-100)
PO002745,2025-11-01,V07,Ludhiana,False,0.87,knit,polo,275,Lucknow,Tier-2,COD,festive,2,1,1,1,1,22,24,2025-11-25,2,False,0.341,False,29,68,Low (0-35),High (65-100)
PO002872,2025-11-01,V01,Tirupur,False,0.92,knit,henley,261,Vadodara,Tier-2,Prepaid,festive,2,1,2,1,1,22,31,2025-12-02,9,True,0.275,False,41,43,Medium (35-65),Medium (35-65)
PO003002,2025-11-01,V05,Bengaluru,False,0.93,knit,henley,170,Nagpur,Tier-3,Prepaid,festive,1,5,7,1,3,24,28,2025-11-29,4,False,0.358,True,55,63,Medium (35-65),Medium (35-65)
PO003272,2025-11-01,V05,Bengaluru,False,0.93,knit,henley,243,Hyderabad,Tier-1,COD,festive,4,0,4,2,1,21,25,2025-11-26,4,False,0.392,False,39,67,Medium (35-65),High (65-100)
PO003395,2025-11-01,V01,Tirupur,False,0.92,knit,t-shirt,228,Lucknow,Tier-2,COD,festive,3,6,2,4,1,22,31,2025-12-02,9,True,0.511,True,60,100,Medium (35-65),High (65-100)
PO003936,2025-11-01,V01,Tirupur,False,0.92,knit,hoodie,126,Kolkata,Tier-1,COD,festive,2,1,2,2,2,21,26,2025-11-27,5,False,0.341,False,38,64,Medium (35-65),Medium (35-65)
PO004044,2025-11-01,V05,Bengaluru,False,0.93,knit,henley,237,Hyderabad,Tier-1,Prepaid,festive,2,0,2,6,1,21,24,2025-11-25,3,False,0.264,False,29,39,Low (0-35),Medium (35-65)
PO000388,2025-11-02,V01,Tirupur,False,0.92,knit,hoodie,281,Mysuru,Tier-3,Prepaid,festive,2,2,1,3,2,24,33,2025-12-05,9,True,0.33,False,46,50,Medium (35-65),Medium (35-65)
PO000863,2025-11-02,V01,Tirupur,False,0.92,woven,trouser,105,Bhubaneswar,Tier-3,COD,festive,10,7,8,1,1,37,56,2025-12-28,19,True,0.588,True,79,100,High (65-100),High (65-100)
PO000883,2025-11-02,V01,Tirupur,False,0.92,knit,polo,240,Raipur,Tier-3,COD,festive,6,0,1,0,2,24,35,2025-12-07,11,True,0.512,False,54,86,Medium (35-65),High (65-100)
PO000978,2025-11-02,V03,Tirupur,False,0.85,knit,sweatshirt,71,Kochi,Tier-2,Prepaid,festive,4,0,6,2,2,22,34,2025-12-06,12,True,0.316,False,52,49,Medium (35-65),Medium (35-65)
PO001498,2025-11-02,V06,Bengaluru,False,0.89,knit,henley,268,Guwahati,Tier-3,COD,festive,3,2,4,2,1,24,28,2025-11-30,4,False,0.471,False,49,89,Medium (35-65),High (65-100)
PO001624,2025-11-02,V04,Tirupur,False,0.9,knit,polo,196,Chennai,Tier-1,Prepaid,festive,1,3,3,1,1,21,29,2025-12-01,8,True,0.316,False,41,42,Medium (35-65),Medium (35-65)
PO001649,2025-11-02,V03,Tirupur,False,0.85,knit,sweatshirt,154,Kolkata,Tier-1,COD,festive,2,1,3,0,2,21,31,2025-12-03,10,True,0.49,False,43,78,Medium (35-65),High (65-100)
PO001979,2025-11-02,V01,Tirupur,False,0.92,knit,hoodie,356,Chennai,Tier-1,COD,festive,8,2,10,0,1,21,28,2025-11-30,7,True,0.49,True,57,78,Medium (35-65),High (65-100)
PO002951,2025-11-02,V02,Tirupur,False,0.88,knit,sweatshirt,183,Patna,Tier-3,COD,festive,1,1,1,2,1,24,28,2025-11-30,4,False,0.409,True,48,86,Medium (35-65),High (65-100)
PO003107,2025-11-02,V01,Tirupur,False,0.92,woven,overshirt,345,Kolkata,Tier-1,Prepaid,festive,15,2,2,1,1,34,45,2025-12-17,11,True,0.275,True,54,41,Medium (35-65),Medium (35-65)
PO003143,2025-11-02,V01,Tirupur,False,0.92,knit,sweatshirt,106,Coimbatore,Tier-2,COD,festive,5,3,3,3,1,22,33,2025-12-05,11,True,0.49,False,54,85,Medium (35-65),High (65-100)
PO003314,2025-11-02,V01,Tirupur,False,0.92,woven,trouser,161,Bengaluru,Tier-1,Prepaid,festive,1,2,3,3,1,34,41,2025-12-13,7,True,0.316,False,53,47,Medium (35-65),Medium (35-65)
PO003471,2025-11-02,V01,Tirupur,False,0.92,woven,shirt,50,Madurai,Tier-3,COD,festive,3,1,4,0,1,37,48,2025-12-20,11,True,0.588,True,71,100,High (65-100),High (65-100)
PO003612,2025-11-02,V03,Tirupur,False,0.85,knit,t-shirt,213,Delhi,Tier-1,COD,festive,3,4,1,1,1,21,26,2025-11-28,5,False,0.341,False,44,72,Medium (35-65),High (65-100)
PO004137,2025-11-02,V05,Bengaluru,False,0.93,knit,henley,168,Dehradun,Tier-3,COD,festive,4,7,3,3,1,24,36,2025-12-08,12,True,0.588,False,57,89,Medium (35-65),High (65-100)
PO004290,2025-11-02,V04,Tirupur,False,0.9,woven,denim-jacket,113,Surat,Tier-2,Prepaid,festive,1,0,2,0,2,35,50,2025-12-22,15,True,0.275,False,53,48,Medium (35-65),Medium (35-65)
PO004389,2025-11-02,V07,Ludhiana,False,0.87,woven,overshirt,277,Patna,Tier-3,Prepaid,festive,1,2,1,2,3,37,44,2025-12-16,7,True,0.389,False,50,62,Medium (35-65),Medium (35-65)
PO000005,2025-11-03,V06,Bengaluru,False,0.89,knit,henley,92,Chennai,Tier-1,COD,festive,1,0,2,1,3,21,26,2025-11-29,5,False,0.402,True,34,71,Low (0-35),High (65-100)
PO001167,2025-11-03,V02,Tirupur,False,0.88,knit,t-shirt,159,Tiruchirappalli,Tier-3,Prepaid,festive,3,3,3,2,1,24,28,2025-12-01,4,False,0.304,True,57,56,Medium (35-65),Medium (35-65)
PO001320,2025-11-03,V07,Ludhiana,False,0.87,woven,chinos,284,Chennai,Tier-1,COD,festive,15,6,2,7,1,34,47,2025-12-20,13,True,0.511,False,53,88,Medium (35-65),High (65-100)
PO001617,2025-11-03,V04,Tirupur,False,0.9,knit,henley,131,Mysuru,Tier-3,COD,festive,1,4,3,1,3,24,32,2025-12-05,8,True,0.694,True,59,100,Medium (35-65),High (65-100)
PO001628,2025-11-03,V11,Tirupur,True,0.75,knit,hoodie,244,Mumbai,Tier-1,Prepaid,festive,3,2,2,4,1,21,40,2025-12-13,19,True,0.379,False,95,75,High (65-100),High (65-100)
PO001774,2025-11-03,V01,Tirupur,False,0.92,knit,sweatshirt,121,Hyderabad,Tier-1,Prepaid,festive,15,3,10,4,3,21,35,2025-12-08,14,True,0.448,True,56,66,Medium (35-65),High (65-100)
PO001990,2025-11-03,V01,Tirupur,False,0.92,knit,henley,235,Ahmedabad,Tier-2,Prepaid,festive,4,1,2,0,1,22,25,2025-11-28,3,False,0.22,False,47,43,Medium (35-65),Medium (35-65)
PO002308,2025-11-03,V01,Tirupur,False,0.92,knit,sweatshirt,198,Coimbatore,Tier-2,Prepaid,festive,15,1,4,1,3,22,30,2025-12-03,8,True,0.373,False,58,59,Medium (35-65),Medium (35-65)
PO002852,2025-11-03,V05,Bengaluru,False,0.93,knit,polo,105,Guwahati,Tier-3,Prepaid,festive,1,2,4,0,2,24,28,2025-12-01,4,False,0.304,False,41,53,Medium (35-65),Medium (35-65)
PO003227,2025-11-03,V04,Tirupur,False,0.9,knit,sweatshirt,270,Chandigarh,Tier-2,Prepaid,festive,2,1,1,0,2,22,32,2025-12-05,10,True,0.275,False,41,43,Medium (35-65),Medium (35-65)
PO003274,2025-11-03,V01,Tirupur,False,0.92,knit,sweatshirt,168,Lucknow,Tier-2,COD,festive,1,2,10,0,1,22,30,2025-12-03,8,True,0.49,False,48,85,Medium (35-65),High (65-100)
PO003808,2025-11-03,V06,Bengaluru,False,0.89,knit,henley,162,Ranchi,Tier-3,Prepaid,festive,2,0,1,1,2,24,35,2025-12-08,11,True,0.33,True,36,39,Medium (35-65),Medium (35-65)
PO003979,2025-11-03,V07,Ludhiana,False,0.87,knit,t-shirt,286,Madurai,Tier-3,COD,festive,15,6,10,0,3,24,37,2025-12-10,13,True,0.694,True,59,99,Medium (35-65),High (65-100)
PO004361,2025-11-03,V07,Ludhiana,False,0.87,knit,henley,116,Hyderabad,Tier-1,Prepaid,festive,1,2,1,2,1,21,25,2025-11-28,4,False,0.22,True,22,25,Low (0-35),Low (0-35)
PO004422,2025-11-03,V11,Tirupur,True,0.75,knit,t-shirt,169,Chennai,Tier-1,Prepaid,festive,15,1,4,3,1,21,43,2025-12-16,22,True,0.364,False,97,67,High (65-100),High (65-100)
PO004615,2025-11-03,V05,Bengaluru,False,0.93,knit,sweatshirt,204,Kolkata,Tier-1,Prepaid,festive,2,1,2,1,1,21,23,2025-11-26,2,False,0.22,False,26,25,Low (0-35),Low (0-35)
PO004865,2025-11-03,V02,Tirupur,False,0.88,woven,overshirt,255,Mumbai,Tier-1,COD,festive,3,1,2,3,1,34,44,2025-12-17,10,True,0.426,True,56,77,Medium (35-65),High (65-100)
PO000141,2025-11-04,V01,Tirupur,False,0.92,knit,henley,137,Indore,Tier-2,COD,festive,2,0,2,1,3,22,30,2025-12-04,8,True,0.503,False,49,89,Medium (35-65),High (65-100)
PO001051,2025-11-04,V05,Bengaluru,False,0.93,knit,sweatshirt,206,Chennai,Tier-1,COD,festive,2,4,3,2,2,21,27,2025-12-01,6,True,0.49,True,33,67,Low (0-35),High (65-100)
PO001075,2025-11-04,V02,Tirupur,False,0.88,knit,t-shirt,342,Chandigarh,Tier-2,Prepaid,festive,2,1,6,2,1,22,31,2025-12-05,9,True,0.316,False,46,49,Medium (35-65),Medium (35-65)
PO001591,2025-11-04,V01,Tirupur,False,0.92,woven,chinos,310,Patna,Tier-3,COD,festive,2,9,2,0,2,37,47,2025-12-21,10,True,0.512,False,68,98,High (65-100),High (65-100)
PO001976,2025-11-04,V02,Tirupur,False,0.88,woven,shirt,73,Mumbai,Tier-1,Prepaid,festive,1,2,2,0,1,34,46,2025-12-20,12,True,0.275,False,48,41,Medium (35-65),Medium (35-65)
PO002124,2025-11-04,V01,Tirupur,False,0.92,woven,overshirt,361,Raipur,Tier-3,Prepaid,festive,2,4,3,1,2,37,52,2025-12-26,15,True,0.38,False,71,68,High (65-100),High (65-100)
PO002177,2025-11-04,V02,Tirupur,False,0.88,knit,hoodie,251,Chennai,Tier-1,Prepaid,festive,1,1,4,1,1,21,29,2025-12-03,8,True,0.316,False,41,42,Medium (35-65),Medium (35-65)
PO002511,2025-11-04,V07,Ludhiana,False,0.87,woven,overshirt,81,Bengaluru,Tier-1,Prepaid,festive,1,1,5,3,2,34,38,2025-12-12,4,False,0.253,False,39,36,Medium (35-65),Medium (35-65)
PO003296,2025-11-04,V08,Ludhiana,False,0.84,knit,t-shirt,267,Chennai,Tier-1,Prepaid,festive,3,2,2,5,3,21,34,2025-12-08,13,True,0.389,False,49,63,Medium (35-65),Medium (35-65)
PO004068,2025-11-04,V01,Tirupur,False,0.92,knit,hoodie,141,Jodhpur,Tier-3,COD,festive,2,0,0,2,1,24,31,2025-12-05,7,True,0.512,False,48,86,Medium (35-65),High (65-100)
PO004165,2025-11-04,V05,Bengaluru,False,0.93,knit,t-shirt,138,Chennai,Tier-1,COD,festive,1,1,3,1,1,21,28,2025-12-02,7,True,0.49,True,33,67,Low (0-35),High (65-100)
PO004799,2025-11-04,V01,Tirupur,False,0.92,woven,denim-jacket,203,Mumbai,Tier-1,COD,festive,1,3,2,0,2,34,49,2025-12-23,15,True,0.426,True,50,77,Medium (35-65),High (65-100)
PO004820,2025-11-04,V04,Tirupur,False,0.9,knit,hoodie,167,Chandigarh,Tier-2,Prepaid,festive,0,13,3,2,1,22,31,2025-12-05,9,True,0.316,False,54,49,Medium (35-65),Medium (35-65)
PO004943,2025-11-04,V06,Bengaluru,False,0.89,knit,hoodie,212,Vadodara,Tier-2,Prepaid,festive,0,2,2,1,1,22,28,2025-12-02,6,True,0.275,False,31,32,Low (0-35),Low (0-35)
PO000149,2025-11-05,V03,Tirupur,False,0.85,knit,hoodie,219,Bengaluru,Tier-1,Prepaid,festive,5,0,1,1,1,21,34,2025-12-09,13,True,0.275,False,42,36,Medium (35-65),Medium (35-65)
PO000559,2025-11-05,V02,Tirupur,False,0.88,knit,polo,194,Indore,Tier-2,COD,festive,2,2,2,1,1,22,28,2025-12-03,6,True,0.426,True,43,79,Medium (35-65),High (65-100)
PO000810,2025-11-05,V05,Bengaluru,False,0.93,knit,henley,194,Jodhpur,Tier-3,COD,festive,2,4,2,1,3,24,29,2025-12-04,5,False,0.483,True,44,93,Medium (35-65),High (65-100)
PO001263,2025-11-05,V06,Bengaluru,False,0.89,knit,polo,118,Nagpur,Tier-3,COD,festive,3,2,2,2,1,24,31,2025-12-06,7,True,0.512,True,44,83,Medium (35-65),High (65-100)
PO001586,2025-11-05,V10,Delhi NCR,False,0.82,woven,overshirt,50,Chennai,Tier-1,Prepaid,festive,8,3,2,2,1,34,43,2025-12-18,9,True,0.275,False,52,44,Medium (35-65),Medium (35-65)
PO001673,2025-11-05,V04,Tirupur,False,0.9,woven,shirt,316,Bhubaneswar,Tier-3,COD,festive,5,6,1,0,1,37,50,2025-12-25,13,True,0.512,False,74,98,High (65-100),High (65-100)
PO001869,2025-11-05,V05,Bengaluru,False,0.93,woven,shirt,105,Vadodara,Tier-2,COD,festive,3,3,1,2,1,35,43,2025-12-18,8,True,0.426,False,51,81,Medium (35-65),High (65-100)
PO002040,2025-11-05,V05,Bengaluru,False,0.93,knit,henley,324,Kochi,Tier-2,COD,festive,12,1,3,1,1,22,30,2025-12-05,8,True,0.49,False,44,82,Medium (35-65),High (65-100)
PO002443,2025-11-05,V05,Bengaluru,False,0.93,knit,polo,225,Lucknow,Tier-2,COD,festive,1,1,1,1,3,22,29,2025-12-04,7,True,0.503,False,39,78,Medium (35-65),High (65-100)
PO003254,2025-11-05,V06,Bengaluru,False,0.89,knit,hoodie,315,Ranchi,Tier-3,Prepaid,festive,1,1,0,3,1,24,32,2025-12-07,8,True,0.33,False,36,39,Medium (35-65),Medium (35-65)
PO003306,2025-11-05,V03,Tirupur,False,0.85,knit,henley,317,Bengaluru,Tier-1,COD,festive,2,1,9,1,2,21,34,2025-12-09,13,True,0.49,False,43,78,Medium (35-65),High (65-100)
PO004269,2025-11-05,V02,Tirupur,False,0.88,knit,sweatshirt,269,Kolkata,Tier-1,COD,festive,1,1,2,0,2,21,27,2025-12-02,6,True,0.426,False,38,64,Medium (35-65),Medium (35-65)
PO004665,2025-11-05,V10,Delhi NCR,False,0.82,woven,denim-jacket,251,Coimbatore,Tier-2,Prepaid,festive,1,5,5,1,2,35,40,2025-12-15,5,False,0.253,False,64,64,Medium (35-65),Medium (35-65)
PO000226,2025-11-06,V07,Ludhiana,False,0.87,knit,henley,254,Jodhpur,Tier-3,COD,festive,12,1,3,0,1,24,33,2025-12-09,9,True,0.588,True,45,89,Medium (35-65),High (65-100)
PO000316,2025-11-06,V01,Tirupur,False,0.92,knit,sweatshirt,141,Delhi,Tier-1,COD,festive,15,6,2,1,3,21,30,2025-12-06,9,True,0.503,False,58,82,Medium (35-65),High (65-100)
PO000516,2025-11-06,V01,Tirupur,False,0.92,knit,sweatshirt,232,Hyderabad,Tier-1,Prepaid,festive,1,2,0,0,2,21,28,2025-12-04,7,True,0.275,False,36,28,Medium (35-65),Low (0-35)
PO000666,2025-11-06,V02,Tirupur,False,0.88,knit,hoodie,179,Lucknow,Tier-2,COD,festive,1,4,1,3,2,22,34,2025-12-10,12,True,0.426,True,43,79,Medium (35-65),High (65-100)
PO000784,2025-11-06,V01,Tirupur,False,0.92,knit,hoodie,183,Kolkata,Tier-1,COD,festive,2,1,1,3,1,21,29,2025-12-05,8,True,0.426,False,38,64,Medium (35-65),Medium (35-65)
PO000828,2025-11-06,V02,Tirupur,False,0.88,woven,chinos,163,Hyderabad,Tier-1,COD,festive,2,4,1,3,2,34,45,2025-12-21,11,True,0.426,False,50,77,Medium (35-65),High (65-100)
PO001433,2025-11-06,V08,Ludhiana,False,0.84,knit,polo,263,Jaipur,Tier-2,Prepaid,festive,1,1,4,0,1,22,29,2025-12-05,7,True,0.316,False,44,52,Medium (35-65),Medium (35-65)
PO001740,2025-11-06,V08,Ludhiana,False,0.84,knit,henley,188,Mumbai,Tier-1,Prepaid,festive,1,0,3,2,3,21,26,2025-12-02,5,False,0.299,False,45,55,Medium (35-65),Medium (35-65)
PO001842,2025-11-06,V10,Delhi NCR,False,0.82,knit,hoodie,80,Surat,Tier-2,Prepaid,festive,1,1,10,5,2,22,26,2025-12-02,4,False,0.304,False,47,66,Medium (35-65),High (65-100)
PO002155,2025-11-06,V08,Ludhiana,False,0.84,woven,chinos,201,Jaipur,Tier-2,Prepaid,festive,2,2,1,6,1,35,40,2025-12-16,5,False,0.264,False,54,65,Medium (35-65),Medium (35-65)
PO002280,2025-11-06,V01,Tirupur,False,0.92,woven,chinos,286,Ranchi,Tier-3,COD,festive,1,1,1,1,1,37,41,2025-12-17,4,False,0.409,False,60,98,Medium (35-65),High (65-100)
PO002489,2025-11-06,V05,Bengaluru,False,0.93,knit,hoodie,272,Jaipur,Tier-2,COD,festive,1,0,1,0,2,22,23,2025-11-29,1,False,0.341,False,33,68,Low (0-35),High (65-100)
PO002642,2025-11-06,V02,Tirupur,False,0.88,knit,t-shirt,181,Bengaluru,Tier-1,COD,festive,6,1,1,2,1,21,28,2025-12-04,7,True,0.426,True,44,72,Medium (35-65),High (65-100)
PO002715,2025-11-06,V01,Tirupur,False,0.92,knit,henley,240,Bengaluru,Tier-1,Prepaid,festive,4,5,3,1,1,21,29,2025-12-05,8,True,0.316,False,55,42,Medium (35-65),Medium (35-65)
PO002995,2025-11-06,V04,Tirupur,False,0.9,knit,t-shirt,170,Indore,Tier-2,Prepaid,festive,2,2,1,4,2,22,28,2025-12-04,6,True,0.33,False,44,57,Medium (35-65),Medium (35-65)
PO003493,2025-11-06,V09,Delhi NCR,False,0.86,woven,overshirt,208,Chennai,Tier-1,Prepaid,festive,2,1,2,2,2,34,42,2025-12-18,8,True,0.275,False,34,30,Low (0-35),Low (0-35)
PO003556,2025-11-06,V08,Ludhiana,False,0.84,woven,overshirt,218,Dehradun,Tier-3,COD,festive,1,3,3,0,2,37,49,2025-12-25,12,True,0.588,False,63,100,Medium (35-65),High (65-100)
PO003765,2025-11-06,V02,Tirupur,False,0.88,knit,hoodie,347,Hyderabad,Tier-1,COD,festive,14,0,2,1,1,21,35,2025-12-11,14,True,0.426,True,44,72,Medium (35-65),High (65-100)
PO003927,2025-11-06,V02,Tirupur,False,0.88,woven,denim-jacket,140,Mysuru,Tier-3,Prepaid,festive,2,4,1,2,1,37,54,2025-12-30,17,True,0.33,False,58,55,Medium (35-65),Medium (35-65)
PO003944,2025-11-06,V03,Tirupur,False,0.85,knit,sweatshirt,250,Patna,Tier-3,Prepaid,festive,10,2,3,3,1,24,37,2025-12-13,13,True,0.38,False,57,56,Medium (35-65),Medium (35-65)
PO004141,2025-11-06,V01,Tirupur,False,0.92,knit,sweatshirt,130,Nagpur,Tier-3,Prepaid,festive,9,2,2,1,1,24,35,2025-12-11,11,True,0.33,False,52,50,Medium (35-65),Medium (35-65)
PO004223,2025-11-06,V03,Tirupur,False,0.85,woven,shirt,83,Delhi,Tier-1,Prepaid,festive,3,8,1,3,1,34,42,2025-12-18,8,True,0.275,False,62,48,Medium (35-65),Medium (35-65)
PO004830,2025-11-06,V01,Tirupur,False,0.92,knit,sweatshirt,250,Jaipur,Tier-2,COD,festive,3,0,3,0,1,22,30,2025-12-06,8,True,0.49,True,54,85,Medium (35-65),High (65-100)
PO004978,2025-11-06,V08,Ludhiana,False,0.84,knit,t-shirt,329,Bengaluru,Tier-1,Prepaid,festive,3,6,5,3,1,21,29,2025-12-05,8,True,0.316,False,53,45,Medium (35-65),Medium (35-65)
PO000033,2025-11-07,V02,Tirupur,False,0.88,knit,henley,209,Bengaluru,Tier-1,COD,festive,4,2,1,1,1,21,33,2025-12-10,12,True,0.426,False,44,72,Medium (35-65),High (65-100)
PO000410,2025-11-07,V01,Tirupur,False,0.92,knit,polo,248,Guwahati,Tier-3,Prepaid,festive,6,7,3,1,2,24,38,2025-12-15,14,True,0.38,False,65,63,Medium (35-65),Medium (35-65)
PO000597,2025-11-07,V02,Tirupur,False,0.88,knit,henley,181,Mysuru,Tier-3,COD,festive,9,1,7,0,1,24,34,2025-12-11,10,True,0.588,True,59,92,Medium (35-65),High (65-100)
PO000748,2025-11-07,V07,Ludhiana,False,0.87,woven,denim-jacket,209,Kolkata,Tier-1,Prepaid,festive,6,1,2,3,1,34,38,2025-12-15,4,False,0.22,False,40,38,Medium (35-65),Medium (35-65)
PO000867,2025-11-07,V08,Ludhiana,False,0.84,woven,overshirt,214,Chennai,Tier-1,COD,festive,1,1,1,1,3,34,42,2025-12-19,8,True,0.503,True,54,90,Medium (35-65),High (65-100)
PO001140,2025-11-07,V04,Tirupur,False,0.9,knit,hoodie,140,Vijayawada,Tier-3,Prepaid,festive,4,1,1,2,3,24,32,2025-12-09,8,True,0.389,True,58,60,Medium (35-65),Medium (35-65)
PO001276,2025-11-07,V04,Tirupur,False,0.9,knit,t-shirt,162,Kolkata,Tier-1,COD,festive,3,2,0,3,1,21,31,2025-12-08,10,True,0.426,True,44,72,Medium (35-65),High (65-100)
PO001630,2025-11-07,V01,Tirupur,False,0.92,knit,hoodie,236,Kolkata,Tier-1,Prepaid,festive,3,1,3,0,1,21,33,2025-12-10,12,True,0.316,False,47,42,Medium (35-65),Medium (35-65)
PO001883,2025-11-07,V10,Delhi NCR,False,0.82,woven,shirt,214,Bengaluru,Tier-1,COD,festive,4,1,1,3,3,34,49,2025-12-26,15,True,0.503,False,60,97,Medium (35-65),High (65-100)
PO001954,2025-11-07,V06,Bengaluru,False,0.89,knit,henley,256,Jodhpur,Tier-3,COD,festive,1,3,2,0,3,24,27,2025-12-04,3,False,0.483,True,44,93,Medium (35-65),High (65-100)
PO002201,2025-11-07,V05,Bengaluru,False,0.93,knit,t-shirt,149,Kolkata,Tier-1,Prepaid,festive,3,2,3,1,3,21,25,2025-12-02,4,False,0.299,False,43,49,Medium (35-65),Medium (35-65)
PO002572,2025-11-07,V05,Bengaluru,False,0.93,knit,hoodie,177,Chennai,Tier-1,COD,festive,6,1,2,0,2,21,24,2025-12-01,3,False,0.341,False,34,61,Low (0-35),Medium (35-65)
PO002799,2025-11-07,V07,Ludhiana,False,0.87,knit,t-shirt,93,Chandigarh,Tier-2,COD,festive,0,0,2,2,2,22,33,2025-12-10,11,True,0.426,True,29,68,Low (0-35),High (65-100)
PO002809,2025-11-07,V03,Tirupur,False,0.85,knit,t-shirt,160,Patna,Tier-3,Prepaid,festive,4,1,3,0,1,24,33,2025-12-10,9,True,0.38,False,57,56,Medium (35-65),Medium (35-65)
PO003294,2025-11-07,V01,Tirupur,False,0.92,knit,t-shirt,252,Lucknow,Tier-2,COD,festive,1,1,1,2,2,22,35,2025-12-12,13,True,0.426,False,43,79,Medium (35-65),High (65-100)
PO003350,2025-11-07,V01,Tirupur,False,0.92,knit,t-shirt,259,Coimbatore,Tier-2,COD,festive,4,1,5,2,1,22,34,2025-12-11,12,True,0.49,False,54,85,Medium (35-65),High (65-100)
PO003553,2025-11-07,V02,Tirupur,False,0.88,knit,t-shirt,155,Delhi,Tier-1,COD,festive,1,1,4,2,2,21,26,2025-12-03,5,False,0.392,False,43,78,Medium (35-65),High (65-100)
PO003998,2025-11-07,V03,Tirupur,False,0.85,woven,overshirt,274,Bengaluru,Tier-1,Prepaid,festive,2,4,3,2,1,34,41,2025-12-18,7,True,0.316,True,53,47,Medium (35-65),Medium (35-65)
PO004107,2025-11-07,V07,Ludhiana,False,0.87,knit,henley,253,Ahmedabad,Tier-2,Prepaid,festive,1,1,1,3,2,22,29,2025-12-06,7,True,0.275,False,27,32,Low (0-35),Low (0-35)
PO004601,2025-11-07,V06,Bengaluru,False,0.89,knit,sweatshirt,110,Dehradun,Tier-3,COD,festive,5,0,1,0,1,24,30,2025-12-07,6,True,0.512,False,44,83,Medium (35-65),High (65-100)
PO004829,2025-11-07,V02,Tirupur,False,0.88,knit,hoodie,209,Bengaluru,Tier-1,COD,festive,5,1,6,2,2,21,33,2025-12-10,12,True,0.49,True,49,78,Medium (35-65),High (65-100)
PO004850,2025-11-07,V06,Bengaluru,False,0.89,knit,t-shirt,226,Dehradun,Tier-3,COD,festive,1,0,7,0,1,24,27,2025-12-04,3,False,0.471,True,43,89,Medium (35-65),High (65-100)
PO004920,2025-11-07,V05,Bengaluru,False,0.93,knit,polo,258,Dehradun,Tier-3,COD,festive,3,0,3,2,1,24,26,2025-12-03,2,False,0.471,True,49,89,Medium (35-65),High (65-100)
PO004967,2025-11-07,V05,Bengaluru,False,0.93,woven,trouser,61,Chennai,Tier-1,COD,festive,3,2,4,2,2,34,39,2025-12-16,5,False,0.392,True,51,80,Medium (35-65),High (65-100)
PO000050,2025-11-08,V03,Tirupur,False,0.85,knit,hoodie,395,Kochi,Tier-2,COD,festive,3,1,3,3,2,22,31,2025-12-09,9,True,0.49,False,62,92,Medium (35-65),High (65-100)
PO000450,2025-11-08,V04,Tirupur,False,0.9,knit,t-shirt,75,Vadodara,Tier-2,COD,festive,15,1,2,0,1,22,28,2025-12-06,6,True,0.426,True,49,79,Medium (35-65),High (65-100)
PO000626,2025-11-08,V12,Bengaluru,True,0.78,knit,t-shirt,174,Surat,Tier-2,COD,festive,9,1,3,3,1,22,40,2025-12-18,18,True,0.564,True,84,100,High (65-100),High (65-100)
PO000893,2025-11-08,V02,Tirupur,False,0.88,woven,trouser,395,Mumbai,Tier-1,Prepaid,festive,4,20,4,1,2,34,48,2025-12-26,14,True,0.316,False,75,54,High (65-100),Medium (35-65)
PO001362,2025-11-08,V01,Tirupur,False,0.92,knit,polo,262,Patna,Tier-3,COD,festive,1,8,1,0,1,24,39,2025-12-17,15,True,0.512,True,56,86,Medium (35-65),High (65-100)
PO001424,2025-11-08,V02,Tirupur,False,0.88,knit,henley,217,Lucknow,Tier-2,COD,festive,2,1,1,1,2,22,32,2025-12-10,10,True,0.426,True,43,79,Medium (35-65),High (65-100)
PO001997,2025-11-08,V01,Tirupur,False,0.92,knit,polo,123,Ahmedabad,Tier-2,COD,festive,1,1,6,0,1,22,29,2025-12-07,7,True,0.49,True,48,85,Medium (35-65),High (65-100)
PO002053,2025-11-08,V08,Ludhiana,False,0.84,knit,henley,183,Mumbai,Tier-1,Prepaid,festive,6,0,2,1,1,21,22,2025-11-30,1,False,0.22,False,40,39,Medium (35-65),Medium (35-65)
PO002687,2025-11-08,V04,Tirupur,False,0.9,knit,polo,174,Delhi,Tier-1,COD,festive,1,1,1,1,2,21,29,2025-12-07,8,True,0.426,True,38,64,Medium (35-65),Medium (35-65)
PO002693,2025-11-08,V06,Bengaluru,False,0.89,knit,polo,162,Ahmedabad,Tier-2,Prepaid,festive,8,0,7,0,1,22,30,2025-12-08,8,True,0.316,True,42,46,Medium (35-65),Medium (35-65)
PO003285,2025-11-08,V05,Bengaluru,False,0.93,woven,overshirt,142,Tiruchirappalli,Tier-3,Prepaid,festive,1,2,1,1,2,37,47,2025-12-25,10,True,0.33,False,48,52,Medium (35-65),Medium (35-65)
PO003824,2025-11-08,V09,Delhi NCR,False,0.86,woven,trouser,275,Tiruchirappalli,Tier-3,Prepaid,festive,1,2,1,3,1,37,49,2025-12-27,12,True,0.33,True,44,52,Medium (35-65),Medium (35-65)
PO004672,2025-11-08,V08,Ludhiana,False,0.84,woven,shirt,208,Mumbai,Tier-1,COD,festive,1,11,2,4,1,34,44,2025-12-22,10,True,0.511,True,59,94,Medium (35-65),High (65-100)
PO004778,2025-11-08,V12,Bengaluru,True,0.78,knit,polo,219,Kolkata,Tier-1,COD,festive,3,1,2,6,1,21,29,2025-12-07,8,True,0.588,False,77,100,High (65-100),High (65-100)
PO000337,2025-11-09,V07,Ludhiana,False,0.87,knit,polo,223,Pune,Tier-2,Prepaid,festive,2,0,1,4,2,22,26,2025-12-05,4,False,0.264,False,30,46,Low (0-35),Medium (35-65)
PO000404,2025-11-09,V05,Bengaluru,False,0.93,knit,polo,215,Bengaluru,Tier-1,Prepaid,festive,7,3,1,3,2,21,27,2025-12-06,6,True,0.275,False,32,25,Low (0-35),Low (0-35)
PO000862,2025-11-09,V08,Ludhiana,False,0.84,knit,polo,304,Delhi,Tier-1,COD,festive,1,1,1,5,1,21,22,2025-12-01,1,False,0.409,False,39,81,Medium (35-65),High (65-100)
PO000975,2025-11-09,V05,Bengaluru,False,0.93,knit,t-shirt,174,Raipur,Tier-3,COD,festive,7,2,1,4,1,24,29,2025-12-08,5,False,0.491,False,47,97,Medium (35-65),High (65-100)
PO001737,2025-11-09,V05,Bengaluru,False,0.93,woven,chinos,213,Mumbai,Tier-1,COD,festive,4,1,2,1,1,34,40,2025-12-19,6,True,0.426,True,46,74,Medium (35-65),High (65-100)
PO001890,2025-11-09,V01,Tirupur,False,0.92,woven,chinos,261,Hyderabad,Tier-1,Prepaid,festive,10,5,2,0,1,34,51,2025-12-30,17,True,0.275,False,62,48,Medium (35-65),Medium (35-65)
PO001929,2025-11-09,V01,Tirupur,False,0.92,knit,polo,88,Mysuru,Tier-3,Prepaid,festive,2,1,5,2,1,24,34,2025-12-13,10,True,0.38,False,51,56,Medium (35-65),Medium (35-65)
PO001986,2025-11-09,V05,Bengaluru,False,0.93,knit,polo,161,Surat,Tier-2,Prepaid,festive,13,2,3,1,2,22,28,2025-12-07,6,True,0.316,True,42,46,Medium (35-65),Medium (35-65)
PO002024,2025-11-09,V02,Tirupur,False,0.88,woven,overshirt,89,Hyderabad,Tier-1,COD,festive,2,4,1,1,2,34,42,2025-12-21,8,True,0.426,False,50,77,Medium (35-65),High (65-100)
PO002413,2025-11-09,V05,Bengaluru,False,0.93,knit,t-shirt,197,Bhubaneswar,Tier-3,COD,festive,5,1,1,1,3,24,28,2025-12-07,4,False,0.483,True,50,93,Medium (35-65),High (65-100)
PO002518,2025-11-09,V03,Tirupur,False,0.85,knit,henley,206,Madurai,Tier-3,COD,festive,0,1,2,2,1,24,28,2025-12-07,4,False,0.409,False,48,86,Medium (35-65),High (65-100)
PO003084,2025-11-09,V07,Ludhiana,False,0.87,knit,polo,203,Chennai,Tier-1,Prepaid,festive,3,1,3,1,1,21,28,2025-12-07,7,True,0.316,False,33,31,Low (0-35),Low (0-35)
PO003632,2025-11-09,V02,Tirupur,False,0.88,knit,polo,241,Lucknow,Tier-2,COD,festive,1,0,0,0,1,22,30,2025-12-09,8,True,0.426,True,43,79,Medium (35-65),High (65-100)
PO003637,2025-11-09,V01,Tirupur,False,0.92,woven,trouser,50,Kolkata,Tier-1,Prepaid,festive,7,7,1,3,1,34,40,2025-12-19,6,True,0.275,False,62,48,Medium (35-65),Medium (35-65)
PO003877,2025-11-09,V05,Bengaluru,False,0.93,knit,sweatshirt,50,Patna,Tier-3,COD,festive,7,1,2,1,1,24,23,2025-12-02,-1,False,0.409,False,44,83,Medium (35-65),High (65-100)
PO003965,2025-11-09,V04,Tirupur,False,0.9,knit,hoodie,265,Hyderabad,Tier-1,COD,festive,4,2,3,0,1,21,31,2025-12-10,10,True,0.49,False,49,78,Medium (35-65),High (65-100)
PO004063,2025-11-09,V04,Tirupur,False,0.9,knit,sweatshirt,349,Dehradun,Tier-3,Prepaid,festive,1,3,3,1,1,24,32,2025-12-11,8,True,0.38,False,51,56,Medium (35-65),Medium (35-65)
PO004162,2025-11-09,V05,Bengaluru,False,0.93,woven,chinos,212,Mumbai,Tier-1,COD,festive,7,5,5,2,2,34,46,2025-12-25,12,True,0.49,True,59,80,Medium (35-65),High (65-100)
PO004260,2025-11-09,V06,Bengaluru,False,0.89,knit,sweatshirt,89,Chandigarh,Tier-2,Prepaid,festive,1,4,1,1,2,22,27,2025-12-06,5,False,0.22,False,31,32,Low (0-35),Low (0-35)
PO004355,2025-11-09,V02,Tirupur,False,0.88,woven,denim-jacket,223,Vadodara,Tier-2,Prepaid,festive,4,0,2,1,2,35,50,2025-12-29,15,True,0.275,False,59,48,Medium (35-65),Medium (35-65)
PO000006,2025-11-10,V08,Ludhiana,False,0.84,woven,trouser,226,Patna,Tier-3,Prepaid,festive,6,2,2,3,3,37,48,2025-12-28,11,True,0.389,False,68,75,High (65-100),High (65-100)
PO001365,2025-11-10,V04,Tirupur,False,0.9,knit,t-shirt,192,Jodhpur,Tier-3,Prepaid,festive,5,0,2,1,1,24,29,2025-12-09,5,False,0.264,False,52,50,Medium (35-65),Medium (35-65)
PO001677,2025-11-10,V04,Tirupur,False,0.9,knit,polo,278,Tiruchirappalli,Tier-3,Prepaid,festive,1,2,1,0,1,24,35,2025-12-15,11,True,0.33,False,46,50,Medium (35-65),Medium (35-65)
PO001926,2025-11-10,V06,Bengaluru,False,0.89,knit,hoodie,175,Pune,Tier-2,Prepaid,festive,2,1,3,2,2,22,26,2025-12-06,4,False,0.253,False,36,38,Medium (35-65),Medium (35-65)
PO002003,2025-11-10,V09,Delhi NCR,False,0.86,woven,denim-jacket,336,Kochi,Tier-2,COD,festive,5,8,3,0,2,35,44,2025-12-24,9,True,0.49,False,60,94,Medium (35-65),High (65-100)
PO002235,2025-11-10,V01,Tirupur,False,0.92,knit,hoodie,212,Pune,Tier-2,COD,festive,6,2,7,0,1,22,31,2025-12-11,9,True,0.49,True,54,85,Medium (35-65),High (65-100)
PO002253,2025-11-10,V07,Ludhiana,False,0.87,knit,polo,149,Indore,Tier-2,COD,festive,5,1,1,4,1,22,27,2025-12-07,5,False,0.409,False,38,82,Medium (35-65),High (65-100)
PO002503,2025-11-10,V05,Bengaluru,False,0.93,woven,chinos,205,Hyderabad,Tier-1,COD,festive,6,4,1,1,1,34,45,2025-12-25,11,True,0.426,False,46,74,Medium (35-65),High (65-100)
PO002970,2025-11-10,V02,Tirupur,False,0.88,knit,hoodie,247,Patna,Tier-3,COD,festive,4,1,1,3,1,24,36,2025-12-16,12,True,0.512,False,54,86,Medium (35-65),High (65-100)
PO003267,2025-11-10,V01,Tirupur,False,0.92,knit,hoodie,237,Bengaluru,Tier-1,COD,festive,1,1,2,4,1,21,25,2025-12-05,4,False,0.409,False,41,86,Medium (35-65),High (65-100)
PO004050,2025-11-10,V06,Bengaluru,False,0.89,knit,t-shirt,205,Chandigarh,Tier-2,COD,festive,1,5,1,2,1,22,30,2025-12-10,8,True,0.426,False,41,76,Medium (35-65),High (65-100)
PO004480,2025-11-10,V03,Tirupur,False,0.85,woven,shirt,139,Guwahati,Tier-3,COD,festive,4,8,3,2,2,37,44,2025-12-24,7,True,0.588,False,79,100,High (65-100),High (65-100)
PO004511,2025-11-10,V01,Tirupur,False,0.92,woven,chinos,189,Ranchi,Tier-3,Prepaid,festive,7,2,2,1,1,37,48,2025-12-28,11,True,0.33,False,64,62,Medium (35-65),Medium (35-65)
PO004526,2025-11-10,V01,Tirupur,False,0.92,knit,sweatshirt,215,Bengaluru,Tier-1,Prepaid,festive,2,1,0,1,1,21,25,2025-12-05,4,False,0.22,True,36,28,Medium (35-65),Low (0-35)
PO004687,2025-11-10,V05,Bengaluru,False,0.93,knit,hoodie,186,Jaipur,Tier-2,Prepaid,festive,4,1,2,2,1,22,31,2025-12-11,9,True,0.275,False,37,32,Medium (35-65),Low (0-35)
PO004945,2025-11-10,V07,Ludhiana,False,0.87,knit,t-shirt,111,Kochi,Tier-2,COD,festive,3,0,9,2,1,22,28,2025-12-08,6,True,0.49,True,40,82,Medium (35-65),High (65-100)
PO000473,2025-11-11,V03,Tirupur,False,0.85,knit,sweatshirt,341,Vadodara,Tier-2,Prepaid,festive,15,6,3,1,1,22,35,2025-12-16,13,True,0.316,True,60,56,Medium (35-65),Medium (35-65)
PO001057,2025-11-11,V02,Tirupur,False,0.88,knit,sweatshirt,52,Madurai,Tier-3,COD,festive,1,5,3,0,3,24,36,2025-12-17,12,True,0.694,True,67,100,High (65-100),High (65-100)
PO001122,2025-11-11,V01,Tirupur,False,0.92,knit,t-shirt,192,Mumbai,Tier-1,COD,festive,5,1,0,2,3,21,28,2025-12-09,7,True,0.503,True,50,82,Medium (35-65),High (65-100)
PO001470,2025-11-11,V03,Tirupur,False,0.85,woven,overshirt,146,Chandigarh,Tier-2,Prepaid,festive,3,5,2,2,1,35,47,2025-12-28,12,True,0.275,False,67,55,High (65-100),Medium (35-65)
PO001574,2025-11-11,V07,Ludhiana,False,0.87,knit,sweatshirt,281,Hyderabad,Tier-1,COD,festive,1,0,2,1,1,21,26,2025-12-07,5,False,0.341,False,24,61,Low (0-35),Medium (35-65)
PO001583,2025-11-11,V03,Tirupur,False,0.85,woven,trouser,234,Vadodara,Tier-2,COD,festive,2,5,4,0,2,35,49,2025-12-30,14,True,0.49,True,68,97,High (65-100),High (65-100)
PO001943,2025-11-11,V01,Tirupur,False,0.92,knit,sweatshirt,151,Bengaluru,Tier-1,Prepaid,festive,1,1,5,0,1,21,27,2025-12-08,6,True,0.316,False,41,42,Medium (35-65),Medium (35-65)
PO002259,2025-11-11,V02,Tirupur,False,0.88,knit,polo,201,Bengaluru,Tier-1,Prepaid,festive,2,1,2,5,1,21,30,2025-12-11,9,True,0.33,True,39,42,Medium (35-65),Medium (35-65)
PO002374,2025-11-11,V03,Tirupur,False,0.85,knit,sweatshirt,158,Delhi,Tier-1,COD,festive,13,2,4,1,1,21,28,2025-12-09,7,True,0.49,True,49,78,Medium (35-65),High (65-100)
PO002710,2025-11-11,V01,Tirupur,False,0.92,woven,chinos,207,Surat,Tier-2,COD,festive,1,3,1,1,2,35,48,2025-12-29,13,True,0.426,False,55,84,Medium (35-65),High (65-100)
PO003722,2025-11-11,V02,Tirupur,False,0.88,knit,sweatshirt,314,Indore,Tier-2,COD,festive,5,1,3,4,2,22,31,2025-12-12,9,True,0.588,True,57,99,Medium (35-65),High (65-100)
PO004198,2025-11-11,V10,Delhi NCR,False,0.82,woven,denim-jacket,220,Vadodara,Tier-2,Prepaid,festive,0,2,3,7,1,35,38,2025-12-19,3,False,0.304,True,59,71,Medium (35-65),High (65-100)
PO004469,2025-11-11,V01,Tirupur,False,0.92,knit,polo,145,Vadodara,Tier-2,Prepaid,festive,1,0,1,3,2,22,31,2025-12-12,9,True,0.275,True,41,43,Medium (35-65),Medium (35-65)
PO004557,2025-11-11,V03,Tirupur,False,0.85,woven,overshirt,208,Nagpur,Tier-3,COD,festive,1,1,1,2,1,37,52,2026-01-02,15,True,0.512,True,60,98,Medium (35-65),High (65-100)
PO004561,2025-11-11,V02,Tirupur,False,0.88,knit,hoodie,121,Bengaluru,Tier-1,Prepaid,festive,2,7,10,1,3,21,29,2025-12-10,8,True,0.373,False,55,52,Medium (35-65),Medium (35-65)
PO004688,2025-11-11,V01,Tirupur,False,0.92,knit,hoodie,191,Coimbatore,Tier-2,COD,festive,2,1,2,1,3,22,32,2025-12-13,10,True,0.503,False,49,89,Medium (35-65),High (65-100)
PO004816,2025-11-11,V09,Delhi NCR,False,0.86,knit,sweatshirt,178,Indore,Tier-2,COD,festive,7,2,6,2,3,22,30,2025-12-11,8,True,0.578,False,46,92,Medium (35-65),High (65-100)
PO004888,2025-11-11,V02,Tirupur,False,0.88,knit,polo,119,Chennai,Tier-1,COD,festive,1,1,1,7,1,21,27,2025-12-08,6,True,0.511,False,41,86,Medium (35-65),High (65-100)
PO000001,2025-11-12,V01,Tirupur,False,0.92,knit,polo,239,Mumbai,Tier-1,Prepaid,festive,2,2,7,0,1,21,32,2025-12-14,11,True,0.316,False,41,42,Medium (35-65),Medium (35-65)
PO000605,2025-11-12,V02,Tirupur,False,0.88,knit,sweatshirt,216,Guwahati,Tier-3,Prepaid,festive,4,2,2,1,1,24,36,2025-12-18,12,True,0.33,False,52,50,Medium (35-65),Medium (35-65)
PO000695,2025-11-12,V01,Tirupur,False,0.92,knit,polo,245,Coimbatore,Tier-2,COD,festive,4,0,1,1,3,22,28,2025-12-10,6,True,0.503,False,55,89,Medium (35-65),High (65-100)
PO000987,2025-11-12,V04,Tirupur,False,0.9,knit,polo,240,Kolkata,Tier-1,Prepaid,festive,5,1,1,3,3,21,29,2025-12-11,8,True,0.325,False,48,46,Medium (35-65),Medium (35-65)
PO001496,2025-11-12,V03,Tirupur,False,0.85,knit,henley,256,Ahmedabad,Tier-2,COD,festive,11,2,1,2,2,22,36,2025-12-18,14,True,0.426,False,49,79,Medium (35-65),High (65-100)
PO001977,2025-11-12,V05,Bengaluru,False,0.93,knit,hoodie,239,Chennai,Tier-1,COD,festive,1,2,3,0,1,21,27,2025-12-09,6,True,0.49,True,33,67,Low (0-35),High (65-100)
PO002186,2025-11-12,V02,Tirupur,False,0.88,knit,t-shirt,241,Patna,Tier-3,COD,festive,1,0,1,1,1,24,32,2025-12-14,8,True,0.512,True,48,86,Medium (35-65),High (65-100)
PO002587,2025-11-12,V06,Bengaluru,False,0.89,knit,t-shirt,151,Indore,Tier-2,Prepaid,festive,3,3,2,1,1,22,22,2025-12-04,0,False,0.22,False,37,32,Medium (35-65),Low (0-35)
PO002608,2025-11-12,V02,Tirupur,False,0.88,knit,t-shirt,155,Vijayawada,Tier-3,COD,festive,1,1,7,2,3,24,36,2025-12-18,12,True,0.694,True,59,100,Medium (35-65),High (65-100)
PO002700,2025-11-12,V02,Tirupur,False,0.88,knit,polo,63,Coimbatore,Tier-2,Prepaid,festive,1,0,2,2,1,22,31,2025-12-13,9,True,0.275,True,41,43,Medium (35-65),Medium (35-65)
PO003034,2025-11-12,V06,Bengaluru,False,0.89,knit,henley,124,Bengaluru,Tier-1,Prepaid,festive,4,2,0,1,2,21,25,2025-12-07,4,False,0.22,False,32,25,Low (0-35),Low (0-35)
PO003603,2025-11-12,V05,Bengaluru,False,0.93,knit,t-shirt,238,Chennai,Tier-1,COD,festive,7,1,5,0,2,21,29,2025-12-11,8,True,0.49,True,39,67,Medium (35-65),High (65-100)
PO003697,2025-11-12,V05,Bengaluru,False,0.93,woven,denim-jacket,301,Mumbai,Tier-1,Prepaid,festive,6,6,3,1,1,34,42,2025-12-24,8,True,0.316,False,57,44,Medium (35-65),Medium (35-65)
PO003803,2025-11-12,V02,Tirupur,False,0.88,woven,chinos,217,Indore,Tier-2,Prepaid,festive,1,0,1,2,1,35,53,2026-01-04,18,True,0.275,True,53,48,Medium (35-65),Medium (35-65)
PO003806,2025-11-12,V07,Ludhiana,False,0.87,knit,hoodie,308,Ranchi,Tier-3,Prepaid,festive,1,2,3,1,3,24,35,2025-12-17,11,True,0.448,True,43,63,Medium (35-65),Medium (35-65)
PO004293,2025-11-12,V01,Tirupur,False,0.92,knit,sweatshirt,151,Bengaluru,Tier-1,COD,festive,10,5,2,0,1,21,32,2025-12-14,11,True,0.426,False,52,72,Medium (35-65),High (65-100)
PO004863,2025-11-12,V03,Tirupur,False,0.85,knit,polo,158,Hyderabad,Tier-1,COD,festive,1,1,0,2,1,21,29,2025-12-11,8,True,0.426,False,38,64,Medium (35-65),Medium (35-65)
PO000134,2025-11-13,V10,Delhi NCR,False,0.82,woven,chinos,103,Delhi,Tier-1,Prepaid,festive,5,4,3,2,1,34,44,2025-12-27,10,True,0.316,True,57,50,Medium (35-65),Medium (35-65)
PO000179,2025-11-13,V08,Ludhiana,False,0.84,woven,shirt,339,Jodhpur,Tier-3,Prepaid,festive,6,3,1,5,1,37,44,2025-12-27,7,True,0.396,True,65,79,Medium (35-65),High (65-100)
PO000258,2025-11-13,V04,Tirupur,False,0.9,woven,chinos,199,Raipur,Tier-3,COD,festive,6,6,6,0,1,37,47,2025-12-30,10,True,0.588,False,79,100,High (65-100),High (65-100)
PO000858,2025-11-13,V01,Tirupur,False,0.92,knit,polo,189,Delhi,Tier-1,Prepaid,festive,1,3,2,6,1,21,28,2025-12-11,7,True,0.33,True,39,42,Medium (35-65),Medium (35-65)
PO001641,2025-11-13,V04,Tirupur,False,0.9,knit,t-shirt,267,Raipur,Tier-3,COD,festive,1,1,0,1,2,24,36,2025-12-19,12,True,0.512,False,48,86,Medium (35-65),High (65-100)
PO002149,2025-11-13,V01,Tirupur,False,0.92,knit,henley,110,Indore,Tier-2,Prepaid,festive,0,0,3,2,2,22,32,2025-12-15,10,True,0.316,False,46,49,Medium (35-65),Medium (35-65)
PO002882,2025-11-13,V02,Tirupur,False,0.88,knit,henley,337,Coimbatore,Tier-2,COD,festive,1,1,2,0,3,22,32,2025-12-15,10,True,0.503,False,49,89,Medium (35-65),High (65-100)
PO002894,2025-11-13,V01,Tirupur,False,0.92,knit,hoodie,194,Jodhpur,Tier-3,Prepaid,festive,2,2,1,3,2,24,37,2025-12-20,13,True,0.33,False,46,50,Medium (35-65),Medium (35-65)
PO002906,2025-11-13,V08,Ludhiana,False,0.84,woven,chinos,189,Chennai,Tier-1,COD,festive,3,3,0,5,1,34,47,2025-12-30,13,True,0.511,False,57,94,Medium (35-65),High (65-100)
PO003218,2025-11-13,V02,Tirupur,False,0.88,knit,henley,309,Kolkata,Tier-1,Prepaid,festive,2,1,4,0,1,21,26,2025-12-09,5,False,0.253,False,41,42,Medium (35-65),Medium (35-65)
PO003923,2025-11-13,V02,Tirupur,False,0.88,woven,shirt,287,Kochi,Tier-2,COD,festive,3,11,3,3,1,35,44,2025-12-27,9,True,0.49,True,74,97,High (65-100),High (65-100)
PO004226,2025-11-13,V08,Ludhiana,False,0.84,knit,hoodie,205,Tiruchirappalli,Tier-3,COD,festive,1,1,2,2,1,24,30,2025-12-13,6,True,0.512,True,46,89,Medium (35-65),High (65-100)
PO004377,2025-11-13,V10,Delhi NCR,False,0.82,woven,shirt,170,Vadodara,Tier-2,COD,festive,4,2,2,3,1,35,38,2025-12-21,3,False,0.341,False,59,87,Medium (35-65),High (65-100)
PO004492,2025-11-13,V01,Tirupur,False,0.92,knit,t-shirt,158,Pune,Tier-2,COD,festive,5,0,1,2,2,22,32,2025-12-15,10,True,0.426,False,49,79,Medium (35-65),High (65-100)
PO004550,2025-11-13,V01,Tirupur,False,0.92,knit,polo,85,Jodhpur,Tier-3,Prepaid,festive,3,0,6,0,2,24,33,2025-12-16,9,True,0.38,True,57,56,Medium (35-65),Medium (35-65)
PO004700,2025-11-13,V02,Tirupur,False,0.88,woven,trouser,104,Ahmedabad,Tier-2,COD,festive,7,2,2,0,3,35,39,2025-12-22,4,False,0.402,True,67,100,High (65-100),High (65-100)
PO004824,2025-11-13,V04,Tirupur,False,0.9,knit,t-shirt,307,Guwahati,Tier-3,Prepaid,festive,2,1,5,1,2,24,34,2025-12-17,10,True,0.38,False,51,56,Medium (35-65),Medium (35-65)
PO000348,2025-11-14,V06,Bengaluru,False,0.89,knit,polo,98,Ahmedabad,Tier-2,COD,festive,3,1,1,0,2,22,27,2025-12-11,5,False,0.341,False,39,68,Medium (35-65),High (65-100)
PO000376,2025-11-14,V05,Bengaluru,False,0.93,knit,t-shirt,131,Mumbai,Tier-1,COD,festive,1,6,2,0,2,21,26,2025-12-10,5,False,0.341,False,36,61,Medium (35-65),Medium (35-65)
PO000750,2025-11-14,V02,Tirupur,False,0.88,knit,hoodie,130,Chandigarh,Tier-2,COD,festive,15,9,2,0,1,22,31,2025-12-15,9,True,0.426,False,57,79,Medium (35-65),High (65-100)
PO001959,2025-11-14,V03,Tirupur,False,0.85,knit,hoodie,152,Delhi,Tier-1,Prepaid,festive,3,2,1,0,1,21,30,2025-12-14,9,True,0.275,False,42,36,Medium (35-65),Medium (35-65)
PO002079,2025-11-14,V01,Tirupur,False,0.92,knit,polo,161,Kolkata,Tier-1,Prepaid,festive,4,5,2,2,2,21,33,2025-12-17,12,True,0.275,False,50,36,Medium (35-65),Medium (35-65)
PO002230,2025-11-14,V01,Tirupur,False,0.92,knit,henley,87,Jaipur,Tier-2,COD,festive,3,3,1,3,2,22,29,2025-12-13,7,True,0.426,True,49,79,Medium (35-65),High (65-100)
PO002271,2025-11-14,V02,Tirupur,False,0.88,knit,henley,280,Hyderabad,Tier-1,COD,festive,3,2,2,0,1,21,26,2025-12-10,5,False,0.341,False,44,72,Medium (35-65),High (65-100)
PO002431,2025-11-14,V05,Bengaluru,False,0.93,knit,polo,282,Mysuru,Tier-3,Prepaid,festive,1,2,4,2,1,24,28,2025-12-12,4,False,0.304,False,41,53,Medium (35-65),Medium (35-65)
PO002521,2025-11-14,V02,Tirupur,False,0.88,knit,sweatshirt,233,Mumbai,Tier-1,Prepaid,festive,1,2,3,3,1,21,27,2025-12-11,6,True,0.316,False,41,42,Medium (35-65),Medium (35-65)
PO002678,2025-11-14,V07,Ludhiana,False,0.87,knit,polo,141,Coimbatore,Tier-2,COD,festive,1,1,2,1,2,22,29,2025-12-13,7,True,0.426,True,29,68,Low (0-35),High (65-100)
PO002742,2025-11-14,V03,Tirupur,False,0.85,knit,sweatshirt,175,Ahmedabad,Tier-2,COD,festive,2,2,1,4,3,22,31,2025-12-15,9,True,0.604,True,52,100,Medium (35-65),High (65-100)
PO002922,2025-11-14,V07,Ludhiana,False,0.87,knit,t-shirt,154,Jaipur,Tier-2,Prepaid,festive,2,1,1,1,3,22,30,2025-12-14,8,True,0.325,True,33,42,Low (0-35),Medium (35-65)
PO003307,2025-11-14,V06,Bengaluru,False,0.89,knit,henley,227,Mysuru,Tier-3,COD,festive,1,1,1,1,1,24,26,2025-12-10,2,False,0.409,True,38,75,Medium (35-65),High (65-100)
PO003541,2025-11-14,V02,Tirupur,False,0.88,knit,sweatshirt,176,Kolkata,Tier-1,Prepaid,festive,1,1,1,0,3,21,29,2025-12-13,8,True,0.325,True,42,46,Medium (35-65),Medium (35-65)
PO000003,2025-11-15,V05,Bengaluru,False,0.93,knit,henley,209,Mumbai,Tier-1,Prepaid,festive,1,1,4,0,2,21,24,2025-12-09,3,False,0.253,True,31,31,Low (0-35),Low (0-35)
PO000314,2025-11-15,V03,Tirupur,False,0.85,knit,polo,139,Surat,Tier-2,COD,festive,2,1,1,2,2,22,30,2025-12-15,8,True,0.426,False,43,79,Medium (35-65),High (65-100)
PO000519,2025-11-15,V01,Tirupur,False,0.92,woven,chinos,143,Vijayawada,Tier-3,COD,festive,2,2,1,1,3,37,47,2026-01-01,10,True,0.604,True,66,100,High (65-100),High (65-100)
PO000524,2025-11-15,V02,Tirupur,False,0.88,knit,polo,237,Jaipur,Tier-2,COD,festive,1,1,3,0,2,22,33,2025-12-18,11,True,0.49,False,48,85,Medium (35-65),High (65-100)
PO001377,2025-11-15,V02,Tirupur,False,0.88,knit,henley,326,Vijayawada,Tier-3,Prepaid,festive,3,1,1,2,2,24,31,2025-12-16,7,True,0.33,True,52,50,Medium (35-65),Medium (35-65)
PO001561,2025-11-15,V02,Tirupur,False,0.88,knit,polo,60,Mumbai,Tier-1,COD,festive,8,1,6,1,1,21,29,2025-12-14,8,True,0.49,True,49,78,Medium (35-65),High (65-100)
PO001619,2025-11-15,V08,Ludhiana,False,0.84,woven,trouser,140,Bengaluru,Tier-1,COD,festive,3,1,1,2,3,34,36,2025-12-21,2,False,0.402,False,60,97,Medium (35-65),High (65-100)
PO001888,2025-11-15,V02,Tirupur,False,0.88,woven,chinos,252,Bhubaneswar,Tier-3,COD,festive,3,1,1,1,1,37,46,2025-12-31,9,True,0.512,True,66,98,High (65-100),High (65-100)
PO001939,2025-11-15,V04,Tirupur,False,0.9,woven,shirt,196,Surat,Tier-2,Prepaid,festive,2,1,2,1,2,35,47,2026-01-01,12,True,0.275,False,53,48,Medium (35-65),Medium (35-65)
PO002009,2025-11-15,V01,Tirupur,False,0.92,knit,t-shirt,102,Dehradun,Tier-3,COD,festive,8,2,3,0,3,24,35,2025-12-20,11,True,0.694,True,65,100,Medium (35-65),High (65-100)
PO002286,2025-11-15,V03,Tirupur,False,0.85,knit,t-shirt,210,Surat,Tier-2,Prepaid,festive,2,2,4,1,1,22,34,2025-12-19,12,True,0.316,False,46,49,Medium (35-65),Medium (35-65)
PO002331,2025-11-15,V06,Bengaluru,False,0.89,knit,henley,50,Indore,Tier-2,Prepaid,festive,1,1,1,2,1,22,29,2025-12-14,7,True,0.275,False,31,32,Low (0-35),Low (0-35)
PO003537,2025-11-15,V02,Tirupur,False,0.88,knit,sweatshirt,50,Ranchi,Tier-3,Prepaid,festive,3,2,1,1,1,24,28,2025-12-13,4,False,0.264,False,52,50,Medium (35-65),Medium (35-65)
PO003733,2025-11-15,V01,Tirupur,False,0.92,knit,hoodie,92,Chennai,Tier-1,COD,festive,1,1,1,5,1,21,30,2025-12-15,9,True,0.511,True,41,86,Medium (35-65),High (65-100)
PO003758,2025-11-15,V03,Tirupur,False,0.85,knit,hoodie,163,Vadodara,Tier-2,COD,festive,2,11,4,4,1,22,30,2025-12-15,8,True,0.588,False,59,99,Medium (35-65),High (65-100)
PO004094,2025-11-15,V08,Ludhiana,False,0.84,woven,denim-jacket,272,Kochi,Tier-2,COD,festive,4,1,0,2,1,35,40,2025-12-25,5,False,0.341,True,59,87,Medium (35-65),High (65-100)
PO004193,2025-11-15,V05,Bengaluru,False,0.93,woven,shirt,242,Bhubaneswar,Tier-3,Prepaid,festive,2,4,2,0,2,37,43,2025-12-28,6,True,0.33,True,48,52,Medium (35-65),Medium (35-65)
PO004197,2025-11-15,V06,Bengaluru,False,0.89,knit,sweatshirt,256,Mumbai,Tier-1,Prepaid,festive,1,1,2,2,3,21,28,2025-12-13,7,True,0.325,False,32,35,Low (0-35),Low (0-35)
PO004214,2025-11-15,V02,Tirupur,False,0.88,woven,overshirt,186,Nagpur,Tier-3,COD,festive,1,4,1,1,1,37,42,2025-12-27,5,False,0.409,True,60,98,Medium (35-65),High (65-100)
PO004302,2025-11-15,V04,Tirupur,False,0.9,knit,hoodie,184,Mumbai,Tier-1,COD,festive,2,3,1,3,1,21,30,2025-12-15,9,True,0.426,False,38,64,Medium (35-65),Medium (35-65)
PO004476,2025-11-15,V08,Ludhiana,False,0.84,woven,denim-jacket,201,Nagpur,Tier-3,Prepaid,festive,4,1,3,1,2,37,40,2025-12-25,3,False,0.304,False,67,71,High (65-100),High (65-100)
PO004577,2025-11-15,V01,Tirupur,False,0.92,knit,sweatshirt,350,Delhi,Tier-1,Prepaid,festive,2,1,2,3,1,21,29,2025-12-14,8,True,0.275,False,36,28,Medium (35-65),Low (0-35)
PO004939,2025-11-15,V04,Tirupur,False,0.9,woven,denim-jacket,176,Tiruchirappalli,Tier-3,COD,festive,5,1,1,2,2,37,49,2026-01-03,12,True,0.512,False,66,98,High (65-100),High (65-100)
PO000738,2025-11-16,V05,Bengaluru,False,0.93,woven,shirt,51,Kolkata,Tier-1,COD,festive,1,0,2,3,1,34,43,2025-12-29,9,True,0.426,True,40,74,Medium (35-65),High (65-100)
PO000927,2025-11-16,V01,Tirupur,False,0.92,knit,t-shirt,352,Lucknow,Tier-2,Prepaid,festive,4,1,1,0,1,22,33,2025-12-19,11,True,0.275,False,55,43,Medium (35-65),Medium (35-65)
PO002478,2025-11-16,V05,Bengaluru,False,0.93,knit,t-shirt,164,Kolkata,Tier-1,Prepaid,festive,1,1,2,1,1,21,23,2025-12-09,2,False,0.22,False,26,25,Low (0-35),Low (0-35)
PO002591,2025-11-16,V05,Bengaluru,False,0.93,knit,hoodie,114,Guwahati,Tier-3,Prepaid,festive,0,6,1,1,2,24,30,2025-12-16,6,True,0.33,False,44,47,Medium (35-65),Medium (35-65)
PO002855,2025-11-16,V02,Tirupur,False,0.88,knit,polo,269,Jaipur,Tier-2,COD,festive,2,5,3,5,1,22,27,2025-12-13,5,False,0.471,False,59,99,Medium (35-65),High (65-100)
PO003032,2025-11-16,V02,Tirupur,False,0.88,woven,shirt,394,Raipur,Tier-3,COD,festive,2,2,2,4,1,37,45,2025-12-31,8,True,0.614,False,71,100,High (65-100),High (65-100)
PO003393,2025-11-16,V06,Bengaluru,False,0.89,knit,sweatshirt,176,Delhi,Tier-1,COD,festive,2,4,1,3,2,21,29,2025-12-15,8,True,0.426,True,28,61,Low (0-35),Medium (35-65)
PO003492,2025-11-16,V01,Tirupur,False,0.92,knit,polo,206,Delhi,Tier-1,COD,festive,1,2,2,2,1,21,30,2025-12-16,9,True,0.426,True,38,64,Medium (35-65),Medium (35-65)
PO003706,2025-11-16,V05,Bengaluru,False,0.93,woven,denim-jacket,269,Kolkata,Tier-1,Prepaid,festive,2,6,8,1,3,34,42,2025-12-28,8,True,0.373,False,57,54,Medium (35-65),Medium (35-65)
PO004252,2025-11-16,V03,Tirupur,False,0.85,knit,henley,144,Ranchi,Tier-3,Prepaid,festive,12,4,1,4,1,24,35,2025-12-21,11,True,0.396,False,55,64,Medium (35-65),Medium (35-65)
PO004537,2025-11-16,V06,Bengaluru,False,0.89,knit,hoodie,239,Vadodara,Tier-2,COD,festive,1,2,1,2,3,22,30,2025-12-16,8,True,0.503,False,39,78,Medium (35-65),High (65-100)
PO004868,2025-11-16,V06,Bengaluru,False,0.89,woven,trouser,254,Madurai,Tier-3,Prepaid,festive,0,0,4,1,1,37,43,2025-12-29,6,True,0.38,False,53,58,Medium (35-65),Medium (35-65)
PO000011,2025-11-17,V02,Tirupur,False,0.88,woven,overshirt,291,Delhi,Tier-1,COD,festive,5,7,1,2,1,34,40,2025-12-27,6,True,0.426,False,64,84,Medium (35-65),High (65-100)
PO000366,2025-11-17,V07,Ludhiana,False,0.87,knit,t-shirt,255,Delhi,Tier-1,COD,festive,6,3,2,0,1,21,27,2025-12-14,6,True,0.426,False,30,61,Low (0-35),Medium (35-65)
PO000436,2025-11-17,V01,Tirupur,False,0.92,knit,hoodie,155,Indore,Tier-2,COD,festive,2,1,3,1,2,22,30,2025-12-17,8,True,0.49,False,48,85,Medium (35-65),High (65-100)
PO001364,2025-11-17,V01,Tirupur,False,0.92,knit,t-shirt,114,Mysuru,Tier-3,COD,festive,2,5,3,3,2,24,34,2025-12-21,10,True,0.588,False,61,99,Medium (35-65),High (65-100)
PO001506,2025-11-17,V01,Tirupur,False,0.92,knit,sweatshirt,198,Mumbai,Tier-1,COD,festive,0,1,1,2,1,21,27,2025-12-14,6,True,0.426,False,38,64,Medium (35-65),Medium (35-65)
PO001758,2025-11-17,V02,Tirupur,False,0.88,knit,sweatshirt,255,Ahmedabad,Tier-2,COD,festive,1,20,2,0,3,22,32,2025-12-19,10,True,0.503,False,57,89,Medium (35-65),High (65-100)
PO001778,2025-11-17,V05,Bengaluru,False,0.93,knit,t-shirt,105,Delhi,Tier-1,COD,festive,5,1,2,1,1,21,26,2025-12-13,5,False,0.341,False,34,61,Low (0-35),Medium (35-65)
PO002078,2025-11-17,V01,Tirupur,False,0.92,knit,t-shirt,274,Jaipur,Tier-2,Prepaid,festive,1,7,1,1,1,22,28,2025-12-15,6,True,0.275,False,49,43,Medium (35-65),Medium (35-65)
PO002080,2025-11-17,V10,Delhi NCR,False,0.82,knit,t-shirt,50,Delhi,Tier-1,COD,festive,3,4,4,3,3,21,28,2025-12-15,7,True,0.578,False,53,91,Medium (35-65),High (65-100)
PO002601,2025-11-17,V08,Ludhiana,False,0.84,knit,sweatshirt,210,Tiruchirappalli,Tier-3,COD,festive,10,4,0,5,1,24,34,2025-12-21,10,True,0.614,False,55,100,Medium (35-65),High (65-100)
PO003061,2025-11-17,V03,Tirupur,False,0.85,knit,henley,196,Delhi,Tier-1,Prepaid,festive,10,0,3,3,2,21,31,2025-12-18,10,True,0.316,False,47,42,Medium (35-65),Medium (35-65)
PO003458,2025-11-17,V06,Bengaluru,False,0.89,knit,sweatshirt,133,Ahmedabad,Tier-2,COD,festive,3,3,6,2,1,22,27,2025-12-14,5,False,0.392,True,44,82,Medium (35-65),High (65-100)
PO003576,2025-11-17,V01,Tirupur,False,0.92,woven,shirt,195,Guwahati,Tier-3,COD,festive,1,3,1,1,2,37,45,2026-01-01,8,True,0.512,False,60,98,Medium (35-65),High (65-100)
PO003638,2025-11-17,V01,Tirupur,False,0.92,woven,overshirt,172,Nagpur,Tier-3,COD,festive,2,3,1,1,1,37,51,2026-01-07,14,True,0.512,False,60,98,Medium (35-65),High (65-100)
PO003671,2025-11-17,V01,Tirupur,False,0.92,knit,polo,170,Jaipur,Tier-2,Prepaid,festive,2,0,2,1,3,22,27,2025-12-14,5,False,0.26,False,47,53,Medium (35-65),Medium (35-65)
PO004017,2025-11-17,V01,Tirupur,False,0.92,woven,shirt,219,Bengaluru,Tier-1,COD,festive,2,6,3,2,1,34,39,2025-12-26,5,False,0.392,False,63,90,Medium (35-65),High (65-100)
PO004259,2025-11-17,V06,Bengaluru,False,0.89,knit,henley,293,Kochi,Tier-2,Prepaid,festive,1,1,5,1,2,22,29,2025-12-16,7,True,0.316,False,36,38,Medium (35-65),Medium (35-65)
PO004296,2025-11-17,V06,Bengaluru,False,0.89,knit,t-shirt,145,Kolkata,Tier-1,Prepaid,festive,2,2,7,2,1,21,26,2025-12-13,5,False,0.253,False,31,31,Low (0-35),Low (0-35)
PO004388,2025-11-17,V01,Tirupur,False,0.92,knit,sweatshirt,371,Jodhpur,Tier-3,COD,festive,3,1,3,1,1,24,30,2025-12-17,6,True,0.588,False,67,99,High (65-100),High (65-100)
PO004897,2025-11-17,V02,Tirupur,False,0.88,knit,t-shirt,209,Nagpur,Tier-3,COD,festive,1,13,4,1,2,24,35,2025-12-22,11,True,0.588,False,61,99,Medium (35-65),High (65-100)
PO000120,2025-11-18,V02,Tirupur,False,0.88,knit,t-shirt,172,Madurai,Tier-3,COD,festive,3,4,2,1,2,24,30,2025-12-18,6,True,0.512,False,54,86,Medium (35-65),High (65-100)
PO000306,2025-11-18,V04,Tirupur,False,0.9,knit,t-shirt,329,Vadodara,Tier-2,COD,festive,2,5,1,0,2,22,27,2025-12-15,5,False,0.341,False,51,79,Medium (35-65),High (65-100)
PO000528,2025-11-18,V02,Tirupur,False,0.88,knit,hoodie,63,Nagpur,Tier-3,COD,festive,2,0,1,1,3,24,31,2025-12-19,7,True,0.604,True,54,96,Medium (35-65),High (65-100)
PO000538,2025-11-18,V04,Tirupur,False,0.9,knit,polo,207,Hyderabad,Tier-1,COD,festive,7,2,3,1,2,21,26,2025-12-14,5,False,0.392,True,49,78,Medium (35-65),High (65-100)
PO000724,2025-11-18,V01,Tirupur,False,0.92,knit,hoodie,166,Madurai,Tier-3,Prepaid,festive,1,0,4,0,1,24,32,2025-12-20,8,True,0.38,False,51,56,Medium (35-65),Medium (35-65)
PO000944,2025-11-18,V05,Bengaluru,False,0.93,woven,chinos,222,Mysuru,Tier-3,Prepaid,festive,2,7,1,2,2,37,52,2026-01-09,15,True,0.33,False,56,52,Medium (35-65),Medium (35-65)
PO001242,2025-11-18,V03,Tirupur,False,0.85,woven,shirt,227,Dehradun,Tier-3,COD,festive,12,2,4,1,2,37,50,2026-01-07,13,True,0.588,False,71,100,High (65-100),High (65-100)
PO001366,2025-11-18,V05,Bengaluru,False,0.93,knit,polo,50,Vijayawada,Tier-3,Prepaid,festive,2,1,2,0,1,24,27,2025-12-15,3,False,0.264,False,36,39,Medium (35-65),Medium (35-65)
PO001793,2025-11-18,V06,Bengaluru,False,0.89,woven,trouser,167,Madurai,Tier-3,COD,festive,1,3,1,0,1,37,40,2025-12-28,3,False,0.409,False,50,88,Medium (35-65),High (65-100)
PO002510,2025-11-18,V03,Tirupur,False,0.85,knit,t-shirt,179,Vijayawada,Tier-3,COD,festive,7,2,2,3,1,24,34,2025-12-22,10,True,0.512,True,54,86,Medium (35-65),High (65-100)
PO002796,2025-11-18,V01,Tirupur,False,0.92,woven,overshirt,323,Kochi,Tier-2,COD,festive,2,20,2,2,1,35,47,2026-01-04,12,True,0.426,False,63,91,Medium (35-65),High (65-100)
PO003196,2025-11-18,V10,Delhi NCR,False,0.82,woven,trouser,221,Ahmedabad,Tier-2,COD,festive,2,2,1,2,2,35,44,2026-01-01,9,True,0.426,False,53,87,Medium (35-65),High (65-100)
PO003542,2025-11-18,V01,Tirupur,False,0.92,woven,trouser,227,Ahmedabad,Tier-2,COD,festive,1,4,0,1,3,35,46,2026-01-03,11,True,0.503,True,61,100,Medium (35-65),High (65-100)
PO003703,2025-11-18,V07,Ludhiana,False,0.87,knit,t-shirt,247,Patna,Tier-3,COD,festive,12,1,7,5,3,24,40,2025-12-28,16,True,0.833,True,54,100,Medium (35-65),High (65-100)
PO004623,2025-11-18,V05,Bengaluru,False,0.93,knit,t-shirt,136,Bhubaneswar,Tier-3,Prepaid,festive,2,1,5,3,1,24,33,2025-12-21,9,True,0.38,True,41,53,Medium (35-65),Medium (35-65)
PO004651,2025-11-18,V04,Tirupur,False,0.9,knit,henley,204,Ahmedabad,Tier-2,COD,festive,1,1,1,1,3,22,30,2025-12-18,8,True,0.503,True,49,89,Medium (35-65),High (65-100)
PO004861,2025-11-18,V01,Tirupur,False,0.92,knit,henley,157,Chennai,Tier-1,Prepaid,festive,3,1,0,1,1,21,29,2025-12-17,8,True,0.275,True,42,36,Medium (35-65),Medium (35-65)
PO000232,2025-11-19,V05,Bengaluru,False,0.93,knit,polo,190,Surat,Tier-2,COD,festive,3,0,10,0,3,22,32,2025-12-21,10,True,0.578,True,50,92,Medium (35-65),High (65-100)
PO000463,2025-11-19,V03,Tirupur,False,0.85,knit,henley,333,Nagpur,Tier-3,COD,festive,3,4,1,2,1,24,32,2025-12-21,8,True,0.512,False,54,86,Medium (35-65),High (65-100)
PO000628,2025-11-19,V09,Delhi NCR,False,0.86,woven,shirt,312,Kolkata,Tier-1,COD,festive,5,2,10,1,2,34,46,2026-01-04,12,True,0.49,False,47,80,Medium (35-65),High (65-100)
PO000692,2025-11-19,V01,Tirupur,False,0.92,woven,denim-jacket,191,Bhubaneswar,Tier-3,COD,festive,6,1,1,1,1,37,49,2026-01-07,12,True,0.512,True,66,98,High (65-100),High (65-100)
PO001018,2025-11-19,V01,Tirupur,False,0.92,knit,hoodie,51,Surat,Tier-2,Prepaid,festive,5,1,1,0,3,22,36,2025-12-25,14,True,0.325,False,53,53,Medium (35-65),Medium (35-65)
PO001692,2025-11-19,V03,Tirupur,False,0.85,knit,polo,123,Kolkata,Tier-1,Prepaid,festive,2,2,1,0,1,21,28,2025-12-17,7,True,0.275,True,36,28,Medium (35-65),Low (0-35)
PO002273,2025-11-19,V05,Bengaluru,False,0.93,knit,henley,168,Indore,Tier-2,Prepaid,festive,1,1,8,2,1,22,29,2025-12-18,7,True,0.316,True,36,38,Medium (35-65),Medium (35-65)
PO002336,2025-11-19,V09,Delhi NCR,False,0.86,woven,shirt,66,Lucknow,Tier-2,Prepaid,festive,2,6,2,2,1,35,47,2026-01-05,12,True,0.275,False,47,45,Medium (35-65),Medium (35-65)
PO002430,2025-11-19,V10,Delhi NCR,False,0.82,woven,overshirt,244,Kolkata,Tier-1,COD,festive,1,6,4,3,3,34,39,2025-12-28,5,False,0.463,False,67,100,High (65-100),High (65-100)
PO003011,2025-11-19,V01,Tirupur,False,0.92,knit,hoodie,212,Jaipur,Tier-2,Prepaid,festive,3,4,1,2,1,22,35,2025-12-24,13,True,0.275,True,47,43,Medium (35-65),Medium (35-65)
PO003119,2025-11-19,V01,Tirupur,False,0.92,knit,t-shirt,250,Patna,Tier-3,COD,festive,4,2,2,1,2,24,31,2025-12-20,7,True,0.512,False,54,86,Medium (35-65),High (65-100)
PO003185,2025-11-19,V02,Tirupur,False,0.88,woven,denim-jacket,249,Kolkata,Tier-1,Prepaid,festive,3,1,2,1,1,34,45,2026-01-03,11,True,0.275,False,54,41,Medium (35-65),Medium (35-65)
PO003461,2025-11-19,V01,Tirupur,False,0.92,woven,overshirt,166,Ahmedabad,Tier-2,COD,festive,1,1,1,1,1,35,44,2026-01-02,9,True,0.426,False,55,84,Medium (35-65),High (65-100)
PO003515,2025-11-19,V02,Tirupur,False,0.88,knit,henley,198,Pune,Tier-2,COD,festive,2,1,3,1,1,22,34,2025-12-23,12,True,0.49,True,48,85,Medium (35-65),High (65-100)
PO004123,2025-11-19,V01,Tirupur,False,0.92,knit,sweatshirt,396,Kochi,Tier-2,COD,festive,3,0,0,2,1,22,35,2025-12-24,13,True,0.426,True,57,79,Medium (35-65),High (65-100)
PO004139,2025-11-19,V02,Tirupur,False,0.88,woven,overshirt,292,Mysuru,Tier-3,Prepaid,festive,1,2,4,1,2,37,55,2026-01-13,18,True,0.38,False,63,68,Medium (35-65),High (65-100)
PO004231,2025-11-19,V02,Tirupur,False,0.88,knit,polo,347,Jodhpur,Tier-3,Prepaid,festive,4,0,0,1,1,24,32,2025-12-21,8,True,0.33,True,52,50,Medium (35-65),Medium (35-65)
PO004501,2025-11-19,V01,Tirupur,False,0.92,knit,hoodie,279,Bengaluru,Tier-1,COD,festive,7,1,1,2,1,21,32,2025-12-21,11,True,0.426,True,44,72,Medium (35-65),High (65-100)
PO004835,2025-11-19,V06,Bengaluru,False,0.89,knit,sweatshirt,323,Chennai,Tier-1,COD,festive,9,2,3,2,1,21,29,2025-12-18,8,True,0.49,False,39,67,Medium (35-65),High (65-100)
PO000058,2025-11-20,V11,Tirupur,True,0.75,knit,sweatshirt,170,Surat,Tier-2,COD,festive,3,2,0,5,1,22,39,2025-12-29,17,True,0.588,False,100,100,High (65-100),High (65-100)
PO000117,2025-11-20,V08,Ludhiana,False,0.84,woven,chinos,247,Jaipur,Tier-2,COD,festive,3,1,6,2,2,35,48,2026-01-07,13,True,0.49,False,64,100,Medium (35-65),High (65-100)
PO001667,2025-11-20,V01,Tirupur,False,0.92,knit,polo,207,Delhi,Tier-1,COD,festive,1,0,0,0,2,21,25,2025-12-15,4,False,0.341,False,38,64,Medium (35-65),Medium (35-65)
PO002008,2025-11-20,V06,Bengaluru,False,0.89,knit,t-shirt,79,Mumbai,Tier-1,COD,festive,1,1,3,1,3,21,23,2025-12-13,2,False,0.463,True,39,77,Medium (35-65),High (65-100)
PO002218,2025-11-20,V02,Tirupur,False,0.88,knit,t-shirt,266,Raipur,Tier-3,Prepaid,festive,1,1,1,2,1,24,31,2025-12-21,7,True,0.33,True,46,50,Medium (35-65),Medium (35-65)
PO002596,2025-11-20,V08,Ludhiana,False,0.84,woven,shirt,51,Hyderabad,Tier-1,COD,festive,7,1,10,0,1,34,42,2026-01-01,8,True,0.49,True,59,86,Medium (35-65),High (65-100)
PO002792,2025-11-20,V04,Tirupur,False,0.9,knit,t-shirt,248,Kolkata,Tier-1,Prepaid,festive,2,8,1,2,1,21,31,2025-12-21,10,True,0.275,True,44,36,Medium (35-65),Medium (35-65)
PO003233,2025-11-20,V01,Tirupur,False,0.92,woven,overshirt,197,Madurai,Tier-3,COD,festive,1,7,1,1,1,37,47,2026-01-06,10,True,0.512,True,68,98,High (65-100),High (65-100)
PO003300,2025-11-20,V05,Bengaluru,False,0.93,knit,sweatshirt,282,Vadodara,Tier-2,COD,festive,4,3,2,2,2,22,31,2025-12-21,9,True,0.426,False,39,68,Medium (35-65),High (65-100)
PO003448,2025-11-20,V06,Bengaluru,False,0.89,knit,t-shirt,180,Chennai,Tier-1,COD,festive,4,1,2,0,3,21,29,2025-12-19,8,True,0.503,False,40,79,Medium (35-65),High (65-100)
PO003976,2025-11-20,V03,Tirupur,False,0.85,knit,henley,122,Mysuru,Tier-3,COD,festive,1,1,4,0,3,24,38,2025-12-28,14,True,0.694,True,59,100,Medium (35-65),High (65-100)
PO004079,2025-11-20,V06,Bengaluru,False,0.89,knit,sweatshirt,129,Chennai,Tier-1,COD,festive,2,2,2,2,1,21,27,2025-12-17,6,True,0.426,True,28,61,Low (0-35),Medium (35-65)
PO004403,2025-11-20,V05,Bengaluru,False,0.93,woven,chinos,95,Madurai,Tier-3,COD,festive,2,7,0,1,3,37,47,2026-01-06,10,True,0.604,True,64,100,Medium (35-65),High (65-100)
PO004522,2025-11-20,V01,Tirupur,False,0.92,knit,henley,336,Chennai,Tier-1,COD,festive,2,1,1,1,2,21,29,2025-12-19,8,True,0.426,True,38,64,Medium (35-65),Medium (35-65)
PO004785,2025-11-20,V11,Tirupur,True,0.75,knit,polo,134,Indore,Tier-2,COD,festive,10,3,3,7,3,22,46,2026-01-05,24,True,0.798,True,100,100,High (65-100),High (65-100)
PO004857,2025-11-20,V05,Bengaluru,False,0.93,knit,t-shirt,193,Jaipur,Tier-2,COD,festive,1,2,1,0,1,22,30,2025-12-20,8,True,0.426,True,33,68,Low (0-35),High (65-100)
PO000146,2025-11-21,V02,Tirupur,False,0.88,woven,overshirt,189,Madurai,Tier-3,COD,festive,5,7,0,1,2,37,47,2026-01-07,10,True,0.512,True,74,98,High (65-100),High (65-100)
PO000318,2025-11-21,V05,Bengaluru,False,0.93,woven,chinos,118,Vadodara,Tier-2,COD,festive,3,13,3,3,2,35,44,2026-01-04,9,True,0.49,True,64,94,Medium (35-65),High (65-100)
PO001254,2025-11-21,V05,Bengaluru,False,0.93,knit,sweatshirt,145,Bengaluru,Tier-1,COD,festive,4,1,1,3,2,21,21,2025-12-12,0,False,0.341,True,34,61,Low (0-35),Medium (35-65)
PO001589,2025-11-21,V01,Tirupur,False,0.92,knit,hoodie,241,Patna,Tier-3,Prepaid,festive,2,4,2,1,2,24,32,2025-12-23,8,True,0.33,False,46,50,Medium (35-65),Medium (35-65)
PO001920,2025-11-21,V10,Delhi NCR,False,0.82,woven,chinos,157,Chennai,Tier-1,Prepaid,festive,7,1,1,5,1,34,46,2026-01-06,12,True,0.33,False,55,58,Medium (35-65),Medium (35-65)
PO001947,2025-11-21,V06,Bengaluru,False,0.89,knit,hoodie,151,Vijayawada,Tier-3,COD,festive,8,1,1,1,2,24,29,2025-12-20,5,False,0.409,False,44,83,Medium (35-65),High (65-100)
PO003232,2025-11-21,V05,Bengaluru,False,0.93,knit,sweatshirt,203,Mumbai,Tier-1,COD,festive,1,5,1,1,2,21,28,2025-12-19,7,True,0.426,False,36,61,Medium (35-65),Medium (35-65)
PO003559,2025-11-21,V05,Bengaluru,False,0.93,knit,sweatshirt,224,Delhi,Tier-1,COD,festive,3,4,1,3,1,21,27,2025-12-18,6,True,0.426,False,34,61,Low (0-35),Medium (35-65)
PO003710,2025-11-21,V06,Bengaluru,False,0.89,woven,overshirt,113,Bhubaneswar,Tier-3,Prepaid,festive,4,9,3,3,1,37,51,2026-01-11,14,True,0.38,False,67,65,High (65-100),Medium (35-65)
PO003715,2025-11-21,V02,Tirupur,False,0.88,knit,henley,191,Coimbatore,Tier-2,COD,festive,1,0,2,2,2,22,28,2025-12-19,6,True,0.426,True,43,79,Medium (35-65),High (65-100)
PO004196,2025-11-21,V05,Bengaluru,False,0.93,knit,henley,118,Mumbai,Tier-1,COD,festive,1,1,10,3,2,21,29,2025-12-20,8,True,0.49,True,33,67,Low (0-35),High (65-100)
PO004320,2025-11-21,V01,Tirupur,False,0.92,knit,hoodie,293,Kolkata,Tier-1,COD,festive,3,2,3,1,1,21,26,2025-12-17,5,False,0.392,False,49,78,Medium (35-65),High (65-100)
PO004324,2025-11-21,V02,Tirupur,False,0.88,knit,t-shirt,50,Bhubaneswar,Tier-3,Prepaid,festive,1,1,1,1,1,24,28,2025-12-19,4,False,0.264,False,46,50,Medium (35-65),Medium (35-65)
PO004453,2025-11-21,V07,Ludhiana,False,0.87,knit,t-shirt,146,Kolkata,Tier-1,COD,festive,1,0,1,3,2,21,24,2025-12-15,3,False,0.341,True,24,61,Low (0-35),Medium (35-65)
PO004643,2025-11-21,V02,Tirupur,False,0.88,knit,sweatshirt,162,Chandigarh,Tier-2,COD,festive,12,3,1,4,3,22,29,2025-12-20,7,True,0.604,False,58,100,Medium (35-65),High (65-100)
PO004728,2025-11-21,V07,Ludhiana,False,0.87,knit,hoodie,195,Indore,Tier-2,COD,festive,2,1,2,5,1,22,26,2025-12-17,4,False,0.409,True,32,82,Low (0-35),High (65-100)
PO000283,2025-11-22,V06,Bengaluru,False,0.89,woven,shirt,121,Jodhpur,Tier-3,COD,festive,2,10,4,1,1,37,42,2026-01-03,5,False,0.471,True,63,100,Medium (35-65),High (65-100)
PO000833,2025-11-22,V02,Tirupur,False,0.88,knit,hoodie,166,Bengaluru,Tier-1,COD,festive,7,2,1,0,1,21,28,2025-12-20,7,True,0.426,False,44,72,Medium (35-65),High (65-100)
PO002015,2025-11-22,V02,Tirupur,False,0.88,woven,trouser,203,Delhi,Tier-1,COD,festive,6,19,2,1,1,34,43,2026-01-04,9,True,0.426,True,64,84,Medium (35-65),High (65-100)
PO002867,2025-11-22,V07,Ludhiana,False,0.87,knit,hoodie,280,Kochi,Tier-2,COD,festive,3,1,1,2,2,22,24,2025-12-16,2,False,0.341,True,35,68,Low (0-35),High (65-100)
PO002930,2025-11-22,V04,Tirupur,False,0.9,knit,hoodie,117,Bengaluru,Tier-1,COD,festive,2,0,1,1,2,21,28,2025-12-20,7,True,0.426,False,38,64,Medium (35-65),Medium (35-65)
PO003159,2025-11-22,V04,Tirupur,False,0.9,knit,henley,192,Lucknow,Tier-2,Prepaid,festive,4,2,2,3,1,22,29,2025-12-21,7,True,0.275,False,47,43,Medium (35-65),Medium (35-65)
PO003200,2025-11-22,V08,Ludhiana,False,0.84,knit,hoodie,286,Mumbai,Tier-1,COD,festive,3,1,1,1,2,21,25,2025-12-17,4,False,0.341,False,42,75,Medium (35-65),High (65-100)
PO004053,2025-11-22,V01,Tirupur,False,0.92,knit,sweatshirt,190,Chandigarh,Tier-2,Prepaid,festive,3,1,8,2,1,22,29,2025-12-21,7,True,0.316,False,52,49,Medium (35-65),Medium (35-65)
PO004056,2025-11-22,V01,Tirupur,False,0.92,woven,overshirt,211,Hyderabad,Tier-1,COD,festive,2,4,1,2,1,34,49,2026-01-10,15,True,0.426,True,50,77,Medium (35-65),High (65-100)
PO004509,2025-11-22,V03,Tirupur,False,0.85,woven,overshirt,268,Madurai,Tier-3,COD,festive,3,4,1,1,1,37,52,2026-01-13,15,True,0.512,True,66,98,High (65-100),High (65-100)
PO004748,2025-11-22,V10,Delhi NCR,False,0.82,woven,denim-jacket,149,Lucknow,Tier-2,COD,festive,2,5,4,3,1,35,48,2026-01-09,13,True,0.49,False,66,100,High (65-100),High (65-100)
PO000677,2025-11-23,V01,Tirupur,False,0.92,knit,sweatshirt,194,Surat,Tier-2,COD,festive,7,1,4,2,2,22,29,2025-12-22,7,True,0.49,True,54,85,Medium (35-65),High (65-100)
PO000720,2025-11-23,V12,Bengaluru,True,0.78,knit,t-shirt,189,Ahmedabad,Tier-2,COD,festive,4,1,0,3,1,22,33,2025-12-26,11,True,0.49,True,79,99,High (65-100),High (65-100)
PO000737,2025-11-23,V08,Ludhiana,False,0.84,woven,denim-jacket,260,Mumbai,Tier-1,COD,festive,2,2,3,1,2,34,43,2026-01-05,9,True,0.49,True,53,86,Medium (35-65),High (65-100)
PO000968,2025-11-23,V03,Tirupur,False,0.85,knit,sweatshirt,198,Chennai,Tier-1,Prepaid,festive,1,2,1,1,1,21,29,2025-12-22,8,True,0.275,False,36,28,Medium (35-65),Low (0-35)
PO000977,2025-11-23,V05,Bengaluru,False,0.93,knit,sweatshirt,192,Vadodara,Tier-2,Prepaid,festive,14,1,1,1,2,22,32,2025-12-25,10,True,0.275,True,37,32,Medium (35-65),Low (0-35)
PO001296,2025-11-23,V02,Tirupur,False,0.88,knit,polo,219,Chennai,Tier-1,COD,festive,6,1,2,2,1,21,30,2025-12-23,9,True,0.426,True,44,72,Medium (35-65),High (65-100)
PO001350,2025-11-23,V07,Ludhiana,False,0.87,woven,overshirt,256,Vadodara,Tier-2,Prepaid,festive,5,3,2,2,2,35,39,2026-01-01,4,False,0.22,False,45,45,Medium (35-65),Medium (35-65)
PO002981,2025-11-23,V02,Tirupur,False,0.88,knit,polo,212,Coimbatore,Tier-2,Prepaid,festive,5,1,5,2,2,22,27,2025-12-20,5,False,0.253,False,52,49,Medium (35-65),Medium (35-65)
PO003211,2025-11-23,V01,Tirupur,False,0.92,knit,polo,239,Delhi,Tier-1,Prepaid,festive,1,1,3,1,1,21,27,2025-12-20,6,True,0.316,False,41,42,Medium (35-65),Medium (35-65)
PO003533,2025-11-23,V01,Tirupur,False,0.92,knit,t-shirt,178,Guwahati,Tier-3,Prepaid,festive,3,1,10,1,2,24,37,2025-12-30,13,True,0.38,False,57,56,Medium (35-65),Medium (35-65)
PO003683,2025-11-23,V05,Bengaluru,False,0.93,knit,t-shirt,174,Bengaluru,Tier-1,Prepaid,festive,0,4,1,0,1,21,25,2025-12-18,4,False,0.22,False,26,25,Low (0-35),Low (0-35)
PO003929,2025-11-23,V01,Tirupur,False,0.92,knit,polo,253,Hyderabad,Tier-1,COD,festive,2,1,2,3,2,21,28,2025-12-21,7,True,0.426,False,38,64,Medium (35-65),Medium (35-65)
PO004483,2025-11-23,V02,Tirupur,False,0.88,knit,henley,115,Delhi,Tier-1,COD,festive,4,2,3,2,1,21,31,2025-12-24,10,True,0.49,True,49,78,Medium (35-65),High (65-100)
PO004558,2025-11-23,V08,Ludhiana,False,0.84,woven,overshirt,240,Mumbai,Tier-1,Prepaid,festive,1,1,1,4,2,34,44,2026-01-06,10,True,0.33,True,49,58,Medium (35-65),Medium (35-65)
PO000208,2025-11-24,V02,Tirupur,False,0.88,woven,denim-jacket,156,Jaipur,Tier-2,Prepaid,festive,2,1,5,5,2,35,46,2026-01-09,11,True,0.38,True,61,75,Medium (35-65),High (65-100)
PO000223,2025-11-24,V01,Tirupur,False,0.92,woven,overshirt,194,Indore,Tier-2,COD,festive,5,15,2,0,1,35,53,2026-01-16,18,True,0.426,True,69,91,High (65-100),High (65-100)
PO000918,2025-11-24,V09,Delhi NCR,False,0.86,woven,shirt,109,Jodhpur,Tier-3,Prepaid,festive,3,2,5,4,1,37,49,2026-01-12,12,True,0.455,True,58,72,Medium (35-65),High (65-100)
PO000955,2025-11-24,V12,Bengaluru,True,0.78,woven,trouser,280,Surat,Tier-2,COD,festive,4,2,1,7,2,35,55,2026-01-18,20,True,0.588,True,94,100,High (65-100),High (65-100)
PO001059,2025-11-24,V02,Tirupur,False,0.88,knit,polo,78,Mumbai,Tier-1,Prepaid,festive,1,4,1,1,2,21,28,2025-12-22,7,True,0.275,False,36,28,Medium (35-65),Low (0-35)
PO001207,2025-11-24,V05,Bengaluru,False,0.93,knit,t-shirt,50,Pune,Tier-2,Prepaid,festive,2,1,0,3,1,22,27,2025-12-21,5,False,0.22,False,31,32,Low (0-35),Low (0-35)
PO001335,2025-11-24,V04,Tirupur,False,0.9,knit,t-shirt,221,Kochi,Tier-2,Prepaid,festive,2,0,2,1,2,22,31,2025-12-25,9,True,0.275,False,41,43,Medium (35-65),Medium (35-65)
PO001651,2025-11-24,V09,Delhi NCR,False,0.86,woven,denim-jacket,280,Hyderabad,Tier-1,COD,festive,8,8,4,3,1,34,44,2026-01-07,10,True,0.49,False,55,80,Medium (35-65),High (65-100)
PO001868,2025-11-24,V07,Ludhiana,False,0.87,knit,hoodie,113,Surat,Tier-2,Prepaid,festive,1,1,2,3,3,22,24,2025-12-18,2,False,0.26,False,33,42,Low (0-35),Medium (35-65)
PO002327,2025-11-24,V01,Tirupur,False,0.92,knit,t-shirt,156,Surat,Tier-2,Prepaid,festive,3,1,1,2,3,22,32,2025-12-26,10,True,0.325,False,53,53,Medium (35-65),Medium (35-65)
PO002846,2025-11-24,V02,Tirupur,False,0.88,woven,overshirt,320,Indore,Tier-2,Prepaid,festive,1,6,2,1,1,35,50,2026-01-13,15,True,0.275,True,61,55,Medium (35-65),Medium (35-65)
PO003005,2025-11-24,V05,Bengaluru,False,0.93,knit,polo,210,Pune,Tier-2,COD,festive,4,2,1,0,1,22,26,2025-12-20,4,False,0.341,False,39,68,Medium (35-65),High (65-100)
PO003317,2025-11-24,V01,Tirupur,False,0.92,knit,sweatshirt,165,Vadodara,Tier-2,COD,festive,5,2,2,4,1,22,29,2025-12-23,7,True,0.511,False,52,93,Medium (35-65),High (65-100)
PO004540,2025-11-24,V10,Delhi NCR,False,0.82,knit,hoodie,50,Mumbai,Tier-1,Prepaid,festive,8,1,1,6,1,21,26,2025-12-20,5,False,0.264,False,43,53,Medium (35-65),Medium (35-65)
PO004956,2025-11-24,V05,Bengaluru,False,0.93,knit,henley,229,Raipur,Tier-3,Prepaid,festive,2,1,1,1,1,24,33,2025-12-27,9,True,0.33,True,36,39,Medium (35-65),Medium (35-65)
PO000485,2025-11-25,V10,Delhi NCR,False,0.82,woven,chinos,383,Chennai,Tier-1,Prepaid,festive,13,1,7,1,1,34,45,2026-01-09,11,True,0.316,False,65,57,Medium (35-65),Medium (35-65)
PO000557,2025-11-25,V01,Tirupur,False,0.92,woven,denim-jacket,196,Pune,Tier-2,COD,festive,6,4,0,1,1,35,52,2026-01-16,17,True,0.426,True,61,91,Medium (35-65),High (65-100)
PO000686,2025-11-25,V04,Tirupur,False,0.9,knit,polo,72,Guwahati,Tier-3,Prepaid,festive,8,4,2,2,2,24,33,2025-12-28,9,True,0.33,False,52,50,Medium (35-65),Medium (35-65)
PO001493,2025-11-25,V03,Tirupur,False,0.85,knit,henley,250,Kochi,Tier-2,COD,festive,5,2,6,1,3,22,30,2025-12-25,8,True,0.578,True,60,100,Medium (35-65),High (65-100)
PO001757,2025-11-25,V06,Bengaluru,False,0.89,knit,hoodie,194,Dehradun,Tier-3,COD,festive,2,3,2,0,2,24,29,2025-12-24,5,False,0.409,True,38,75,Medium (35-65),High (65-100)
PO002263,2025-11-25,V02,Tirupur,False,0.88,knit,henley,124,Chennai,Tier-1,COD,festive,6,1,1,0,3,21,32,2025-12-27,11,True,0.503,False,50,82,Medium (35-65),High (65-100)
PO002905,2025-11-25,V04,Tirupur,False,0.9,knit,henley,228,Jaipur,Tier-2,Prepaid,festive,2,0,1,3,3,22,31,2025-12-26,9,True,0.325,True,47,53,Medium (35-65),Medium (35-65)
PO003447,2025-11-25,V02,Tirupur,False,0.88,knit,t-shirt,98,Mumbai,Tier-1,Prepaid,festive,0,1,1,1,3,21,29,2025-12-24,8,True,0.325,False,42,46,Medium (35-65),Medium (35-65)
PO003763,2025-11-25,V05,Bengaluru,False,0.93,knit,sweatshirt,50,Patna,Tier-3,Prepaid,festive,3,1,1,1,1,24,28,2025-12-23,4,False,0.264,False,42,47,Medium (35-65),Medium (35-65)
PO003884,2025-11-25,V04,Tirupur,False,0.9,knit,t-shirt,200,Chandigarh,Tier-2,COD,festive,1,1,3,5,1,22,26,2025-12-21,4,False,0.471,False,51,99,Medium (35-65),High (65-100)
PO003992,2025-11-25,V01,Tirupur,False,0.92,woven,overshirt,307,Chennai,Tier-1,COD,festive,4,1,1,0,3,34,43,2026-01-07,9,True,0.503,False,62,94,Medium (35-65),High (65-100)
PO004521,2025-11-25,V01,Tirupur,False,0.92,knit,hoodie,213,Hyderabad,Tier-1,COD,festive,1,0,3,0,1,21,29,2025-12-24,8,True,0.49,False,43,78,Medium (35-65),High (65-100)
PO004805,2025-11-25,V04,Tirupur,False,0.9,knit,polo,194,Jaipur,Tier-2,COD,festive,11,0,1,1,2,22,28,2025-12-23,6,True,0.426,False,49,79,Medium (35-65),High (65-100)
PO000684,2025-11-26,V05,Bengaluru,False,0.93,knit,hoodie,330,Madurai,Tier-3,Prepaid,festive,3,6,1,0,1,24,31,2025-12-27,7,True,0.33,False,50,47,Medium (35-65),Medium (35-65)
PO000706,2025-11-26,V01,Tirupur,False,0.92,knit,hoodie,300,Ahmedabad,Tier-2,COD,festive,1,0,3,1,1,22,31,2025-12-27,9,True,0.49,False,48,85,Medium (35-65),High (65-100)
PO001108,2025-11-26,V03,Tirupur,False,0.85,knit,t-shirt,52,Bengaluru,Tier-1,Prepaid,festive,1,1,2,5,2,21,29,2025-12-25,8,True,0.33,True,39,42,Medium (35-65),Medium (35-65)
PO001241,2025-11-26,V02,Tirupur,False,0.88,knit,sweatshirt,100,Guwahati,Tier-3,COD,festive,4,2,1,2,2,24,34,2025-12-30,10,True,0.512,False,54,86,Medium (35-65),High (65-100)
PO001648,2025-11-26,V02,Tirupur,False,0.88,knit,hoodie,261,Mysuru,Tier-3,Prepaid,festive,3,1,1,0,1,24,36,2026-01-01,12,True,0.33,False,52,50,Medium (35-65),Medium (35-65)
PO001857,2025-11-26,V01,Tirupur,False,0.92,woven,trouser,359,Chandigarh,Tier-2,COD,festive,1,1,1,1,1,35,47,2026-01-12,12,True,0.426,False,63,91,Medium (35-65),High (65-100)
PO002070,2025-11-26,V09,Delhi NCR,False,0.86,woven,overshirt,86,Vijayawada,Tier-3,Prepaid,festive,1,2,4,1,2,37,42,2026-01-07,5,False,0.304,True,49,58,Medium (35-65),Medium (35-65)
PO002169,2025-11-26,V05,Bengaluru,False,0.93,knit,sweatshirt,166,Patna,Tier-3,COD,festive,3,1,1,1,1,24,30,2025-12-26,6,True,0.512,True,44,83,Medium (35-65),High (65-100)
PO002312,2025-11-26,V01,Tirupur,False,0.92,knit,sweatshirt,195,Delhi,Tier-1,Prepaid,festive,13,4,2,1,1,21,27,2025-12-23,6,True,0.275,False,42,36,Medium (35-65),Medium (35-65)
PO002504,2025-11-26,V01,Tirupur,False,0.92,knit,henley,262,Lucknow,Tier-2,COD,festive,2,9,2,2,2,22,31,2025-12-27,9,True,0.426,False,51,79,Medium (35-65),High (65-100)
PO002547,2025-11-26,V04,Tirupur,False,0.9,woven,chinos,313,Delhi,Tier-1,COD,festive,1,20,2,2,1,34,44,2026-01-09,10,True,0.426,True,58,77,Medium (35-65),High (65-100)
PO002553,2025-11-26,V01,Tirupur,False,0.92,knit,polo,249,Chandigarh,Tier-2,Prepaid,festive,2,0,5,2,2,22,27,2025-12-23,5,False,0.253,True,46,49,Medium (35-65),Medium (35-65)
PO002628,2025-11-26,V01,Tirupur,False,0.92,knit,polo,211,Delhi,Tier-1,Prepaid,festive,1,1,1,0,2,21,29,2025-12-25,8,True,0.275,False,36,28,Medium (35-65),Low (0-35)
PO002775,2025-11-26,V01,Tirupur,False,0.92,knit,sweatshirt,304,Mumbai,Tier-1,Prepaid,festive,4,0,5,0,2,21,25,2025-12-21,4,False,0.253,False,47,42,Medium (35-65),Medium (35-65)
PO003240,2025-11-26,V03,Tirupur,False,0.85,knit,polo,97,Mysuru,Tier-3,COD,festive,15,4,2,1,2,24,38,2026-01-03,14,True,0.512,True,54,86,Medium (35-65),High (65-100)
PO003449,2025-11-26,V01,Tirupur,False,0.92,knit,henley,257,Hyderabad,Tier-1,COD,festive,4,1,6,0,1,21,33,2025-12-29,12,True,0.49,False,49,78,Medium (35-65),High (65-100)
PO003670,2025-11-26,V01,Tirupur,False,0.92,knit,sweatshirt,84,Delhi,Tier-1,COD,festive,2,2,3,0,1,21,27,2025-12-23,6,True,0.49,True,43,78,Medium (35-65),High (65-100)
PO004005,2025-11-26,V02,Tirupur,False,0.88,knit,t-shirt,293,Raipur,Tier-3,Prepaid,festive,3,0,3,1,2,24,40,2026-01-05,16,True,0.38,True,57,56,Medium (35-65),Medium (35-65)
PO004116,2025-11-26,V02,Tirupur,False,0.88,woven,shirt,288,Jaipur,Tier-2,COD,festive,1,11,4,2,2,35,45,2026-01-10,10,True,0.49,False,68,97,High (65-100),High (65-100)
PO004486,2025-11-26,V01,Tirupur,False,0.92,knit,t-shirt,103,Ahmedabad,Tier-2,Prepaid,festive,4,4,0,1,1,22,30,2025-12-26,8,True,0.275,False,47,43,Medium (35-65),Medium (35-65)
PO004771,2025-11-26,V01,Tirupur,False,0.92,knit,hoodie,258,Bengaluru,Tier-1,COD,festive,3,2,2,3,1,21,27,2025-12-23,6,True,0.426,False,44,72,Medium (35-65),High (65-100)
PO004815,2025-11-26,V07,Ludhiana,False,0.87,knit,polo,243,Mumbai,Tier-1,COD,festive,3,1,2,3,3,21,26,2025-12-22,5,False,0.402,True,36,71,Medium (35-65),High (65-100)
PO004915,2025-11-26,V01,Tirupur,False,0.92,knit,sweatshirt,278,Indore,Tier-2,COD,festive,2,1,1,2,2,22,31,2025-12-27,9,True,0.426,True,43,79,Medium (35-65),High (65-100)
PO000305,2025-11-27,V06,Bengaluru,False,0.89,knit,sweatshirt,156,Jaipur,Tier-2,Prepaid,festive,6,4,2,3,2,22,31,2025-12-28,9,True,0.275,True,37,32,Medium (35-65),Low (0-35)
PO000509,2025-11-27,V01,Tirupur,False,0.92,knit,hoodie,324,Guwahati,Tier-3,COD,festive,5,1,2,0,2,24,33,2025-12-30,9,True,0.512,True,54,86,Medium (35-65),High (65-100)
PO000659,2025-11-27,V05,Bengaluru,False,0.93,knit,polo,340,Madurai,Tier-3,COD,festive,2,0,1,1,3,24,30,2025-12-27,6,True,0.604,False,44,93,Medium (35-65),High (65-100)
PO000868,2025-11-27,V04,Tirupur,False,0.9,knit,sweatshirt,273,Vijayawada,Tier-3,COD,festive,6,2,1,1,1,24,26,2025-12-23,2,False,0.409,False,54,86,Medium (35-65),High (65-100)
PO000895,2025-11-27,V07,Ludhiana,False,0.87,woven,denim-jacket,166,Vijayawada,Tier-3,Prepaid,festive,5,1,2,0,1,37,45,2026-01-11,8,True,0.33,False,50,52,Medium (35-65),Medium (35-65)
PO001061,2025-11-27,V05,Bengaluru,False,0.93,knit,sweatshirt,342,Kochi,Tier-2,Prepaid,festive,3,14,2,2,1,22,30,2025-12-27,8,True,0.275,False,45,40,Medium (35-65),Medium (35-65)
PO001179,2025-11-27,V02,Tirupur,False,0.88,knit,hoodie,221,Kolkata,Tier-1,Prepaid,festive,2,0,0,2,1,21,31,2025-12-28,10,True,0.275,False,36,28,Medium (35-65),Low (0-35)
PO001298,2025-11-27,V05,Bengaluru,False,0.93,knit,hoodie,131,Kochi,Tier-2,COD,festive,4,1,1,2,1,22,28,2025-12-25,6,True,0.426,False,39,68,Medium (35-65),High (65-100)
PO002416,2025-11-27,V06,Bengaluru,False,0.89,woven,denim-jacket,171,Mumbai,Tier-1,COD,festive,1,11,2,1,1,34,43,2026-01-09,9,True,0.426,False,48,74,Medium (35-65),High (65-100)
PO002612,2025-11-27,V06,Bengaluru,False,0.89,knit,t-shirt,207,Bhubaneswar,Tier-3,Prepaid,festive,7,0,8,0,3,24,31,2025-12-28,7,True,0.448,False,53,63,Medium (35-65),Medium (35-65)
PO002698,2025-11-27,V07,Ludhiana,False,0.87,knit,hoodie,175,Delhi,Tier-1,Prepaid,festive,4,1,3,0,1,21,24,2025-12-21,3,False,0.253,True,33,31,Low (0-35),Low (0-35)
PO003130,2025-11-27,V05,Bengaluru,False,0.93,knit,sweatshirt,108,Hyderabad,Tier-1,COD,festive,2,1,2,2,1,21,25,2025-12-22,4,False,0.341,False,28,61,Low (0-35),Medium (35-65)
PO003420,2025-11-27,V05,Bengaluru,False,0.93,knit,hoodie,225,Surat,Tier-2,COD,festive,13,2,3,1,3,22,35,2026-01-01,13,True,0.578,True,50,92,Medium (35-65),High (65-100)
PO003531,2025-11-27,V01,Tirupur,False,0.92,knit,henley,237,Mumbai,Tier-1,COD,festive,5,2,2,0,2,21,27,2025-12-24,6,True,0.426,False,44,72,Medium (35-65),High (65-100)
PO003562,2025-11-27,V02,Tirupur,False,0.88,woven,denim-jacket,387,Hyderabad,Tier-1,COD,festive,2,20,8,2,1,34,48,2026-01-14,14,True,0.49,True,71,90,High (65-100),High (65-100)
PO003653,2025-11-27,V06,Bengaluru,False,0.89,woven,trouser,289,Jodhpur,Tier-3,COD,festive,6,20,3,1,1,37,49,2026-01-15,12,True,0.588,False,69,100,High (65-100),High (65-100)
PO003737,2025-11-27,V05,Bengaluru,False,0.93,knit,t-shirt,245,Guwahati,Tier-3,COD,festive,5,2,5,3,2,24,36,2026-01-02,12,True,0.588,True,49,89,Medium (35-65),High (65-100)
PO003844,2025-11-27,V08,Ludhiana,False,0.84,woven,shirt,236,Ranchi,Tier-3,COD,festive,1,0,1,1,1,37,52,2026-01-18,15,True,0.512,True,58,94,Medium (35-65),High (65-100)
PO003925,2025-11-27,V01,Tirupur,False,0.92,knit,henley,119,Ranchi,Tier-3,Prepaid,festive,4,7,1,1,2,24,36,2026-01-02,12,True,0.33,True,60,57,Medium (35-65),Medium (35-65)
PO004084,2025-11-27,V06,Bengaluru,False,0.89,knit,henley,188,Mumbai,Tier-1,Prepaid,festive,14,4,2,2,1,21,28,2025-12-25,7,True,0.275,False,32,25,Low (0-35),Low (0-35)
PO004244,2025-11-27,V01,Tirupur,False,0.92,knit,henley,50,Kolkata,Tier-1,COD,festive,2,0,4,2,1,21,21,2025-12-18,0,False,0.392,False,43,78,Medium (35-65),High (65-100)
PO004289,2025-11-27,V01,Tirupur,False,0.92,knit,sweatshirt,274,Bhubaneswar,Tier-3,Prepaid,festive,3,1,1,1,1,24,34,2025-12-31,10,True,0.33,False,52,50,Medium (35-65),Medium (35-65)
PO004408,2025-11-27,V02,Tirupur,False,0.88,knit,henley,276,Ranchi,Tier-3,Prepaid,festive,1,0,0,2,2,24,35,2026-01-01,11,True,0.33,True,46,50,Medium (35-65),Medium (35-65)
PO004527,2025-11-27,V01,Tirupur,False,0.92,knit,polo,197,Kolkata,Tier-1,Prepaid,festive,4,3,3,2,1,21,32,2025-12-29,11,True,0.316,True,47,42,Medium (35-65),Medium (35-65)
PO004599,2025-11-27,V03,Tirupur,False,0.85,knit,t-shirt,158,Ranchi,Tier-3,COD,festive,2,2,3,1,1,24,33,2025-12-30,9,True,0.588,False,53,92,Medium (35-65),High (65-100)
PO004730,2025-11-27,V05,Bengaluru,False,0.93,knit,sweatshirt,190,Bengaluru,Tier-1,Prepaid,festive,1,1,3,2,1,21,31,2025-12-28,10,True,0.316,True,31,31,Low (0-35),Low (0-35)
PO004890,2025-11-27,V09,Delhi NCR,False,0.86,woven,shirt,80,Ahmedabad,Tier-2,COD,festive,9,5,3,0,1,35,53,2026-01-19,18,True,0.49,True,60,94,Medium (35-65),High (65-100)
PO000073,2025-11-28,V02,Tirupur,False,0.88,knit,t-shirt,55,Nagpur,Tier-3,Prepaid,festive,6,1,2,4,2,24,29,2025-12-27,5,False,0.317,False,55,64,Medium (35-65),Medium (35-65)
PO000285,2025-11-28,V02,Tirupur,False,0.88,woven,shirt,135,Pune,Tier-2,COD,festive,1,4,2,2,2,35,46,2026-01-13,11,True,0.426,True,55,84,Medium (35-65),High (65-100)
PO001026,2025-11-28,V04,Tirupur,False,0.9,knit,sweatshirt,205,Raipur,Tier-3,COD,festive,3,1,2,2,2,24,35,2026-01-02,11,True,0.512,True,54,86,Medium (35-65),High (65-100)
PO001039,2025-11-28,V03,Tirupur,False,0.85,woven,trouser,100,Kolkata,Tier-1,Prepaid,festive,2,4,2,4,2,34,49,2026-01-16,15,True,0.33,False,51,55,Medium (35-65),Medium (35-65)
PO001156,2025-11-28,V08,Ludhiana,False,0.84,woven,overshirt,276,Surat,Tier-2,COD,festive,2,1,6,3,1,35,55,2026-01-22,20,True,0.49,False,58,93,Medium (35-65),High (65-100)
PO001221,2025-11-28,V06,Bengaluru,False,0.89,knit,polo,182,Lucknow,Tier-2,Prepaid,festive,6,20,3,0,2,22,32,2025-12-30,10,True,0.316,False,50,46,Medium (35-65),Medium (35-65)
PO001562,2025-11-28,V06,Bengaluru,False,0.89,knit,polo,133,Tiruchirappalli,Tier-3,COD,festive,2,7,4,2,1,24,36,2026-01-03,12,True,0.588,False,51,89,Medium (35-65),High (65-100)
PO001608,2025-11-28,V01,Tirupur,False,0.92,knit,henley,50,Tiruchirappalli,Tier-3,COD,festive,1,1,3,2,1,24,33,2025-12-31,9,True,0.588,True,53,92,Medium (35-65),High (65-100)
PO001731,2025-11-28,V05,Bengaluru,False,0.93,knit,henley,156,Delhi,Tier-1,COD,festive,0,1,1,0,3,21,25,2025-12-23,4,False,0.402,True,34,71,Low (0-35),High (65-100)
PO001886,2025-11-28,V10,Delhi NCR,False,0.82,woven,overshirt,97,Chandigarh,Tier-2,COD,festive,3,3,6,3,1,35,45,2026-01-12,10,True,0.49,False,64,100,Medium (35-65),High (65-100)
PO001938,2025-11-28,V08,Ludhiana,False,0.84,woven,denim-jacket,226,Bhubaneswar,Tier-3,COD,festive,1,1,5,1,2,37,36,2026-01-03,-1,False,0.471,True,63,100,Medium (35-65),High (65-100)
PO001965,2025-11-28,V05,Bengaluru,False,0.93,woven,chinos,241,Delhi,Tier-1,COD,festive,3,3,5,2,1,34,36,2026-01-03,2,False,0.392,False,51,80,Medium (35-65),High (65-100)
PO002058,2025-11-28,V03,Tirupur,False,0.85,knit,t-shirt,363,Bengaluru,Tier-1,COD,festive,7,0,2,1,1,21,25,2025-12-23,4,False,0.341,False,52,72,Medium (35-65),High (65-100)
PO002321,2025-11-28,V01,Tirupur,False,0.92,knit,henley,195,Vijayawada,Tier-3,COD,festive,9,1,2,3,1,24,37,2026-01-04,13,True,0.512,False,54,86,Medium (35-65),High (65-100)
PO002586,2025-11-28,V02,Tirupur,False,0.88,knit,henley,137,Vijayawada,Tier-3,COD,festive,1,3,3,2,2,24,36,2026-01-03,12,True,0.588,True,53,92,Medium (35-65),High (65-100)
PO002717,2025-11-28,V02,Tirupur,False,0.88,knit,henley,97,Chennai,Tier-1,Prepaid,festive,1,1,8,3,1,21,21,2025-12-19,0,False,0.253,False,41,42,Medium (35-65),Medium (35-65)
PO002746,2025-11-28,V04,Tirupur,False,0.9,woven,denim-jacket,283,Raipur,Tier-3,COD,festive,1,10,1,0,1,37,52,2026-01-19,15,True,0.512,False,68,98,High (65-100),High (65-100)
PO002754,2025-11-28,V05,Bengaluru,False,0.93,woven,trouser,333,Bhubaneswar,Tier-3,Prepaid,festive,8,3,4,1,1,37,41,2026-01-08,4,False,0.304,True,59,58,Medium (35-65),Medium (35-65)
PO003106,2025-11-28,V02,Tirupur,False,0.88,woven,chinos,314,Coimbatore,Tier-2,Prepaid,festive,7,2,2,3,1,35,52,2026-01-19,17,True,0.275,False,59,48,Medium (35-65),Medium (35-65)
PO003150,2025-11-28,V01,Tirupur,False,0.92,knit,sweatshirt,126,Mysuru,Tier-3,COD,festive,5,2,2,2,3,24,30,2025-12-28,6,True,0.604,False,60,100,Medium (35-65),High (65-100)
PO003193,2025-11-28,V05,Bengaluru,False,0.93,woven,overshirt,115,Nagpur,Tier-3,COD,festive,4,20,0,1,2,37,54,2026-01-21,17,True,0.512,False,64,95,Medium (35-65),High (65-100)
PO003633,2025-11-28,V11,Tirupur,True,0.75,knit,sweatshirt,306,Vadodara,Tier-2,Prepaid,festive,1,1,2,6,2,22,43,2026-01-10,21,True,0.379,True,88,82,High (65-100),High (65-100)
PO003698,2025-11-28,V09,Delhi NCR,False,0.86,knit,polo,221,Kolkata,Tier-1,COD,festive,3,4,0,0,1,21,25,2025-12-23,4,False,0.341,False,30,61,Low (0-35),Medium (35-65)
PO003821,2025-11-28,V05,Bengaluru,False,0.93,woven,chinos,207,Dehradun,Tier-3,COD,festive,8,2,3,0,2,37,50,2026-01-17,13,True,0.588,False,61,100,Medium (35-65),High (65-100)
PO003906,2025-11-28,V05,Bengaluru,False,0.93,knit,henley,74,Kochi,Tier-2,Prepaid,festive,5,1,1,2,1,22,28,2025-12-26,6,True,0.275,True,37,32,Medium (35-65),Low (0-35)
PO004172,2025-11-28,V01,Tirupur,False,0.92,knit,hoodie,315,Bengaluru,Tier-1,Prepaid,festive,2,1,10,1,1,21,28,2025-12-26,7,True,0.316,False,41,42,Medium (35-65),Medium (35-65)
PO004216,2025-11-28,V01,Tirupur,False,0.92,knit,hoodie,243,Hyderabad,Tier-1,COD,festive,2,1,2,0,1,21,24,2025-12-22,3,False,0.341,False,38,64,Medium (35-65),Medium (35-65)
PO004382,2025-11-28,V05,Bengaluru,False,0.93,knit,polo,166,Jaipur,Tier-2,COD,festive,8,4,4,2,3,22,28,2025-12-26,6,True,0.578,True,50,92,Medium (35-65),High (65-100)
PO004514,2025-11-28,V05,Bengaluru,False,0.93,knit,t-shirt,163,Indore,Tier-2,COD,festive,1,0,2,2,2,22,23,2025-12-21,1,False,0.341,False,33,68,Low (0-35),High (65-100)
PO000079,2025-11-29,V02,Tirupur,False,0.88,knit,polo,129,Kolkata,Tier-1,COD,festive,2,1,2,0,1,21,27,2025-12-26,6,True,0.426,False,38,64,Medium (35-65),Medium (35-65)
PO000129,2025-11-29,V03,Tirupur,False,0.85,knit,t-shirt,238,Vijayawada,Tier-3,Prepaid,festive,1,1,4,2,3,24,34,2026-01-02,10,True,0.448,True,57,66,Medium (35-65),High (65-100)
PO000543,2025-11-29,V03,Tirupur,False,0.85,knit,hoodie,220,Mumbai,Tier-1,Prepaid,festive,1,2,1,1,1,21,26,2025-12-25,5,False,0.22,True,36,28,Medium (35-65),Low (0-35)
PO000812,2025-11-29,V01,Tirupur,False,0.92,knit,t-shirt,225,Bengaluru,Tier-1,Prepaid,festive,2,2,2,1,1,21,29,2025-12-28,8,True,0.275,False,36,28,Medium (35-65),Low (0-35)
PO000850,2025-11-29,V01,Tirupur,False,0.92,knit,sweatshirt,195,Coimbatore,Tier-2,Prepaid,festive,1,0,1,0,2,22,31,2025-12-30,9,True,0.275,False,41,43,Medium (35-65),Medium (35-65)
PO001092,2025-11-29,V05,Bengaluru,False,0.93,knit,hoodie,246,Nagpur,Tier-3,Prepaid,festive,2,2,1,0,1,24,33,2026-01-01,9,True,0.33,True,36,39,Medium (35-65),Medium (35-65)
PO001278,2025-11-29,V05,Bengaluru,False,0.93,knit,polo,135,Kolkata,Tier-1,COD,festive,1,1,1,1,1,21,28,2025-12-27,7,True,0.426,True,28,61,Low (0-35),Medium (35-65)
PO001713,2025-11-29,V08,Ludhiana,False,0.84,knit,henley,210,Mysuru,Tier-3,Prepaid,festive,4,4,1,2,2,24,31,2025-12-30,7,True,0.33,False,50,53,Medium (35-65),Medium (35-65)
PO001900,2025-11-29,V01,Tirupur,False,0.92,woven,overshirt,171,Kolkata,Tier-1,COD,festive,1,5,1,2,1,34,49,2026-01-17,15,True,0.426,False,58,77,Medium (35-65),High (65-100)
PO002160,2025-11-29,V09,Delhi NCR,False,0.86,woven,chinos,296,Ranchi,Tier-3,COD,festive,1,5,7,0,2,37,47,2026-01-15,10,True,0.588,True,59,94,Medium (35-65),High (65-100)
PO002163,2025-11-29,V05,Bengaluru,False,0.93,knit,henley,172,Surat,Tier-2,COD,festive,2,6,1,0,1,22,30,2025-12-29,8,True,0.426,False,41,76,Medium (35-65),High (65-100)
PO003783,2025-11-29,V01,Tirupur,False,0.92,knit,polo,50,Pune,Tier-2,COD,festive,11,0,3,0,1,22,29,2025-12-28,7,True,0.49,False,54,85,Medium (35-65),High (65-100)
PO003919,2025-11-29,V08,Ludhiana,False,0.84,woven,denim-jacket,149,Kolkata,Tier-1,COD,festive,2,2,1,2,1,34,44,2026-01-12,10,True,0.426,False,48,80,Medium (35-65),High (65-100)
PO003983,2025-11-29,V04,Tirupur,False,0.9,knit,t-shirt,243,Hyderabad,Tier-1,Prepaid,festive,3,1,4,2,1,21,27,2025-12-26,6,True,0.316,True,47,42,Medium (35-65),Medium (35-65)
PO004023,2025-11-29,V06,Bengaluru,False,0.89,knit,t-shirt,331,Jodhpur,Tier-3,COD,festive,2,3,2,3,1,24,31,2025-12-30,7,True,0.512,False,38,75,Medium (35-65),High (65-100)
PO004179,2025-11-29,V01,Tirupur,False,0.92,knit,henley,124,Bhubaneswar,Tier-3,COD,festive,10,0,1,0,1,24,29,2025-12-28,5,False,0.409,False,54,86,Medium (35-65),High (65-100)
PO004921,2025-11-29,V01,Tirupur,False,0.92,knit,polo,153,Raipur,Tier-3,Prepaid,festive,1,1,2,2,2,24,29,2025-12-28,5,False,0.264,False,46,50,Medium (35-65),Medium (35-65)
PO000114,2025-11-30,V01,Tirupur,False,0.92,knit,hoodie,226,Patna,Tier-3,COD,festive,2,1,2,2,1,24,34,2026-01-03,10,True,0.512,True,48,86,Medium (35-65),High (65-100)
PO000486,2025-11-30,V03,Tirupur,False,0.85,knit,henley,113,Mysuru,Tier-3,Prepaid,festive,2,5,2,1,2,24,34,2026-01-03,10,True,0.33,False,54,50,Medium (35-65),Medium (35-65)
PO000636,2025-11-30,V05,Bengaluru,False,0.93,knit,polo,222,Vadodara,Tier-2,Prepaid,festive,12,0,2,1,2,22,26,2025-12-26,4,False,0.22,False,37,32,Medium (35-65),Low (0-35)
PO000803,2025-11-30,V06,Bengaluru,False,0.89,knit,t-shirt,72,Delhi,Tier-1,Prepaid,festive,4,3,1,1,3,21,30,2025-12-30,9,True,0.325,False,38,35,Medium (35-65),Low (0-35)
PO001101,2025-11-30,V02,Tirupur,False,0.88,knit,hoodie,270,Hyderabad,Tier-1,COD,festive,1,1,2,3,3,21,25,2025-12-25,4,False,0.402,False,44,82,Medium (35-65),High (65-100)
PO001197,2025-11-30,V01,Tirupur,False,0.92,knit,henley,167,Delhi,Tier-1,COD,festive,3,1,10,4,2,21,29,2025-12-29,8,True,0.588,False,52,92,Medium (35-65),High (65-100)
PO001732,2025-11-30,V05,Bengaluru,False,0.93,knit,polo,161,Jaipur,Tier-2,COD,festive,5,3,1,0,2,22,27,2025-12-27,5,False,0.341,False,39,68,Medium (35-65),High (65-100)
PO001787,2025-11-30,V06,Bengaluru,False,0.89,knit,t-shirt,212,Kochi,Tier-2,COD,festive,3,3,3,0,1,22,32,2026-01-01,10,True,0.49,False,44,82,Medium (35-65),High (65-100)
PO002424,2025-11-30,V01,Tirupur,False,0.92,knit,polo,200,Hyderabad,Tier-1,Prepaid,festive,4,7,2,1,2,21,30,2025-12-30,9,True,0.275,False,50,36,Medium (35-65),Medium (35-65)
PO002878,2025-11-30,V02,Tirupur,False,0.88,knit,polo,50,Tiruchirappalli,Tier-3,COD,festive,8,3,1,3,1,24,34,2026-01-03,10,True,0.512,True,54,86,Medium (35-65),High (65-100)
PO003117,2025-11-30,V05,Bengaluru,False,0.93,knit,henley,243,Raipur,Tier-3,Prepaid,festive,3,1,6,0,1,24,31,2025-12-31,7,True,0.38,False,47,53,Medium (35-65),Medium (35-65)
PO003367,2025-11-30,V01,Tirupur,False,0.92,knit,sweatshirt,261,Vijayawada,Tier-3,COD,festive,2,1,4,0,1,24,31,2025-12-31,7,True,0.588,False,53,92,Medium (35-65),High (65-100)
PO003435,2025-11-30,V05,Bengaluru,False,0.93,knit,t-shirt,373,Jaipur,Tier-2,COD,festive,0,0,2,1,3,22,28,2025-12-28,6,True,0.503,True,47,86,Medium (35-65),High (65-100)
PO003508,2025-11-30,V04,Tirupur,False,0.9,knit,sweatshirt,227,Indore,Tier-2,Prepaid,festive,4,2,3,2,1,22,26,2025-12-26,4,False,0.253,True,52,49,Medium (35-65),Medium (35-65)
PO003969,2025-11-30,V03,Tirupur,False,0.85,knit,henley,330,Delhi,Tier-1,COD,festive,2,1,1,3,2,21,26,2025-12-26,5,False,0.341,True,38,64,Medium (35-65),Medium (35-65)
PO004140,2025-11-30,V01,Tirupur,False,0.92,woven,chinos,54,Raipur,Tier-3,COD,festive,1,2,5,1,1,37,49,2026-01-18,12,True,0.588,True,65,100,Medium (35-65),High (65-100)
PO004270,2025-11-30,V09,Delhi NCR,False,0.86,woven,overshirt,279,Indore,Tier-2,COD,festive,2,8,0,1,2,35,41,2026-01-10,6,True,0.426,True,49,81,Medium (35-65),High (65-100)
PO004691,2025-11-30,V01,Tirupur,False,0.92,knit,t-shirt,341,Raipur,Tier-3,COD,festive,10,0,1,7,1,24,34,2026-01-03,10,True,0.614,True,57,100,Medium (35-65),High (65-100)
PO004803,2025-11-30,V05,Bengaluru,False,0.93,knit,polo,189,Bhubaneswar,Tier-3,COD,festive,2,2,1,1,2,24,32,2026-01-01,8,True,0.512,False,38,75,Medium (35-65),High (65-100)
PO000782,2025-12-01,V05,Bengaluru,False,0.93,knit,henley,236,Vadodara,Tier-2,Prepaid,normal,2,2,2,1,1,22,22,2025-12-23,0,False,0.22,False,19,22,Low (0-35),Low (0-35)
PO001446,2025-12-01,V01,Tirupur,False,0.92,knit,hoodie,50,Lucknow,Tier-2,COD,normal,3,1,0,1,3,22,23,2025-12-24,1,False,0.325,True,43,65,Medium (35-65),Medium (35-65)
PO002129,2025-12-01,V04,Tirupur,False,0.9,knit,hoodie,174,Kolkata,Tier-1,COD,normal,2,1,1,2,1,21,24,2025-12-25,3,False,0.275,False,26,40,Low (0-35),Medium (35-65)
PO002731,2025-12-01,V01,Tirupur,False,0.92,knit,t-shirt,198,Lucknow,Tier-2,COD,normal,1,1,2,1,3,22,27,2025-12-28,5,False,0.325,False,37,57,Medium (35-65),Medium (35-65)
PO003724,2025-12-01,V02,Tirupur,False,0.88,knit,sweatshirt,288,Nagpur,Tier-3,Prepaid,normal,1,3,1,1,1,24,27,2025-12-28,3,False,0.264,False,34,32,Low (0-35),Low (0-35)
PO003833,2025-12-01,V02,Tirupur,False,0.88,woven,denim-jacket,113,Bhubaneswar,Tier-3,COD,normal,4,5,1,1,1,37,38,2026-01-08,1,False,0.33,False,62,74,Medium (35-65),High (65-100)
PO000534,2025-12-02,V06,Bengaluru,False,0.89,knit,t-shirt,50,Kochi,Tier-2,Prepaid,normal,0,1,1,2,1,22,22,2025-12-24,0,False,0.22,False,19,22,Low (0-35),Low (0-35)
PO000876,2025-12-02,V05,Bengaluru,False,0.93,knit,polo,180,Mumbai,Tier-1,COD,normal,3,1,1,4,3,21,19,2025-12-21,-2,False,0.389,True,31,61,Low (0-35),Medium (35-65)
PO000958,2025-12-02,V02,Tirupur,False,0.88,knit,hoodie,293,Chandigarh,Tier-2,Prepaid,normal,1,2,3,1,2,22,25,2025-12-27,3,False,0.253,False,34,31,Low (0-35),Low (0-35)
PO001027,2025-12-02,V01,Tirupur,False,0.92,knit,sweatshirt,116,Ahmedabad,Tier-2,COD,normal,10,1,3,1,3,22,25,2025-12-27,3,False,0.373,False,48,71,Medium (35-65),High (65-100)
PO001190,2025-12-02,V02,Tirupur,False,0.88,knit,t-shirt,259,Jaipur,Tier-2,Prepaid,normal,2,0,1,1,2,22,19,2025-12-21,-3,False,0.22,False,29,25,Low (0-35),Low (0-35)
PO003415,2025-12-02,V03,Tirupur,False,0.85,knit,sweatshirt,194,Chandigarh,Tier-2,COD,normal,1,0,1,1,3,22,23,2025-12-25,1,False,0.325,False,37,57,Medium (35-65),Medium (35-65)
PO003680,2025-12-02,V02,Tirupur,False,0.88,knit,polo,174,Hyderabad,Tier-1,Prepaid,normal,8,1,1,3,1,21,29,2025-12-31,8,True,0.275,False,30,18,Low (0-35),Low (0-35)
PO003807,2025-12-02,V06,Bengaluru,False,0.89,knit,polo,134,Bengaluru,Tier-1,COD,normal,2,7,7,2,2,21,25,2025-12-27,4,False,0.316,False,29,43,Low (0-35),Medium (35-65)
PO003868,2025-12-02,V02,Tirupur,False,0.88,woven,chinos,107,Chennai,Tier-1,COD,normal,15,1,1,2,1,34,38,2026-01-09,4,False,0.275,True,44,53,Medium (35-65),Medium (35-65)
PO004619,2025-12-02,V01,Tirupur,False,0.92,knit,sweatshirt,85,Delhi,Tier-1,Prepaid,normal,0,1,2,1,3,21,26,2025-12-28,5,False,0.26,False,30,28,Low (0-35),Low (0-35)
PO004844,2025-12-02,V05,Bengaluru,False,0.93,knit,polo,157,Hyderabad,Tier-1,Prepaid,normal,4,2,1,2,2,21,20,2025-12-22,-1,False,0.22,True,20,15,Low (0-35),Low (0-35)
PO001431,2025-12-03,V07,Ludhiana,False,0.87,knit,sweatshirt,310,Coimbatore,Tier-2,Prepaid,normal,1,1,1,0,1,22,24,2025-12-27,2,False,0.22,False,15,22,Low (0-35),Low (0-35)
PO002313,2025-12-03,V03,Tirupur,False,0.85,knit,sweatshirt,59,Delhi,Tier-1,COD,normal,0,0,2,3,1,21,24,2025-12-27,3,False,0.275,False,26,40,Low (0-35),Medium (35-65)
PO003047,2025-12-03,V01,Tirupur,False,0.92,woven,overshirt,264,Ahmedabad,Tier-2,Prepaid,normal,2,3,0,4,2,35,39,2026-01-11,4,False,0.264,True,44,52,Medium (35-65),Medium (35-65)
PO003126,2025-12-03,V01,Tirupur,False,0.92,knit,henley,185,Coimbatore,Tier-2,COD,normal,1,1,3,1,1,22,26,2025-12-29,4,False,0.316,False,36,53,Medium (35-65),Medium (35-65)
PO003144,2025-12-03,V09,Delhi NCR,False,0.86,knit,sweatshirt,325,Tiruchirappalli,Tier-3,Prepaid,normal,5,3,1,2,2,24,26,2025-12-29,2,False,0.264,False,26,29,Low (0-35),Low (0-35)
PO003405,2025-12-03,V07,Ludhiana,False,0.87,knit,sweatshirt,249,Tiruchirappalli,Tier-3,COD,normal,1,2,2,1,2,24,29,2026-01-01,5,False,0.33,False,22,51,Low (0-35),Medium (35-65)
PO004112,2025-12-03,V03,Tirupur,False,0.85,knit,hoodie,171,Chennai,Tier-1,Prepaid,normal,2,2,1,2,2,21,21,2025-12-24,0,False,0.22,False,24,18,Low (0-35),Low (0-35)
PO004524,2025-12-03,V03,Tirupur,False,0.85,knit,henley,101,Chandigarh,Tier-2,COD,normal,1,1,3,1,1,22,25,2025-12-28,3,False,0.316,False,36,53,Medium (35-65),Medium (35-65)
PO004974,2025-12-03,V01,Tirupur,False,0.92,knit,sweatshirt,305,Indore,Tier-2,COD,normal,3,1,5,1,1,22,21,2025-12-24,-1,False,0.316,True,42,61,Medium (35-65),Medium (35-65)
PO001028,2025-12-04,V05,Bengaluru,False,0.93,knit,hoodie,230,Guwahati,Tier-3,Prepaid,normal,7,4,3,1,2,24,25,2025-12-29,1,False,0.304,False,35,35,Low (0-35),Low (0-35)
PO001125,2025-12-04,V04,Tirupur,False,0.9,knit,polo,143,Tiruchirappalli,Tier-3,Prepaid,normal,3,2,0,3,1,24,28,2026-01-01,4,False,0.264,False,40,40,Medium (35-65),Medium (35-65)
PO001137,2025-12-04,V02,Tirupur,False,0.88,knit,sweatshirt,207,Kochi,Tier-2,COD,normal,9,3,1,4,2,22,20,2025-12-24,-2,False,0.33,False,40,69,Medium (35-65),High (65-100)
PO001438,2025-12-04,V04,Tirupur,False,0.9,knit,polo,232,Mumbai,Tier-1,COD,normal,2,1,3,4,1,21,21,2025-12-25,0,False,0.38,False,34,60,Low (0-35),Medium (35-65)
PO001953,2025-12-04,V03,Tirupur,False,0.85,knit,polo,192,Hyderabad,Tier-1,Prepaid,normal,7,1,2,1,2,21,23,2025-12-27,2,False,0.22,False,30,18,Low (0-35),Low (0-35)
PO002578,2025-12-04,V02,Tirupur,False,0.88,knit,t-shirt,351,Pune,Tier-2,COD,normal,3,2,0,3,1,22,28,2026-01-01,6,True,0.344,False,45,55,Medium (35-65),Medium (35-65)
PO003904,2025-12-04,V06,Bengaluru,False,0.89,knit,henley,322,Mumbai,Tier-1,COD,normal,1,0,4,2,1,21,24,2025-12-28,3,False,0.316,False,21,43,Low (0-35),Medium (35-65)
PO004848,2025-12-04,V03,Tirupur,False,0.85,knit,sweatshirt,116,Vijayawada,Tier-3,COD,normal,1,2,2,1,2,24,28,2026-01-01,4,False,0.33,True,36,54,Medium (35-65),Medium (35-65)
PO001077,2025-12-05,V01,Tirupur,False,0.92,knit,t-shirt,191,Kolkata,Tier-1,Prepaid,normal,1,1,5,1,2,21,23,2025-12-28,2,False,0.253,False,29,24,Low (0-35),Low (0-35)
PO001609,2025-12-05,V05,Bengaluru,False,0.93,knit,sweatshirt,141,Kolkata,Tier-1,Prepaid,normal,4,3,3,2,1,21,25,2025-12-30,4,False,0.253,False,25,21,Low (0-35),Low (0-35)
PO001700,2025-12-05,V01,Tirupur,False,0.92,knit,t-shirt,112,Bengaluru,Tier-1,Prepaid,normal,1,1,4,0,2,21,27,2026-01-01,6,True,0.316,False,29,24,Low (0-35),Low (0-35)
PO002238,2025-12-05,V01,Tirupur,False,0.92,knit,sweatshirt,124,Hyderabad,Tier-1,Prepaid,normal,6,2,1,1,1,21,26,2025-12-31,5,False,0.22,False,30,18,Low (0-35),Low (0-35)
PO002901,2025-12-05,V02,Tirupur,False,0.88,knit,t-shirt,385,Bhubaneswar,Tier-3,COD,normal,3,1,2,2,3,24,30,2026-01-04,6,True,0.487,False,56,72,Medium (35-65),High (65-100)
PO003789,2025-12-05,V08,Ludhiana,False,0.84,woven,overshirt,81,Jaipur,Tier-2,COD,normal,1,10,1,3,3,35,42,2026-01-16,7,True,0.406,False,55,73,Medium (35-65),High (65-100)
PO004016,2025-12-05,V02,Tirupur,False,0.88,knit,polo,50,Kolkata,Tier-1,COD,normal,2,0,4,3,1,21,22,2025-12-27,1,False,0.316,True,31,46,Low (0-35),Medium (35-65)
PO004281,2025-12-05,V03,Tirupur,False,0.85,woven,trouser,67,Delhi,Tier-1,COD,normal,0,17,1,1,1,34,38,2026-01-12,4,False,0.275,False,46,53,Medium (35-65),Medium (35-65)
PO004353,2025-12-05,V05,Bengaluru,False,0.93,knit,sweatshirt,264,Nagpur,Tier-3,COD,normal,2,5,0,3,3,24,26,2025-12-31,2,False,0.389,False,40,69,Medium (35-65),High (65-100)
PO000207,2025-12-06,V05,Bengaluru,False,0.93,knit,henley,118,Bengaluru,Tier-1,Prepaid,normal,3,0,2,4,1,21,22,2025-12-28,1,False,0.264,False,23,29,Low (0-35),Low (0-35)
PO001121,2025-12-06,V09,Delhi NCR,False,0.86,woven,shirt,177,Raipur,Tier-3,Prepaid,normal,1,9,2,2,1,37,39,2026-01-14,2,False,0.264,False,40,42,Medium (35-65),Medium (35-65)
PO001693,2025-12-06,V01,Tirupur,False,0.92,knit,polo,175,Kolkata,Tier-1,COD,normal,1,0,0,0,1,21,24,2025-12-30,3,False,0.275,False,26,40,Low (0-35),Medium (35-65)
PO002340,2025-12-06,V10,Delhi NCR,False,0.82,woven,trouser,219,Guwahati,Tier-3,COD,normal,4,1,4,2,2,37,37,2026-01-12,0,False,0.38,False,57,76,Medium (35-65),High (65-100)
PO002875,2025-12-06,V05,Bengaluru,False,0.93,woven,denim-jacket,50,Bhubaneswar,Tier-3,Prepaid,normal,2,2,1,3,3,37,43,2026-01-18,6,True,0.389,False,42,52,Medium (35-65),Medium (35-65)
PO003487,2025-12-06,V02,Tirupur,False,0.88,knit,polo,187,Jodhpur,Tier-3,COD,normal,3,2,1,0,3,24,31,2026-01-06,7,True,0.487,False,48,72,Medium (35-65),High (65-100)
PO003761,2025-12-06,V05,Bengaluru,False,0.93,knit,hoodie,170,Delhi,Tier-1,COD,normal,1,1,2,1,2,21,21,2025-12-27,0,False,0.275,False,16,37,Low (0-35),Medium (35-65)
PO004186,2025-12-06,V01,Tirupur,False,0.92,knit,sweatshirt,157,Chennai,Tier-1,COD,normal,1,1,1,1,2,21,26,2026-01-01,5,False,0.275,False,26,40,Low (0-35),Medium (35-65)
PO004743,2025-12-06,V05,Bengaluru,False,0.93,knit,sweatshirt,128,Kolkata,Tier-1,COD,normal,3,1,1,1,2,21,25,2025-12-31,4,False,0.275,False,22,37,Low (0-35),Medium (35-65)
PO004773,2025-12-06,V05,Bengaluru,False,0.93,knit,polo,89,Ranchi,Tier-3,COD,normal,1,2,7,1,1,24,30,2026-01-05,6,True,0.474,False,31,57,Low (0-35),Medium (35-65)
PO000122,2025-12-07,V03,Tirupur,False,0.85,woven,shirt,228,Tiruchirappalli,Tier-3,COD,normal,1,4,1,2,1,37,36,2026-01-12,-1,False,0.33,False,48,67,Medium (35-65),High (65-100)
PO000397,2025-12-07,V01,Tirupur,False,0.92,knit,sweatshirt,175,Raipur,Tier-3,COD,normal,5,1,0,3,3,24,25,2026-01-01,1,False,0.389,True,48,72,Medium (35-65),High (65-100)
PO001151,2025-12-07,V01,Tirupur,False,0.92,knit,henley,240,Jodhpur,Tier-3,Prepaid,normal,2,0,2,4,2,24,32,2026-01-08,8,True,0.396,False,37,46,Medium (35-65),Medium (35-65)
PO002555,2025-12-07,V01,Tirupur,False,0.92,knit,sweatshirt,253,Nagpur,Tier-3,COD,normal,1,1,2,1,2,24,21,2025-12-28,-3,False,0.33,False,36,54,Medium (35-65),Medium (35-65)
PO002590,2025-12-07,V06,Bengaluru,False,0.89,knit,henley,215,Madurai,Tier-3,COD,normal,5,1,1,1,1,24,28,2026-01-04,4,False,0.33,False,32,51,Low (0-35),Medium (35-65)
PO002624,2025-12-07,V02,Tirupur,False,0.88,knit,hoodie,255,Tiruchirappalli,Tier-3,COD,normal,3,1,1,1,1,24,30,2026-01-06,6,True,0.413,False,42,62,Medium (35-65),Medium (35-65)
PO003128,2025-12-07,V01,Tirupur,False,0.92,knit,polo,224,Jaipur,Tier-2,Prepaid,normal,2,1,2,0,3,22,26,2026-01-02,4,False,0.26,False,35,35,Low (0-35),Low (0-35)
PO003206,2025-12-07,V07,Ludhiana,False,0.87,knit,sweatshirt,171,Mumbai,Tier-1,COD,normal,2,0,2,0,1,21,24,2025-12-31,3,False,0.275,False,12,37,Low (0-35),Medium (35-65)
PO003450,2025-12-07,V05,Bengaluru,False,0.93,knit,henley,200,Vijayawada,Tier-3,Prepaid,normal,6,3,1,3,2,24,26,2026-01-02,2,False,0.264,False,30,29,Low (0-35),Low (0-35)
PO003942,2025-12-07,V04,Tirupur,False,0.9,knit,polo,240,Madurai,Tier-3,COD,normal,1,3,5,1,2,24,32,2026-01-08,8,True,0.474,True,41,68,Medium (35-65),High (65-100)
PO004582,2025-12-07,V01,Tirupur,False,0.92,knit,sweatshirt,230,Vadodara,Tier-2,COD,normal,4,0,2,2,1,22,23,2025-12-30,1,False,0.275,True,37,47,Medium (35-65),Medium (35-65)
PO004853,2025-12-07,V07,Ludhiana,False,0.87,knit,hoodie,228,Chandigarh,Tier-2,COD,normal,5,5,1,2,1,22,24,2025-12-31,2,False,0.275,True,31,44,Low (0-35),Medium (35-65)
PO000256,2025-12-08,V02,Tirupur,False,0.88,woven,trouser,207,Pune,Tier-2,COD,normal,1,10,0,1,1,35,38,2026-01-15,3,False,0.275,False,51,60,Medium (35-65),Medium (35-65)
PO001312,2025-12-08,V02,Tirupur,False,0.88,woven,chinos,313,Surat,Tier-2,COD,normal,5,6,3,3,3,35,42,2026-01-19,7,True,0.466,False,68,83,High (65-100),High (65-100)
PO001333,2025-12-08,V01,Tirupur,False,0.92,knit,polo,64,Kochi,Tier-2,COD,normal,0,0,1,2,2,22,25,2026-01-02,3,False,0.275,False,31,47,Low (0-35),Medium (35-65)
PO001412,2025-12-08,V05,Bengaluru,False,0.93,knit,sweatshirt,235,Bengaluru,Tier-1,Prepaid,normal,1,1,1,4,1,21,20,2025-12-28,-1,False,0.264,False,17,29,Low (0-35),Low (0-35)
PO001725,2025-12-08,V04,Tirupur,False,0.9,knit,t-shirt,262,Mumbai,Tier-1,COD,normal,1,1,1,2,1,21,24,2026-01-01,3,False,0.275,False,26,40,Low (0-35),Medium (35-65)
PO002546,2025-12-08,V02,Tirupur,False,0.88,knit,t-shirt,78,Bengaluru,Tier-1,COD,normal,11,1,2,2,2,21,25,2026-01-02,4,False,0.275,True,32,40,Low (0-35),Medium (35-65)
PO002598,2025-12-08,V04,Tirupur,False,0.9,knit,polo,325,Kochi,Tier-2,COD,normal,0,4,1,4,1,22,27,2026-01-04,5,False,0.33,True,34,61,Low (0-35),Medium (35-65)
PO003595,2025-12-08,V01,Tirupur,False,0.92,knit,sweatshirt,192,Bengaluru,Tier-1,COD,normal,0,2,2,1,2,21,27,2026-01-04,6,True,0.344,False,26,40,Low (0-35),Medium (35-65)
PO004209,2025-12-08,V05,Bengaluru,False,0.93,knit,hoodie,205,Guwahati,Tier-3,COD,normal,2,2,4,1,3,24,27,2026-01-04,3,False,0.448,True,37,67,Medium (35-65),High (65-100)
PO000609,2025-12-09,V11,Tirupur,True,0.75,knit,henley,125,Bengaluru,Tier-1,COD,normal,2,1,3,3,1,21,25,2026-01-03,4,False,0.364,False,75,79,High (65-100),High (65-100)
PO000924,2025-12-09,V04,Tirupur,False,0.9,knit,henley,287,Mumbai,Tier-1,COD,normal,2,1,1,3,2,21,21,2025-12-30,0,False,0.275,False,26,40,Low (0-35),Medium (35-65)
PO001344,2025-12-09,V06,Bengaluru,False,0.89,knit,polo,274,Chandigarh,Tier-2,Prepaid,normal,1,1,0,2,1,22,28,2026-01-06,6,True,0.275,True,19,22,Low (0-35),Low (0-35)
PO001532,2025-12-09,V07,Ludhiana,False,0.87,knit,hoodie,210,Kochi,Tier-2,Prepaid,normal,0,5,1,1,1,22,25,2026-01-03,3,False,0.22,True,23,22,Low (0-35),Low (0-35)
PO002202,2025-12-09,V02,Tirupur,False,0.88,knit,t-shirt,208,Chennai,Tier-1,Prepaid,normal,0,1,5,2,1,21,23,2026-01-01,2,False,0.253,False,29,24,Low (0-35),Low (0-35)
PO003842,2025-12-09,V04,Tirupur,False,0.9,knit,polo,276,Chennai,Tier-1,Prepaid,normal,2,1,1,3,2,21,22,2025-12-31,1,False,0.22,False,24,18,Low (0-35),Low (0-35)
PO004249,2025-12-09,V04,Tirupur,False,0.9,knit,polo,169,Ranchi,Tier-3,Prepaid,normal,1,1,1,0,1,24,29,2026-01-07,5,False,0.264,False,34,32,Low (0-35),Low (0-35)
PO004564,2025-12-09,V04,Tirupur,False,0.9,knit,hoodie,325,Delhi,Tier-1,Prepaid,normal,1,14,1,3,1,21,26,2026-01-04,5,False,0.22,False,32,18,Low (0-35),Low (0-35)
PO004862,2025-12-09,V04,Tirupur,False,0.9,woven,shirt,50,Chennai,Tier-1,COD,normal,1,5,0,0,2,34,40,2026-01-18,6,True,0.344,False,46,53,Medium (35-65),Medium (35-65)
PO000396,2025-12-10,V02,Tirupur,False,0.88,knit,polo,258,Mumbai,Tier-1,COD,normal,2,1,1,0,3,21,21,2025-12-31,0,False,0.325,False,32,50,Low (0-35),Medium (35-65)
PO001668,2025-12-10,V06,Bengaluru,False,0.89,knit,sweatshirt,185,Kochi,Tier-2,COD,normal,1,2,1,0,2,22,25,2026-01-04,3,False,0.275,False,21,44,Low (0-35),Medium (35-65)
PO001968,2025-12-10,V06,Bengaluru,False,0.89,woven,shirt,240,Hyderabad,Tier-1,COD,normal,13,2,1,1,2,34,42,2026-01-21,8,True,0.344,False,34,42,Low (0-35),Medium (35-65)
PO002206,2025-12-10,V05,Bengaluru,False,0.93,knit,sweatshirt,115,Guwahati,Tier-3,COD,normal,4,0,2,1,1,24,26,2026-01-05,2,False,0.33,False,32,51,Low (0-35),Medium (35-65)
PO002866,2025-12-10,V01,Tirupur,False,0.92,knit,hoodie,232,Guwahati,Tier-3,Prepaid,normal,2,1,1,4,2,24,26,2026-01-05,2,False,0.317,True,37,46,Medium (35-65),Medium (35-65)
PO003243,2025-12-10,V01,Tirupur,False,0.92,knit,hoodie,91,Ahmedabad,Tier-2,COD,normal,2,1,1,1,3,22,25,2026-01-04,3,False,0.325,False,37,57,Medium (35-65),Medium (35-65)
PO003304,2025-12-10,V01,Tirupur,False,0.92,knit,henley,306,Raipur,Tier-3,Prepaid,normal,6,1,1,0,1,24,26,2026-01-05,2,False,0.264,False,40,40,Medium (35-65),Medium (35-65)
PO003849,2025-12-10,V01,Tirupur,False,0.92,woven,shirt,399,Kolkata,Tier-1,Prepaid,normal,6,9,2,0,1,34,35,2026-01-14,1,False,0.22,False,58,31,Medium (35-65),Low (0-35)
PO004348,2025-12-10,V02,Tirupur,False,0.88,knit,t-shirt,319,Hyderabad,Tier-1,COD,normal,2,1,0,1,1,21,21,2025-12-31,0,False,0.275,False,26,40,Low (0-35),Medium (35-65)
PO004664,2025-12-10,V05,Bengaluru,False,0.93,knit,t-shirt,155,Vijayawada,Tier-3,COD,normal,3,4,1,1,1,24,26,2026-01-05,2,False,0.33,True,32,51,Low (0-35),Medium (35-65)
PO004914,2025-12-10,V10,Delhi NCR,False,0.82,woven,shirt,123,Chennai,Tier-1,Prepaid,normal,2,4,2,3,1,34,39,2026-01-18,5,False,0.22,False,34,26,Low (0-35),Low (0-35)
PO000617,2025-12-11,V02,Tirupur,False,0.88,knit,henley,80,Ahmedabad,Tier-2,COD,normal,1,1,1,2,2,22,28,2026-01-08,6,True,0.344,True,31,47,Low (0-35),Medium (35-65)
PO001425,2025-12-11,V02,Tirupur,False,0.88,knit,t-shirt,235,Hyderabad,Tier-1,COD,normal,1,1,1,3,1,21,27,2026-01-07,6,True,0.344,False,26,40,Low (0-35),Medium (35-65)
PO001593,2025-12-11,V10,Delhi NCR,False,0.82,knit,polo,138,Tiruchirappalli,Tier-3,COD,normal,1,2,1,4,1,24,23,2026-01-03,-1,False,0.396,False,37,71,Medium (35-65),High (65-100)
PO001902,2025-12-11,V07,Ludhiana,False,0.87,knit,polo,141,Delhi,Tier-1,Prepaid,normal,1,0,2,1,3,21,22,2026-01-02,1,False,0.26,False,16,25,Low (0-35),Low (0-35)
PO002011,2025-12-11,V01,Tirupur,False,0.92,knit,t-shirt,372,Ranchi,Tier-3,COD,normal,1,4,0,3,2,24,31,2026-01-11,7,True,0.413,True,44,62,Medium (35-65),Medium (35-65)
PO002101,2025-12-11,V01,Tirupur,False,0.92,knit,sweatshirt,114,Lucknow,Tier-2,COD,normal,3,3,1,1,1,22,20,2025-12-31,-2,False,0.275,False,37,47,Medium (35-65),Medium (35-65)
PO002460,2025-12-11,V04,Tirupur,False,0.9,knit,sweatshirt,145,Jaipur,Tier-2,Prepaid,normal,2,0,1,1,1,22,22,2026-01-02,0,False,0.22,False,29,25,Low (0-35),Low (0-35)
PO002619,2025-12-11,V08,Ludhiana,False,0.84,woven,shirt,245,Mumbai,Tier-1,Prepaid,normal,1,1,7,1,3,34,34,2026-01-14,0,False,0.299,True,45,50,Medium (35-65),Medium (35-65)
PO002927,2025-12-11,V01,Tirupur,False,0.92,woven,chinos,208,Chandigarh,Tier-2,COD,normal,0,5,2,1,2,35,41,2026-01-21,6,True,0.344,False,51,60,Medium (35-65),Medium (35-65)
PO003029,2025-12-11,V05,Bengaluru,False,0.93,knit,sweatshirt,161,Bengaluru,Tier-1,Prepaid,normal,3,0,3,2,1,21,21,2026-01-01,0,False,0.253,False,25,21,Low (0-35),Low (0-35)
PO003097,2025-12-11,V01,Tirupur,False,0.92,woven,overshirt,161,Ranchi,Tier-3,Prepaid,normal,5,1,2,1,1,37,41,2026-01-21,4,False,0.264,True,52,45,Medium (35-65),Medium (35-65)
PO003668,2025-12-11,V02,Tirupur,False,0.88,knit,t-shirt,191,Bengaluru,Tier-1,Prepaid,normal,1,0,1,2,1,21,20,2025-12-31,-1,False,0.22,True,24,18,Low (0-35),Low (0-35)
PO003940,2025-12-11,V02,Tirupur,False,0.88,knit,hoodie,156,Vadodara,Tier-2,Prepaid,normal,5,1,3,1,2,22,22,2026-01-02,0,False,0.253,False,40,39,Medium (35-65),Medium (35-65)
PO000216,2025-12-12,V07,Ludhiana,False,0.87,woven,trouser,118,Jodhpur,Tier-3,COD,normal,1,2,1,2,1,37,35,2026-01-16,-2,False,0.33,True,34,56,Low (0-35),Medium (35-65)
PO000393,2025-12-12,V02,Tirupur,False,0.88,knit,t-shirt,203,Nagpur,Tier-3,COD,normal,3,2,1,1,1,24,25,2026-01-06,1,False,0.33,False,42,62,Medium (35-65),Medium (35-65)
PO000457,2025-12-12,V02,Tirupur,False,0.88,knit,t-shirt,50,Chandigarh,Tier-2,COD,normal,1,1,1,2,1,22,22,2026-01-03,0,False,0.275,False,31,47,Low (0-35),Medium (35-65)
PO000676,2025-12-12,V05,Bengaluru,False,0.93,knit,polo,256,Bhubaneswar,Tier-3,Prepaid,normal,2,1,5,3,1,24,26,2026-01-07,2,False,0.304,False,29,35,Low (0-35),Low (0-35)
PO001317,2025-12-12,V01,Tirupur,False,0.92,knit,sweatshirt,273,Ranchi,Tier-3,COD,normal,0,1,0,1,1,24,26,2026-01-07,2,False,0.33,True,36,54,Medium (35-65),Medium (35-65)
PO001402,2025-12-12,V09,Delhi NCR,False,0.86,woven,shirt,186,Jodhpur,Tier-3,COD,normal,1,3,1,2,1,37,41,2026-01-22,4,False,0.33,False,34,56,Low (0-35),Medium (35-65)
PO001581,2025-12-12,V02,Tirupur,False,0.88,knit,polo,209,Surat,Tier-2,COD,normal,5,5,1,1,3,22,26,2026-01-07,4,False,0.325,False,51,65,Medium (35-65),Medium (35-65)
PO003074,2025-12-12,V07,Ludhiana,False,0.87,knit,t-shirt,172,Indore,Tier-2,COD,normal,6,2,5,0,2,22,27,2026-01-08,5,False,0.316,False,28,50,Low (0-35),Medium (35-65)
PO003192,2025-12-12,V01,Tirupur,False,0.92,knit,hoodie,295,Hyderabad,Tier-1,Prepaid,normal,2,1,9,0,1,21,26,2026-01-07,5,False,0.253,False,29,24,Low (0-35),Low (0-35)
PO003389,2025-12-12,V05,Bengaluru,False,0.93,woven,overshirt,195,Mumbai,Tier-1,COD,normal,2,3,2,1,3,34,40,2026-01-21,6,True,0.406,False,34,52,Low (0-35),Medium (35-65)
PO000044,2025-12-13,V02,Tirupur,False,0.88,woven,trouser,131,Kolkata,Tier-1,COD,normal,1,7,1,1,2,34,38,2026-01-20,4,False,0.275,False,46,53,Medium (35-65),Medium (35-65)
PO000478,2025-12-13,V05,Bengaluru,False,0.93,knit,polo,123,Coimbatore,Tier-2,Prepaid,normal,3,0,2,1,2,22,24,2026-01-06,2,False,0.22,False,25,22,Low (0-35),Low (0-35)
PO000644,2025-12-13,V02,Tirupur,False,0.88,knit,henley,178,Nagpur,Tier-3,COD,normal,11,0,1,1,1,24,31,2026-01-13,7,True,0.413,False,42,62,Medium (35-65),Medium (35-65)
PO000815,2025-12-13,V04,Tirupur,False,0.9,woven,trouser,352,Coimbatore,Tier-2,Prepaid,normal,3,8,1,1,2,35,37,2026-01-19,2,False,0.22,False,63,45,Medium (35-65),Medium (35-65)
PO001119,2025-12-13,V01,Tirupur,False,0.92,knit,hoodie,179,Mysuru,Tier-3,Prepaid,normal,1,2,0,1,1,24,26,2026-01-08,2,False,0.264,False,34,32,Low (0-35),Low (0-35)
PO001169,2025-12-13,V02,Tirupur,False,0.88,knit,polo,72,Hyderabad,Tier-1,Prepaid,normal,3,3,5,0,2,21,21,2026-01-03,0,False,0.253,False,35,24,Low (0-35),Low (0-35)
PO002096,2025-12-13,V01,Tirupur,False,0.92,knit,polo,239,Nagpur,Tier-3,COD,normal,1,1,0,1,1,24,27,2026-01-09,3,False,0.33,False,36,54,Medium (35-65),Medium (35-65)
PO002187,2025-12-13,V08,Ludhiana,False,0.84,woven,overshirt,102,Vadodara,Tier-2,Prepaid,normal,4,11,0,1,1,35,41,2026-01-23,6,True,0.275,False,53,41,Medium (35-65),Medium (35-65)
PO002743,2025-12-13,V02,Tirupur,False,0.88,woven,overshirt,340,Tiruchirappalli,Tier-3,COD,normal,1,1,0,1,1,37,43,2026-01-25,6,True,0.413,True,48,67,Medium (35-65),High (65-100)
PO003368,2025-12-13,V02,Tirupur,False,0.88,knit,sweatshirt,227,Guwahati,Tier-3,Prepaid,normal,0,4,3,3,1,24,29,2026-01-11,5,False,0.304,True,39,38,Medium (35-65),Medium (35-65)
PO003465,2025-12-13,V04,Tirupur,False,0.9,knit,henley,72,Coimbatore,Tier-2,COD,normal,2,1,2,2,1,22,27,2026-01-09,5,False,0.275,True,31,47,Low (0-35),Medium (35-65)
PO003512,2025-12-13,V09,Delhi NCR,False,0.86,knit,polo,97,Bengaluru,Tier-1,COD,normal,1,0,1,0,2,21,20,2026-01-02,-1,False,0.275,False,12,37,Low (0-35),Medium (35-65)
PO004083,2025-12-13,V01,Tirupur,False,0.92,woven,overshirt,247,Surat,Tier-2,COD,normal,2,2,3,1,1,35,42,2026-01-24,7,True,0.395,True,48,66,Medium (35-65),High (65-100)
PO004997,2025-12-13,V02,Tirupur,False,0.88,knit,sweatshirt,153,Vadodara,Tier-2,Prepaid,normal,4,2,1,1,2,22,23,2026-01-05,1,False,0.22,False,35,25,Low (0-35),Low (0-35)
PO000741,2025-12-14,V02,Tirupur,False,0.88,knit,henley,183,Indore,Tier-2,Prepaid,normal,2,1,1,3,1,22,28,2026-01-11,6,True,0.275,False,29,25,Low (0-35),Low (0-35)
PO000753,2025-12-14,V07,Ludhiana,False,0.87,knit,polo,302,Hyderabad,Tier-1,COD,normal,0,0,3,2,2,21,18,2026-01-01,-3,False,0.316,False,17,43,Low (0-35),Medium (35-65)
PO000966,2025-12-14,V03,Tirupur,False,0.85,knit,polo,237,Delhi,Tier-1,Prepaid,normal,1,3,7,1,1,21,25,2026-01-08,4,False,0.253,True,29,24,Low (0-35),Low (0-35)
PO001010,2025-12-14,V05,Bengaluru,False,0.93,knit,hoodie,222,Chennai,Tier-1,COD,normal,2,1,1,1,1,21,17,2025-12-31,-4,False,0.275,False,16,37,Low (0-35),Medium (35-65)
PO002373,2025-12-14,V10,Delhi NCR,False,0.82,woven,denim-jacket,50,Chennai,Tier-1,COD,normal,8,4,1,5,1,34,40,2026-01-23,6,True,0.412,True,45,70,Medium (35-65),High (65-100)
PO002388,2025-12-14,V02,Tirupur,False,0.88,knit,t-shirt,190,Chennai,Tier-1,COD,normal,1,2,1,2,3,21,23,2026-01-06,2,False,0.325,False,32,50,Low (0-35),Medium (35-65)
PO003406,2025-12-14,V01,Tirupur,False,0.92,knit,hoodie,50,Madurai,Tier-3,Prepaid,normal,1,0,1,1,2,24,28,2026-01-11,4,False,0.264,False,34,32,Low (0-35),Low (0-35)
PO003938,2025-12-14,V01,Tirupur,False,0.92,knit,sweatshirt,281,Raipur,Tier-3,Prepaid,normal,1,1,1,1,2,24,27,2026-01-10,3,False,0.264,True,34,32,Low (0-35),Low (0-35)
PO004040,2025-12-14,V07,Ludhiana,False,0.87,woven,chinos,234,Coimbatore,Tier-2,COD,normal,5,3,1,2,2,35,36,2026-01-19,1,False,0.275,False,35,49,Low (0-35),Medium (35-65)
PO004109,2025-12-14,V05,Bengaluru,False,0.93,knit,hoodie,176,Kolkata,Tier-1,COD,normal,2,0,2,0,1,21,24,2026-01-07,3,False,0.275,True,16,37,Low (0-35),Medium (35-65)
PO004233,2025-12-14,V04,Tirupur,False,0.9,knit,polo,227,Kolkata,Tier-1,COD,normal,6,4,1,1,1,21,25,2026-01-08,4,False,0.275,False,32,40,Low (0-35),Medium (35-65)
PO004515,2025-12-14,V01,Tirupur,False,0.92,knit,polo,259,Ranchi,Tier-3,COD,normal,15,1,1,0,3,24,29,2026-01-12,5,False,0.389,True,48,72,Medium (35-65),High (65-100)
PO004610,2025-12-14,V02,Tirupur,False,0.88,woven,overshirt,216,Surat,Tier-2,COD,normal,5,6,1,4,1,35,37,2026-01-20,2,False,0.33,False,60,81,Medium (35-65),High (65-100)
PO004662,2025-12-14,V05,Bengaluru,False,0.93,knit,polo,268,Guwahati,Tier-3,COD,normal,1,1,0,2,1,24,24,2026-01-07,0,False,0.33,False,26,51,Low (0-35),Medium (35-65)
PO000040,2025-12-15,V05,Bengaluru,False,0.93,knit,t-shirt,334,Kolkata,Tier-1,Prepaid,normal,4,1,4,0,1,21,24,2026-01-08,3,False,0.253,False,25,21,Low (0-35),Low (0-35)
PO000355,2025-12-15,V04,Tirupur,False,0.9,knit,polo,112,Guwahati,Tier-3,COD,normal,4,1,1,3,1,24,25,2026-01-09,1,False,0.33,False,42,62,Medium (35-65),Medium (35-65)
PO003026,2025-12-15,V08,Ludhiana,False,0.84,woven,chinos,273,Kolkata,Tier-1,Prepaid,normal,0,1,3,7,1,34,38,2026-01-22,4,False,0.304,False,42,54,Medium (35-65),Medium (35-65)
PO003071,2025-12-15,V02,Tirupur,False,0.88,knit,t-shirt,244,Nagpur,Tier-3,Prepaid,normal,1,4,1,1,2,24,28,2026-01-12,4,False,0.264,False,34,32,Low (0-35),Low (0-35)
PO003268,2025-12-15,V02,Tirupur,False,0.88,woven,shirt,103,Coimbatore,Tier-2,Prepaid,normal,5,6,1,2,1,35,43,2026-01-27,8,True,0.275,False,55,38,Medium (35-65),Medium (35-65)
PO003363,2025-12-15,V02,Tirupur,False,0.88,knit,henley,259,Guwahati,Tier-3,Prepaid,normal,4,2,0,0,1,24,31,2026-01-15,7,True,0.33,False,40,40,Medium (35-65),Medium (35-65)
PO003539,2025-12-15,V05,Bengaluru,False,0.93,knit,sweatshirt,162,Mumbai,Tier-1,Prepaid,normal,2,3,2,1,1,21,25,2026-01-09,4,False,0.22,True,14,15,Low (0-35),Low (0-35)
PO003707,2025-12-15,V05,Bengaluru,False,0.93,knit,henley,186,Dehradun,Tier-3,COD,normal,1,1,1,0,1,24,25,2026-01-09,1,False,0.33,True,26,51,Low (0-35),Medium (35-65)
PO004439,2025-12-15,V10,Delhi NCR,False,0.82,woven,chinos,320,Coimbatore,Tier-2,Prepaid,normal,3,3,9,5,1,35,38,2026-01-22,3,False,0.304,False,53,61,Medium (35-65),Medium (35-65)
PO004641,2025-12-15,V06,Bengaluru,False,0.89,woven,denim-jacket,313,Raipur,Tier-3,Prepaid,normal,3,1,1,0,2,37,37,2026-01-21,0,False,0.264,False,42,42,Medium (35-65),Medium (35-65)
PO000325,2025-12-16,V06,Bengaluru,False,0.89,knit,t-shirt,220,Coimbatore,Tier-2,Prepaid,normal,3,4,2,2,1,22,22,2026-01-07,0,False,0.22,False,25,22,Low (0-35),Low (0-35)
PO001017,2025-12-16,V02,Tirupur,False,0.88,woven,trouser,236,Delhi,Tier-1,COD,normal,1,9,2,2,3,34,36,2026-01-21,2,False,0.325,False,52,63,Medium (35-65),Medium (35-65)
PO001041,2025-12-16,V05,Bengaluru,False,0.93,knit,t-shirt,129,Hyderabad,Tier-1,Prepaid,normal,2,0,1,3,2,21,24,2026-01-09,3,False,0.22,True,14,15,Low (0-35),Low (0-35)
PO001450,2025-12-16,V02,Tirupur,False,0.88,knit,polo,123,Chennai,Tier-1,COD,normal,1,1,1,0,1,21,24,2026-01-09,3,False,0.275,False,26,40,Low (0-35),Medium (35-65)
PO001847,2025-12-16,V02,Tirupur,False,0.88,knit,t-shirt,228,Hyderabad,Tier-1,COD,normal,4,0,1,0,1,21,22,2026-01-07,1,False,0.275,False,32,40,Low (0-35),Medium (35-65)
PO001982,2025-12-16,V05,Bengaluru,False,0.93,knit,polo,255,Pune,Tier-2,Prepaid,normal,1,1,1,2,2,22,26,2026-01-11,4,False,0.22,False,19,22,Low (0-35),Low (0-35)
PO002265,2025-12-16,V03,Tirupur,False,0.85,knit,polo,208,Ahmedabad,Tier-2,COD,normal,1,5,2,2,1,22,29,2026-01-14,7,True,0.344,False,39,47,Medium (35-65),Medium (35-65)
PO002303,2025-12-16,V07,Ludhiana,False,0.87,knit,sweatshirt,284,Jaipur,Tier-2,COD,normal,10,1,2,5,1,22,25,2026-01-10,3,False,0.33,False,26,58,Low (0-35),Medium (35-65)
PO002758,2025-12-16,V02,Tirupur,False,0.88,knit,t-shirt,87,Ahmedabad,Tier-2,COD,normal,0,0,1,1,1,22,25,2026-01-10,3,False,0.275,False,31,47,Low (0-35),Medium (35-65)
PO003911,2025-12-16,V03,Tirupur,False,0.85,woven,chinos,163,Bengaluru,Tier-1,Prepaid,normal,12,3,2,0,2,34,35,2026-01-20,1,False,0.22,False,42,31,Medium (35-65),Low (0-35)
PO003939,2025-12-16,V01,Tirupur,False,0.92,knit,sweatshirt,239,Kolkata,Tier-1,Prepaid,normal,1,0,1,2,1,21,26,2026-01-11,5,False,0.22,True,24,18,Low (0-35),Low (0-35)
PO000160,2025-12-17,V01,Tirupur,False,0.92,knit,t-shirt,178,Ahmedabad,Tier-2,COD,normal,1,2,1,2,1,22,27,2026-01-13,5,False,0.275,True,31,47,Low (0-35),Medium (35-65)
PO000564,2025-12-17,V02,Tirupur,False,0.88,knit,henley,325,Vijayawada,Tier-3,COD,normal,4,1,5,1,2,24,27,2026-01-13,3,False,0.38,False,47,68,Medium (35-65),High (65-100)
PO000631,2025-12-17,V01,Tirupur,False,0.92,knit,hoodie,293,Lucknow,Tier-2,Prepaid,normal,4,1,1,2,1,22,23,2026-01-09,1,False,0.22,False,35,25,Low (0-35),Low (0-35)
PO000679,2025-12-17,V01,Tirupur,False,0.92,knit,polo,387,Delhi,Tier-1,COD,normal,1,1,1,1,1,21,26,2026-01-12,5,False,0.275,False,34,40,Low (0-35),Medium (35-65)
PO000805,2025-12-17,V01,Tirupur,False,0.92,knit,polo,157,Coimbatore,Tier-2,COD,normal,1,1,0,0,1,22,27,2026-01-13,5,False,0.275,True,31,47,Low (0-35),Medium (35-65)
PO001146,2025-12-17,V01,Tirupur,False,0.92,knit,henley,343,Delhi,Tier-1,COD,normal,3,1,6,1,3,21,22,2026-01-08,1,False,0.373,False,43,64,Medium (35-65),Medium (35-65)
PO001599,2025-12-17,V02,Tirupur,False,0.88,knit,sweatshirt,191,Surat,Tier-2,COD,normal,1,2,1,2,1,22,23,2026-01-09,1,False,0.275,False,31,47,Low (0-35),Medium (35-65)
PO001733,2025-12-17,V02,Tirupur,False,0.88,knit,henley,150,Lucknow,Tier-2,Prepaid,normal,1,0,1,2,2,22,26,2026-01-12,4,False,0.22,False,29,25,Low (0-35),Low (0-35)
PO001772,2025-12-17,V03,Tirupur,False,0.85,knit,sweatshirt,113,Delhi,Tier-1,COD,normal,9,2,6,1,1,21,22,2026-01-08,1,False,0.316,False,37,46,Medium (35-65),Medium (35-65)
PO001864,2025-12-17,V04,Tirupur,False,0.9,knit,henley,132,Guwahati,Tier-3,COD,normal,1,2,1,3,3,24,26,2026-01-12,2,False,0.389,False,42,72,Medium (35-65),High (65-100)
PO002099,2025-12-17,V01,Tirupur,False,0.92,knit,sweatshirt,221,Delhi,Tier-1,COD,normal,6,3,2,1,2,21,26,2026-01-12,5,False,0.275,False,32,40,Low (0-35),Medium (35-65)
PO002251,2025-12-17,V05,Bengaluru,False,0.93,knit,polo,193,Vijayawada,Tier-3,Prepaid,normal,1,1,1,2,1,24,25,2026-01-11,1,False,0.264,False,24,29,Low (0-35),Low (0-35)
PO002550,2025-12-17,V11,Tirupur,True,0.75,woven,denim-jacket,238,Jaipur,Tier-2,COD,normal,2,1,0,4,2,35,42,2026-01-28,7,True,0.474,True,90,99,High (65-100),High (65-100)
PO002787,2025-12-17,V10,Delhi NCR,False,0.82,woven,trouser,170,Raipur,Tier-3,COD,normal,10,1,1,6,1,37,38,2026-01-24,1,False,0.396,True,55,84,Medium (35-65),High (65-100)
PO003291,2025-12-17,V02,Tirupur,False,0.88,knit,hoodie,89,Surat,Tier-2,Prepaid,normal,10,3,1,1,1,22,27,2026-01-13,5,False,0.22,False,35,25,Low (0-35),Low (0-35)
PO003398,2025-12-17,V02,Tirupur,False,0.88,knit,polo,253,Kochi,Tier-2,COD,normal,1,1,2,1,1,22,26,2026-01-12,4,False,0.275,False,31,47,Low (0-35),Medium (35-65)
PO004565,2025-12-17,V07,Ludhiana,False,0.87,knit,henley,262,Patna,Tier-3,COD,normal,2,3,1,0,1,24,25,2026-01-11,1,False,0.33,False,22,51,Low (0-35),Medium (35-65)
PO000031,2025-12-18,V01,Tirupur,False,0.92,knit,henley,139,Jodhpur,Tier-3,COD,normal,2,1,6,2,1,24,27,2026-01-14,3,False,0.38,False,41,68,Medium (35-65),High (65-100)
PO000071,2025-12-18,V01,Tirupur,False,0.92,woven,chinos,186,Mumbai,Tier-1,Prepaid,normal,2,8,1,0,2,34,41,2026-01-28,7,True,0.275,False,44,31,Medium (35-65),Low (0-35)
PO000498,2025-12-18,V01,Tirupur,False,0.92,knit,hoodie,186,Mumbai,Tier-1,COD,normal,5,1,1,2,1,21,26,2026-01-13,5,False,0.275,False,32,40,Low (0-35),Medium (35-65)
PO000870,2025-12-18,V01,Tirupur,False,0.92,knit,henley,105,Kochi,Tier-2,Prepaid,normal,1,2,2,3,1,22,23,2026-01-10,1,False,0.22,True,29,25,Low (0-35),Low (0-35)
PO001488,2025-12-18,V05,Bengaluru,False,0.93,knit,hoodie,107,Chandigarh,Tier-2,COD,normal,3,8,1,2,2,22,28,2026-01-15,6,True,0.344,False,35,44,Low (0-35),Medium (35-65)
PO001614,2025-12-18,V04,Tirupur,False,0.9,woven,chinos,93,Indore,Tier-2,Prepaid,normal,1,2,0,3,1,35,40,2026-01-27,5,False,0.22,False,41,38,Medium (35-65),Medium (35-65)
PO002128,2025-12-18,V02,Tirupur,False,0.88,knit,henley,204,Kolkata,Tier-1,COD,normal,1,0,5,1,1,21,21,2026-01-08,0,False,0.316,False,31,46,Low (0-35),Medium (35-65)
PO002229,2025-12-18,V05,Bengaluru,False,0.93,knit,polo,50,Bhubaneswar,Tier-3,COD,normal,2,2,0,1,1,24,23,2026-01-10,-1,False,0.33,False,26,51,Low (0-35),Medium (35-65)
PO002622,2025-12-18,V05,Bengaluru,False,0.93,knit,henley,170,Ahmedabad,Tier-2,Prepaid,normal,5,0,0,2,1,22,21,2026-01-08,-1,False,0.22,False,25,22,Low (0-35),Low (0-35)
PO002638,2025-12-18,V01,Tirupur,False,0.92,knit,polo,191,Coimbatore,Tier-2,COD,normal,1,1,2,3,1,22,27,2026-01-14,5,False,0.275,False,31,47,Low (0-35),Medium (35-65)
PO002668,2025-12-18,V12,Bengaluru,True,0.78,woven,denim-jacket,114,Bengaluru,Tier-1,COD,normal,3,6,2,3,2,34,50,2026-02-06,16,True,0.395,False,82,73,High (65-100),High (65-100)
PO003013,2025-12-18,V01,Tirupur,False,0.92,knit,t-shirt,302,Delhi,Tier-1,COD,normal,1,0,1,2,1,21,24,2026-01-11,3,False,0.275,False,26,40,Low (0-35),Medium (35-65)
PO003234,2025-12-18,V05,Bengaluru,False,0.93,knit,sweatshirt,292,Jaipur,Tier-2,COD,normal,14,3,2,0,2,22,25,2026-01-12,3,False,0.275,True,27,44,Low (0-35),Medium (35-65)
PO003735,2025-12-18,V01,Tirupur,False,0.92,knit,hoodie,103,Hyderabad,Tier-1,COD,normal,3,1,1,1,2,21,22,2026-01-09,1,False,0.275,False,32,40,Low (0-35),Medium (35-65)
PO003759,2025-12-18,V05,Bengaluru,False,0.93,knit,polo,303,Kochi,Tier-2,Prepaid,normal,0,1,1,1,3,22,22,2026-01-09,0,False,0.26,False,25,32,Low (0-35),Low (0-35)
PO004841,2025-12-18,V01,Tirupur,False,0.92,woven,chinos,262,Patna,Tier-3,COD,normal,1,10,0,0,3,37,41,2026-01-28,4,False,0.389,True,62,84,Medium (35-65),High (65-100)
PO004931,2025-12-18,V03,Tirupur,False,0.85,knit,henley,265,Kolkata,Tier-1,COD,normal,2,3,0,2,2,21,22,2026-01-09,1,False,0.275,False,26,40,Low (0-35),Medium (35-65)
PO000327,2025-12-19,V02,Tirupur,False,0.88,woven,overshirt,236,Mumbai,Tier-1,COD,normal,2,1,1,4,1,34,36,2026-01-24,2,False,0.33,False,41,67,Medium (35-65),High (65-100)
PO000907,2025-12-19,V03,Tirupur,False,0.85,knit,polo,216,Chennai,Tier-1,COD,normal,4,4,1,2,3,21,23,2026-01-11,2,False,0.325,False,38,50,Medium (35-65),Medium (35-65)
PO001704,2025-12-19,V02,Tirupur,False,0.88,knit,polo,137,Raipur,Tier-3,Prepaid,normal,3,4,1,0,2,24,34,2026-01-22,10,True,0.33,False,40,40,Medium (35-65),Medium (35-65)
PO002139,2025-12-19,V05,Bengaluru,False,0.93,knit,henley,138,Jaipur,Tier-2,Prepaid,normal,3,0,4,1,1,22,27,2026-01-15,5,False,0.253,True,30,28,Low (0-35),Low (0-35)
PO002507,2025-12-19,V08,Ludhiana,False,0.84,woven,overshirt,170,Chandigarh,Tier-2,COD,normal,6,0,1,6,1,35,36,2026-01-24,1,False,0.33,False,50,77,Medium (35-65),High (65-100)
PO002526,2025-12-19,V10,Delhi NCR,False,0.82,woven,chinos,140,Lucknow,Tier-2,COD,normal,2,1,2,3,1,35,37,2026-01-25,2,False,0.275,False,41,63,Medium (35-65),Medium (35-65)
PO002571,2025-12-19,V05,Bengaluru,False,0.93,knit,t-shirt,187,Bhubaneswar,Tier-3,COD,normal,4,1,2,5,3,24,30,2026-01-18,6,True,0.584,True,41,83,Medium (35-65),High (65-100)
PO002690,2025-12-19,V02,Tirupur,False,0.88,woven,denim-jacket,130,Jaipur,Tier-2,Prepaid,normal,1,1,1,0,2,35,38,2026-01-26,3,False,0.22,True,41,38,Medium (35-65),Medium (35-65)
PO004163,2025-12-19,V08,Ludhiana,False,0.84,knit,t-shirt,242,Vadodara,Tier-2,COD,normal,2,1,1,2,1,22,22,2026-01-10,0,False,0.275,False,29,50,Low (0-35),Medium (35-65)
PO004240,2025-12-19,V01,Tirupur,False,0.92,knit,hoodie,210,Kochi,Tier-2,Prepaid,normal,4,1,1,2,2,22,23,2026-01-11,1,False,0.22,False,35,25,Low (0-35),Low (0-35)
PO004507,2025-12-19,V01,Tirupur,False,0.92,knit,t-shirt,191,Lucknow,Tier-2,Prepaid,normal,2,1,1,1,3,22,25,2026-01-13,3,False,0.26,False,35,35,Low (0-35),Low (0-35)
PO004680,2025-12-19,V07,Ludhiana,False,0.87,knit,henley,144,Surat,Tier-2,Prepaid,normal,3,0,3,3,3,22,28,2026-01-16,6,True,0.373,False,32,38,Low (0-35),Medium (35-65)
PO004759,2025-12-19,V01,Tirupur,False,0.92,knit,hoodie,145,Chennai,Tier-1,COD,normal,3,0,1,4,2,21,24,2026-01-12,3,False,0.33,True,35,54,Low (0-35),Medium (35-65)
PO004762,2025-12-19,V02,Tirupur,False,0.88,knit,polo,177,Vijayawada,Tier-3,Prepaid,normal,1,1,1,1,1,24,29,2026-01-17,5,False,0.264,False,34,32,Low (0-35),Low (0-35)
PO000343,2025-12-20,V01,Tirupur,False,0.92,woven,trouser,150,Hyderabad,Tier-1,COD,normal,2,1,3,1,3,34,36,2026-01-25,2,False,0.373,False,49,69,Medium (35-65),High (65-100)
PO000673,2025-12-20,V04,Tirupur,False,0.9,knit,t-shirt,80,Mumbai,Tier-1,COD,normal,3,2,5,1,2,21,25,2026-01-14,4,False,0.316,True,37,46,Medium (35-65),Medium (35-65)
PO000950,2025-12-20,V02,Tirupur,False,0.88,knit,t-shirt,95,Hyderabad,Tier-1,COD,normal,3,4,2,3,1,21,25,2026-01-14,4,False,0.275,False,32,40,Low (0-35),Medium (35-65)
PO001000,2025-12-20,V02,Tirupur,False,0.88,knit,polo,215,Chandigarh,Tier-2,COD,normal,2,1,1,1,1,22,26,2026-01-15,4,False,0.275,False,31,47,Low (0-35),Medium (35-65)
PO001005,2025-12-20,V04,Tirupur,False,0.9,woven,shirt,305,Vijayawada,Tier-3,Prepaid,normal,4,3,4,3,1,37,43,2026-02-01,6,True,0.38,False,57,51,Medium (35-65),Medium (35-65)
PO001783,2025-12-20,V07,Ludhiana,False,0.87,knit,polo,50,Raipur,Tier-3,COD,normal,2,1,2,3,1,24,24,2026-01-13,0,False,0.33,False,22,51,Low (0-35),Medium (35-65)
PO002378,2025-12-20,V08,Ludhiana,False,0.84,knit,hoodie,254,Vijayawada,Tier-3,Prepaid,normal,14,0,2,3,1,24,30,2026-01-19,6,True,0.33,False,38,35,Medium (35-65),Low (0-35)
PO002396,2025-12-20,V10,Delhi NCR,False,0.82,woven,shirt,375,Chandigarh,Tier-2,COD,normal,4,3,9,4,3,35,38,2026-01-27,3,False,0.448,True,69,100,High (65-100),High (65-100)
PO002932,2025-12-20,V09,Delhi NCR,False,0.86,knit,hoodie,219,Mysuru,Tier-3,COD,normal,2,1,2,1,1,24,21,2026-01-10,-3,False,0.33,False,22,51,Low (0-35),Medium (35-65)
PO003905,2025-12-20,V01,Tirupur,False,0.92,woven,denim-jacket,218,Hyderabad,Tier-1,COD,normal,8,0,0,3,2,34,41,2026-01-30,7,True,0.344,True,44,53,Medium (35-65),Medium (35-65)
PO004205,2025-12-20,V01,Tirupur,False,0.92,knit,t-shirt,133,Nagpur,Tier-3,COD,normal,4,0,2,1,2,24,29,2026-01-18,5,False,0.33,False,42,62,Medium (35-65),Medium (35-65)
PO004611,2025-12-20,V05,Bengaluru,False,0.93,knit,sweatshirt,191,Bhubaneswar,Tier-3,COD,normal,1,5,4,3,3,24,27,2026-01-16,3,False,0.448,False,45,75,Medium (35-65),High (65-100)
PO004689,2025-12-20,V04,Tirupur,False,0.9,knit,t-shirt,369,Lucknow,Tier-2,Prepaid,normal,1,0,2,1,1,22,26,2026-01-15,4,False,0.22,False,37,25,Medium (35-65),Low (0-35)
PO004929,2025-12-20,V02,Tirupur,False,0.88,knit,t-shirt,265,Kolkata,Tier-1,Prepaid,normal,2,1,1,3,1,21,20,2026-01-09,-1,False,0.22,False,24,18,Low (0-35),Low (0-35)
PO001524,2025-12-21,V12,Bengaluru,True,0.78,knit,sweatshirt,129,Chandigarh,Tier-2,Prepaid,normal,3,1,6,6,3,22,29,2026-01-19,7,True,0.515,True,79,83,High (65-100),High (65-100)
PO001697,2025-12-21,V01,Tirupur,False,0.92,knit,henley,105,Chennai,Tier-1,COD,normal,5,0,5,0,3,21,26,2026-01-16,5,False,0.373,True,43,64,Medium (35-65),Medium (35-65)
PO001870,2025-12-21,V01,Tirupur,False,0.92,knit,sweatshirt,316,Ahmedabad,Tier-2,COD,normal,2,1,2,0,2,22,27,2026-01-17,5,False,0.275,False,31,47,Low (0-35),Medium (35-65)
PO003177,2025-12-21,V01,Tirupur,False,0.92,knit,henley,188,Jaipur,Tier-2,COD,normal,2,1,1,2,1,22,23,2026-01-13,1,False,0.275,False,31,47,Low (0-35),Medium (35-65)
PO003264,2025-12-21,V01,Tirupur,False,0.92,knit,t-shirt,152,Kolkata,Tier-1,COD,normal,2,1,2,3,1,21,26,2026-01-16,5,False,0.275,False,26,40,Low (0-35),Medium (35-65)
PO003732,2025-12-21,V06,Bengaluru,False,0.89,knit,t-shirt,161,Guwahati,Tier-3,COD,normal,1,0,3,1,1,24,29,2026-01-19,5,False,0.38,True,31,57,Low (0-35),Medium (35-65)
PO003745,2025-12-21,V02,Tirupur,False,0.88,knit,t-shirt,215,Chandigarh,Tier-2,COD,normal,0,0,2,1,1,22,26,2026-01-16,4,False,0.275,False,31,47,Low (0-35),Medium (35-65)
PO003981,2025-12-21,V07,Ludhiana,False,0.87,knit,t-shirt,196,Kochi,Tier-2,Prepaid,normal,3,1,2,1,1,22,23,2026-01-13,1,False,0.22,False,21,22,Low (0-35),Low (0-35)
PO004256,2025-12-21,V04,Tirupur,False,0.9,knit,polo,60,Chennai,Tier-1,Prepaid,normal,4,0,3,1,1,21,24,2026-01-14,3,False,0.253,True,35,24,Low (0-35),Low (0-35)
PO001379,2025-12-22,V10,Delhi NCR,False,0.82,woven,trouser,258,Coimbatore,Tier-2,COD,normal,7,6,1,6,2,35,34,2026-01-25,-1,False,0.33,False,58,77,Medium (35-65),High (65-100)
PO001494,2025-12-22,V02,Tirupur,False,0.88,woven,trouser,158,Guwahati,Tier-3,COD,normal,1,20,1,0,1,37,43,2026-02-03,6,True,0.413,True,56,67,Medium (35-65),High (65-100)
PO001557,2025-12-22,V01,Tirupur,False,0.92,knit,henley,263,Indore,Tier-2,COD,normal,5,3,0,1,2,22,28,2026-01-19,6,True,0.344,True,37,47,Medium (35-65),Medium (35-65)
PO001829,2025-12-22,V01,Tirupur,False,0.92,knit,sweatshirt,178,Mumbai,Tier-1,Prepaid,normal,3,1,5,3,2,21,26,2026-01-17,5,False,0.253,False,35,24,Low (0-35),Low (0-35)
PO001945,2025-12-22,V06,Bengaluru,False,0.89,knit,t-shirt,74,Chandigarh,Tier-2,Prepaid,normal,1,2,1,0,2,22,20,2026-01-11,-2,False,0.22,True,19,22,Low (0-35),Low (0-35)
PO002000,2025-12-22,V07,Ludhiana,False,0.87,woven,shirt,162,Raipur,Tier-3,Prepaid,normal,1,2,2,2,3,37,38,2026-01-29,1,False,0.312,True,38,44,Medium (35-65),Medium (35-65)
PO002060,2025-12-22,V01,Tirupur,False,0.92,knit,polo,236,Jodhpur,Tier-3,COD,normal,0,1,2,2,3,24,24,2026-01-15,0,False,0.389,False,42,72,Medium (35-65),High (65-100)
PO002805,2025-12-22,V01,Tirupur,False,0.92,knit,t-shirt,50,Madurai,Tier-3,COD,normal,5,1,1,2,1,24,30,2026-01-21,6,True,0.413,False,42,62,Medium (35-65),Medium (35-65)
PO002833,2025-12-22,V05,Bengaluru,False,0.93,knit,hoodie,224,Mumbai,Tier-1,COD,normal,15,2,1,1,2,21,27,2026-01-18,6,True,0.344,False,22,37,Low (0-35),Medium (35-65)
PO002862,2025-12-22,V12,Bengaluru,True,0.78,knit,polo,256,Ranchi,Tier-3,COD,normal,8,2,2,2,2,24,35,2026-01-26,11,True,0.474,True,72,82,High (65-100),High (65-100)
PO003446,2025-12-22,V02,Tirupur,False,0.88,woven,chinos,230,Indore,Tier-2,Prepaid,normal,2,2,1,1,2,35,42,2026-02-02,7,True,0.275,True,41,38,Medium (35-65),Medium (35-65)
PO003485,2025-12-22,V05,Bengaluru,False,0.93,knit,hoodie,182,Raipur,Tier-3,COD,normal,2,3,1,1,3,24,27,2026-01-18,3,False,0.389,True,32,61,Low (0-35),Medium (35-65)
PO004462,2025-12-22,V02,Tirupur,False,0.88,woven,trouser,214,Jaipur,Tier-2,Prepaid,normal,2,3,2,2,1,35,34,2026-01-25,-1,False,0.22,False,41,38,Medium (35-65),Medium (35-65)
PO004718,2025-12-22,V01,Tirupur,False,0.92,knit,polo,127,Surat,Tier-2,COD,normal,1,2,1,3,2,22,30,2026-01-21,8,True,0.344,False,31,47,Low (0-35),Medium (35-65)
PO004823,2025-12-22,V02,Tirupur,False,0.88,knit,hoodie,137,Coimbatore,Tier-2,COD,normal,1,1,1,5,3,22,24,2026-01-15,2,False,0.389,False,40,79,Medium (35-65),High (65-100)
PO001244,2025-12-23,V01,Tirupur,False,0.92,knit,polo,179,Delhi,Tier-1,COD,normal,3,1,1,3,2,21,25,2026-01-17,4,False,0.275,False,32,40,Low (0-35),Medium (35-65)
PO001685,2025-12-23,V05,Bengaluru,False,0.93,knit,henley,155,Hyderabad,Tier-1,COD,normal,2,1,5,2,1,21,24,2026-01-16,3,False,0.316,False,21,43,Low (0-35),Medium (35-65)
PO002384,2025-12-23,V05,Bengaluru,False,0.93,knit,polo,211,Chennai,Tier-1,Prepaid,normal,1,0,1,1,2,21,19,2026-01-11,-2,False,0.22,False,14,15,Low (0-35),Low (0-35)
PO002643,2025-12-23,V09,Delhi NCR,False,0.86,woven,trouser,169,Vadodara,Tier-2,Prepaid,normal,3,2,3,0,3,35,38,2026-01-30,3,False,0.299,False,44,51,Medium (35-65),Medium (35-65)
PO002729,2025-12-23,V01,Tirupur,False,0.92,knit,hoodie,275,Dehradun,Tier-3,Prepaid,normal,2,1,2,0,1,24,31,2026-01-23,7,True,0.33,False,34,32,Low (0-35),Low (0-35)
PO002730,2025-12-23,V02,Tirupur,False,0.88,knit,hoodie,266,Jaipur,Tier-2,COD,normal,3,1,3,0,1,22,26,2026-01-18,4,False,0.316,False,42,61,Medium (35-65),Medium (35-65)
PO002774,2025-12-23,V01,Tirupur,False,0.92,woven,chinos,264,Bengaluru,Tier-1,COD,normal,1,1,2,2,1,34,41,2026-02-02,7,True,0.344,False,38,45,Medium (35-65),Medium (35-65)
PO003280,2025-12-23,V05,Bengaluru,False,0.93,woven,trouser,140,Pune,Tier-2,COD,normal,5,2,1,1,2,35,47,2026-02-08,12,True,0.344,True,39,49,Medium (35-65),Medium (35-65)
PO003989,2025-12-23,V05,Bengaluru,False,0.93,knit,sweatshirt,146,Vadodara,Tier-2,Prepaid,normal,2,0,1,2,1,22,24,2026-01-16,2,False,0.22,True,19,22,Low (0-35),Low (0-35)
PO004567,2025-12-23,V12,Bengaluru,True,0.78,knit,polo,196,Hyderabad,Tier-1,COD,normal,7,0,1,3,1,21,31,2026-01-23,10,True,0.395,True,62,68,Medium (35-65),High (65-100)
PO004603,2025-12-23,V04,Tirupur,False,0.9,knit,henley,261,Mumbai,Tier-1,Prepaid,normal,1,2,1,0,3,21,25,2026-01-17,4,False,0.26,False,30,28,Low (0-35),Low (0-35)
PO004847,2025-12-23,V05,Bengaluru,False,0.93,knit,t-shirt,264,Pune,Tier-2,Prepaid,normal,5,2,1,3,2,22,24,2026-01-16,2,False,0.22,True,25,22,Low (0-35),Low (0-35)
PO000180,2025-12-24,V02,Tirupur,False,0.88,woven,trouser,50,Bhubaneswar,Tier-3,Prepaid,normal,2,7,3,3,3,37,44,2026-02-06,7,True,0.448,True,65,68,Medium (35-65),High (65-100)
PO000838,2025-12-24,V01,Tirupur,False,0.92,knit,henley,174,Nagpur,Tier-3,COD,normal,8,5,3,2,2,24,37,2026-01-30,13,True,0.474,False,55,68,Medium (35-65),High (65-100)
PO001011,2025-12-24,V04,Tirupur,False,0.9,knit,henley,251,Mumbai,Tier-1,Prepaid,normal,1,3,1,2,1,21,22,2026-01-15,1,False,0.22,True,24,18,Low (0-35),Low (0-35)
PO001405,2025-12-24,V02,Tirupur,False,0.88,knit,henley,254,Jaipur,Tier-2,COD,normal,2,1,2,2,1,22,26,2026-01-19,4,False,0.275,False,31,47,Low (0-35),Medium (35-65)
PO001521,2025-12-24,V05,Bengaluru,False,0.93,knit,t-shirt,138,Kolkata,Tier-1,COD,normal,1,1,1,0,3,21,23,2026-01-16,2,False,0.325,False,22,47,Low (0-35),Medium (35-65)
PO002307,2025-12-24,V02,Tirupur,False,0.88,knit,sweatshirt,107,Raipur,Tier-3,Prepaid,normal,1,0,2,2,1,24,24,2026-01-17,0,False,0.264,False,34,32,Low (0-35),Low (0-35)
PO002641,2025-12-24,V04,Tirupur,False,0.9,woven,chinos,242,Lucknow,Tier-2,COD,normal,1,2,1,1,3,35,40,2026-02-02,5,False,0.325,False,49,70,Medium (35-65),High (65-100)
PO003760,2025-12-24,V02,Tirupur,False,0.88,knit,t-shirt,112,Chennai,Tier-1,COD,normal,1,1,0,1,1,21,25,2026-01-18,4,False,0.275,False,26,40,Low (0-35),Medium (35-65)
PO003980,2025-12-24,V07,Ludhiana,False,0.87,knit,hoodie,185,Indore,Tier-2,COD,normal,1,1,1,1,1,22,21,2026-01-14,-1,False,0.275,True,17,44,Low (0-35),Medium (35-65)
PO004624,2025-12-24,V05,Bengaluru,False,0.93,knit,t-shirt,196,Mysuru,Tier-3,Prepaid,normal,1,2,0,3,1,24,24,2026-01-17,0,False,0.264,False,24,29,Low (0-35),Low (0-35)
PO000262,2025-12-25,V01,Tirupur,False,0.92,knit,henley,206,Patna,Tier-3,COD,normal,0,2,1,2,1,24,23,2026-01-17,-1,False,0.33,True,36,54,Medium (35-65),Medium (35-65)
PO000280,2025-12-25,V02,Tirupur,False,0.88,woven,trouser,353,Delhi,Tier-1,COD,normal,1,3,0,0,1,34,41,2026-02-04,7,True,0.344,False,46,53,Medium (35-65),Medium (35-65)
PO000742,2025-12-25,V05,Bengaluru,False,0.93,knit,t-shirt,126,Chennai,Tier-1,COD,normal,1,0,2,0,3,21,23,2026-01-17,2,False,0.325,False,22,47,Low (0-35),Medium (35-65)
PO000795,2025-12-25,V05,Bengaluru,False,0.93,woven,denim-jacket,171,Nagpur,Tier-3,COD,normal,1,2,2,1,1,37,40,2026-02-03,3,False,0.33,False,38,56,Medium (35-65),Medium (35-65)
PO001187,2025-12-25,V05,Bengaluru,False,0.93,knit,henley,144,Coimbatore,Tier-2,COD,normal,1,1,0,1,1,22,19,2026-01-13,-3,False,0.275,False,21,44,Low (0-35),Medium (35-65)
PO003101,2025-12-25,V05,Bengaluru,False,0.93,knit,sweatshirt,229,Jaipur,Tier-2,Prepaid,normal,6,5,2,5,1,22,29,2026-01-23,7,True,0.33,False,36,36,Medium (35-65),Medium (35-65)
PO003714,2025-12-25,V10,Delhi NCR,False,0.82,knit,sweatshirt,169,Delhi,Tier-1,COD,normal,2,0,4,1,2,21,21,2026-01-15,0,False,0.316,True,29,49,Low (0-35),Medium (35-65)
PO004208,2025-12-25,V05,Bengaluru,False,0.93,knit,hoodie,88,Surat,Tier-2,COD,normal,3,0,1,1,1,22,22,2026-01-16,0,False,0.275,False,27,44,Low (0-35),Medium (35-65)
PO004325,2025-12-25,V05,Bengaluru,False,0.93,knit,hoodie,87,Raipur,Tier-3,Prepaid,normal,1,7,2,3,1,24,24,2026-01-18,0,False,0.264,True,32,29,Low (0-35),Low (0-35)
PO004870,2025-12-25,V05,Bengaluru,False,0.93,knit,henley,251,Chandigarh,Tier-2,COD,normal,3,1,3,2,3,22,21,2026-01-15,-1,False,0.373,True,38,60,Medium (35-65),Medium (35-65)
PO004909,2025-12-25,V02,Tirupur,False,0.88,knit,henley,151,Kolkata,Tier-1,Prepaid,normal,4,0,2,2,3,21,20,2026-01-14,-1,False,0.26,False,36,28,Medium (35-65),Low (0-35)
PO001025,2025-12-26,V02,Tirupur,False,0.88,knit,hoodie,213,Mumbai,Tier-1,COD,normal,7,1,1,1,3,21,29,2026-01-24,8,True,0.406,True,38,50,Medium (35-65),Medium (35-65)
PO002448,2025-12-26,V01,Tirupur,False,0.92,knit,henley,176,Jaipur,Tier-2,Prepaid,normal,0,0,1,4,1,22,21,2026-01-16,-1,False,0.264,False,32,39,Low (0-35),Medium (35-65)
PO003000,2025-12-26,V06,Bengaluru,False,0.89,knit,polo,256,Bengaluru,Tier-1,Prepaid,normal,1,7,2,2,1,21,24,2026-01-19,3,False,0.22,False,22,15,Low (0-35),Low (0-35)
PO003863,2025-12-26,V01,Tirupur,False,0.92,knit,t-shirt,236,Indore,Tier-2,Prepaid,normal,1,1,1,1,2,22,25,2026-01-20,3,False,0.22,False,29,25,Low (0-35),Low (0-35)
PO004248,2025-12-26,V08,Ludhiana,False,0.84,woven,trouser,169,Pune,Tier-2,Prepaid,normal,4,9,2,10,1,35,40,2026-02-04,5,False,0.264,True,56,55,Medium (35-65),Medium (35-65)
PO004299,2025-12-26,V05,Bengaluru,False,0.93,knit,henley,112,Mumbai,Tier-1,Prepaid,normal,1,3,1,0,1,21,24,2026-01-19,3,False,0.22,False,14,15,Low (0-35),Low (0-35)
PO004301,2025-12-26,V01,Tirupur,False,0.92,knit,hoodie,153,Kolkata,Tier-1,Prepaid,normal,3,5,1,1,3,21,27,2026-01-22,6,True,0.325,False,44,36,Medium (35-65),Medium (35-65)
PO000250,2025-12-27,V04,Tirupur,False,0.9,knit,hoodie,246,Lucknow,Tier-2,COD,normal,1,1,3,3,2,22,22,2026-01-18,0,False,0.316,True,36,53,Medium (35-65),Medium (35-65)
PO000730,2025-12-27,V05,Bengaluru,False,0.93,knit,t-shirt,352,Pune,Tier-2,COD,normal,1,1,3,0,1,22,23,2026-01-19,1,False,0.316,False,34,50,Low (0-35),Medium (35-65)
PO000760,2025-12-27,V01,Tirupur,False,0.92,knit,sweatshirt,189,Madurai,Tier-3,Prepaid,normal,1,0,1,2,2,24,23,2026-01-19,-1,False,0.264,False,34,32,Low (0-35),Low (0-35)
PO000777,2025-12-27,V01,Tirupur,False,0.92,knit,sweatshirt,104,Nagpur,Tier-3,Prepaid,normal,1,1,0,1,2,24,29,2026-01-25,5,False,0.264,False,34,32,Low (0-35),Low (0-35)
PO001168,2025-12-27,V02,Tirupur,False,0.88,woven,denim-jacket,352,Mumbai,Tier-1,Prepaid,normal,1,12,1,0,2,34,42,2026-02-07,8,True,0.275,True,52,31,Medium (35-65),Low (0-35)
PO001238,2025-12-27,V03,Tirupur,False,0.85,knit,polo,241,Vadodara,Tier-2,Prepaid,normal,3,1,3,2,2,22,24,2026-01-20,2,False,0.253,True,40,39,Medium (35-65),Medium (35-65)
PO001556,2025-12-27,V05,Bengaluru,False,0.93,knit,polo,325,Vadodara,Tier-2,Prepaid,normal,1,0,1,1,2,22,19,2026-01-15,-3,False,0.22,True,19,22,Low (0-35),Low (0-35)
PO002341,2025-12-27,V05,Bengaluru,False,0.93,knit,polo,50,Nagpur,Tier-3,Prepaid,normal,9,1,2,2,2,24,29,2026-01-25,5,False,0.264,True,30,29,Low (0-35),Low (0-35)
PO002428,2025-12-27,V01,Tirupur,False,0.92,knit,hoodie,186,Kolkata,Tier-1,Prepaid,normal,2,1,2,2,2,21,23,2026-01-19,2,False,0.22,False,24,18,Low (0-35),Low (0-35)
PO002519,2025-12-27,V03,Tirupur,False,0.85,knit,sweatshirt,389,Kolkata,Tier-1,COD,normal,1,2,1,2,3,21,23,2026-01-19,2,False,0.325,False,40,58,Medium (35-65),Medium (35-65)
PO002653,2025-12-27,V02,Tirupur,False,0.88,knit,polo,292,Guwahati,Tier-3,COD,normal,2,1,2,2,1,24,28,2026-01-24,4,False,0.33,False,36,54,Medium (35-65),Medium (35-65)
PO004309,2025-12-27,V02,Tirupur,False,0.88,woven,overshirt,285,Bengaluru,Tier-1,COD,normal,2,0,1,4,1,34,35,2026-01-31,1,False,0.33,False,41,67,Medium (35-65),High (65-100)
PO004702,2025-12-27,V01,Tirupur,False,0.92,knit,sweatshirt,300,Mumbai,Tier-1,COD,normal,0,2,2,0,1,21,24,2026-01-20,3,False,0.275,False,26,40,Low (0-35),Medium (35-65)
PO000233,2025-12-28,V04,Tirupur,False,0.9,knit,hoodie,220,Lucknow,Tier-2,Prepaid,normal,1,1,1,2,3,22,22,2026-01-19,0,False,0.26,False,35,35,Low (0-35),Low (0-35)
PO000680,2025-12-28,V03,Tirupur,False,0.85,knit,polo,231,Mumbai,Tier-1,Prepaid,normal,7,2,2,2,1,21,20,2026-01-17,-1,False,0.22,False,30,18,Low (0-35),Low (0-35)
PO000864,2025-12-28,V09,Delhi NCR,False,0.86,knit,sweatshirt,283,Kolkata,Tier-1,COD,normal,1,1,0,0,1,21,24,2026-01-21,3,False,0.275,False,12,37,Low (0-35),Medium (35-65)
PO001318,2025-12-28,V09,Delhi NCR,False,0.86,woven,shirt,225,Guwahati,Tier-3,Prepaid,normal,1,1,2,2,1,37,33,2026-01-30,-4,False,0.264,False,32,34,Low (0-35),Low (0-35)
PO001552,2025-12-28,V01,Tirupur,False,0.92,knit,t-shirt,219,Pune,Tier-2,Prepaid,normal,5,1,4,1,3,22,26,2026-01-23,4,False,0.299,False,46,49,Medium (35-65),Medium (35-65)
PO002290,2025-12-28,V09,Delhi NCR,False,0.86,woven,denim-jacket,246,Bhubaneswar,Tier-3,COD,normal,2,9,2,3,1,37,39,2026-02-05,2,False,0.33,False,42,64,Medium (35-65),Medium (35-65)
PO002682,2025-12-28,V08,Ludhiana,False,0.84,woven,chinos,112,Mysuru,Tier-3,Prepaid,normal,3,12,2,1,3,37,37,2026-02-03,0,False,0.312,True,64,65,Medium (35-65),Medium (35-65)
PO003104,2025-12-28,V07,Ludhiana,False,0.87,knit,polo,223,Chandigarh,Tier-2,Prepaid,normal,2,1,1,1,1,22,22,2026-01-19,0,False,0.22,False,15,22,Low (0-35),Low (0-35)
PO003425,2025-12-28,V02,Tirupur,False,0.88,knit,polo,191,Lucknow,Tier-2,COD,normal,2,2,1,2,1,22,28,2026-01-25,6,True,0.344,False,31,47,Low (0-35),Medium (35-65)
PO003831,2025-12-28,V01,Tirupur,False,0.92,knit,t-shirt,268,Ahmedabad,Tier-2,COD,normal,2,1,2,1,3,22,29,2026-01-26,7,True,0.406,False,37,57,Medium (35-65),Medium (35-65)
PO003999,2025-12-28,V01,Tirupur,False,0.92,knit,polo,285,Mumbai,Tier-1,COD,normal,3,4,2,0,1,21,24,2026-01-21,3,False,0.275,True,32,40,Low (0-35),Medium (35-65)
PO004008,2025-12-28,V04,Tirupur,False,0.9,knit,polo,145,Indore,Tier-2,COD,normal,5,1,3,2,2,22,28,2026-01-25,6,True,0.395,False,42,61,Medium (35-65),Medium (35-65)
PO004364,2025-12-28,V01,Tirupur,False,0.92,knit,hoodie,256,Nagpur,Tier-3,COD,normal,3,0,2,0,1,24,26,2026-01-23,2,False,0.33,False,42,62,Medium (35-65),Medium (35-65)
PO000109,2025-12-29,V01,Tirupur,False,0.92,knit,sweatshirt,254,Jaipur,Tier-2,COD,normal,1,9,1,4,1,22,28,2026-01-26,6,True,0.412,True,42,69,Medium (35-65),High (65-100)
PO000202,2025-12-29,V04,Tirupur,False,0.9,knit,henley,184,Chennai,Tier-1,COD,normal,1,1,4,2,1,21,20,2026-01-18,-1,False,0.316,True,31,46,Low (0-35),Medium (35-65)
PO000274,2025-12-29,V02,Tirupur,False,0.88,knit,hoodie,225,Bengaluru,Tier-1,COD,normal,2,2,1,2,2,21,24,2026-01-22,3,False,0.275,False,26,40,Low (0-35),Medium (35-65)
PO000328,2025-12-29,V01,Tirupur,False,0.92,woven,denim-jacket,187,Vadodara,Tier-2,Prepaid,normal,4,0,10,3,2,35,31,2026-01-29,-4,False,0.253,True,52,44,Medium (35-65),Medium (35-65)
PO001395,2025-12-29,V05,Bengaluru,False,0.93,woven,overshirt,134,Lucknow,Tier-2,COD,normal,12,2,1,1,1,35,42,2026-02-09,7,True,0.344,True,39,49,Medium (35-65),Medium (35-65)
PO002613,2025-12-29,V05,Bengaluru,False,0.93,knit,polo,213,Pune,Tier-2,Prepaid,normal,1,0,1,3,3,22,21,2026-01-19,-1,False,0.26,False,25,32,Low (0-35),Low (0-35)
PO003503,2025-12-29,V03,Tirupur,False,0.85,knit,sweatshirt,276,Chandigarh,Tier-2,COD,normal,2,1,10,2,2,22,27,2026-01-25,5,False,0.316,False,36,53,Medium (35-65),Medium (35-65)
PO003614,2025-12-29,V03,Tirupur,False,0.85,woven,denim-jacket,219,Bengaluru,Tier-1,COD,normal,1,16,2,1,1,34,41,2026-02-08,7,True,0.344,False,46,53,Medium (35-65),Medium (35-65)
PO003818,2025-12-29,V01,Tirupur,False,0.92,knit,t-shirt,204,Dehradun,Tier-3,Prepaid,normal,1,2,1,2,1,24,30,2026-01-28,6,True,0.33,True,34,32,Low (0-35),Low (0-35)
PO004590,2025-12-29,V02,Tirupur,False,0.88,knit,sweatshirt,114,Ahmedabad,Tier-2,COD,normal,1,0,0,0,2,22,26,2026-01-24,4,False,0.275,False,31,47,Low (0-35),Medium (35-65)
PO004736,2025-12-29,V01,Tirupur,False,0.92,knit,sweatshirt,232,Indore,Tier-2,COD,normal,1,1,2,1,2,22,26,2026-01-24,4,False,0.275,False,31,47,Low (0-35),Medium (35-65)
PO000060,2025-12-30,V05,Bengaluru,False,0.93,knit,sweatshirt,307,Bengaluru,Tier-1,COD,normal,1,2,0,3,1,21,23,2026-01-22,2,False,0.275,False,16,37,Low (0-35),Medium (35-65)
PO000152,2025-12-30,V05,Bengaluru,False,0.93,knit,t-shirt,146,Hyderabad,Tier-1,COD,normal,4,1,1,4,1,21,23,2026-01-22,2,False,0.33,True,25,51,Low (0-35),Medium (35-65)
PO000161,2025-12-30,V02,Tirupur,False,0.88,woven,trouser,241,Delhi,Tier-1,COD,normal,1,3,1,3,1,34,41,2026-02-09,7,True,0.344,True,38,45,Medium (35-65),Medium (35-65)
PO002031,2025-12-30,V05,Bengaluru,False,0.93,knit,t-shirt,185,Kochi,Tier-2,COD,normal,3,0,2,1,1,22,25,2026-01-24,3,False,0.275,False,27,44,Low (0-35),Medium (35-65)
PO002204,2025-12-30,V08,Ludhiana,False,0.84,woven,denim-jacket,162,Bengaluru,Tier-1,COD,normal,5,1,1,2,1,34,32,2026-01-31,-2,False,0.275,False,42,56,Medium (35-65),Medium (35-65)
PO002579,2025-12-30,V12,Bengaluru,True,0.78,knit,t-shirt,256,Pune,Tier-2,COD,normal,1,0,1,4,1,22,29,2026-01-28,7,True,0.474,False,58,82,Medium (35-65),High (65-100)
PO004341,2025-12-30,V02,Tirupur,False,0.88,knit,henley,151,Surat,Tier-2,COD,normal,1,2,10,1,1,22,28,2026-01-27,6,True,0.395,True,36,53,Medium (35-65),Medium (35-65)
PO000425,2025-12-31,V01,Tirupur,False,0.92,knit,polo,255,Coimbatore,Tier-2,Prepaid,normal,1,1,3,2,1,22,23,2026-01-23,1,False,0.253,False,34,31,Low (0-35),Low (0-35)
PO000460,2025-12-31,V03,Tirupur,False,0.85,woven,trouser,281,Chandigarh,Tier-2,COD,normal,1,0,2,2,3,35,30,2026-01-30,-5,False,0.325,False,49,70,Medium (35-65),High (65-100)
PO000639,2025-12-31,V01,Tirupur,False,0.92,knit,henley,162,Vadodara,Tier-2,COD,normal,5,5,4,2,1,22,27,2026-01-27,5,False,0.316,True,50,61,Medium (35-65),Medium (35-65)
PO000731,2025-12-31,V01,Tirupur,False,0.92,knit,hoodie,50,Bengaluru,Tier-1,COD,normal,2,1,1,2,1,21,25,2026-01-25,4,False,0.275,False,26,40,Low (0-35),Medium (35-65)
PO002150,2025-12-31,V05,Bengaluru,False,0.93,knit,sweatshirt,194,Kolkata,Tier-1,COD,normal,1,1,1,0,1,21,19,2026-01-19,-2,False,0.275,False,16,37,Low (0-35),Medium (35-65)
PO003248,2025-12-31,V01,Tirupur,False,0.92,knit,henley,181,Kolkata,Tier-1,Prepaid,normal,2,2,3,2,1,21,24,2026-01-24,3,False,0.253,False,29,24,Low (0-35),Low (0-35)
PO003436,2025-12-31,V10,Delhi NCR,False,0.82,woven,chinos,193,Mysuru,Tier-3,Prepaid,normal,0,1,1,3,1,37,36,2026-02-05,-1,False,0.264,True,44,48,Medium (35-65),Medium (35-65)
PO003937,2025-12-31,V03,Tirupur,False,0.85,knit,sweatshirt,100,Chennai,Tier-1,COD,normal,2,1,1,4,1,21,23,2026-01-23,2,False,0.33,True,29,54,Low (0-35),Medium (35-65)
PO004400,2025-12-31,V02,Tirupur,False,0.88,woven,overshirt,229,Kolkata,Tier-1,COD,normal,6,7,1,2,1,34,34,2026-02-03,0,False,0.275,False,52,53,Medium (35-65),Medium (35-65)
PO004746,2025-12-31,V01,Tirupur,False,0.92,knit,hoodie,156,Chennai,Tier-1,COD,normal,1,0,1,0,1,21,24,2026-01-24,3,False,0.275,False,26,40,Low (0-35),Medium (35-65)
PO004821,2025-12-31,V01,Tirupur,False,0.92,woven,trouser,124,Patna,Tier-3,COD,normal,4,3,3,2,2,37,40,2026-02-09,3,False,0.38,False,59,73,Medium (35-65),High (65-100)
PO004840,2025-12-31,V02,Tirupur,False,0.88,knit,polo,83,Bhubaneswar,Tier-3,COD,normal,0,1,2,0,2,24,26,2026-01-26,2,False,0.33,False,36,54,Medium (35-65),Medium (35-65)
PO000193,2026-01-01,V07,Ludhiana,False,0.87,knit,t-shirt,202,Raipur,Tier-3,Prepaid,normal,0,1,1,1,2,24,26,2026-01-27,2,False,0.264,False,20,29,Low (0-35),Low (0-35)
PO000303,2026-01-01,V02,Tirupur,False,0.88,knit,sweatshirt,211,Vadodara,Tier-2,COD,normal,4,0,1,0,3,22,23,2026-01-24,1,False,0.325,False,43,65,Medium (35-65),Medium (35-65)
PO000785,2026-01-01,V06,Bengaluru,False,0.89,knit,t-shirt,247,Chandigarh,Tier-2,Prepaid,normal,2,0,0,2,1,22,20,2026-01-21,-2,False,0.22,False,19,22,Low (0-35),Low (0-35)
PO001203,2026-01-01,V01,Tirupur,False,0.92,knit,hoodie,196,Bengaluru,Tier-1,COD,normal,2,3,4,1,1,21,27,2026-01-28,6,True,0.395,True,31,46,Low (0-35),Medium (35-65)
PO001516,2026-01-01,V05,Bengaluru,False,0.93,knit,polo,114,Pune,Tier-2,COD,normal,3,1,0,2,1,22,22,2026-01-23,0,False,0.275,True,27,44,Low (0-35),Medium (35-65)
PO001549,2026-01-01,V04,Tirupur,False,0.9,woven,shirt,189,Coimbatore,Tier-2,COD,normal,2,1,1,1,3,35,32,2026-02-02,-3,False,0.325,False,49,70,Medium (35-65),High (65-100)
PO001578,2026-01-01,V02,Tirupur,False,0.88,knit,henley,50,Delhi,Tier-1,Prepaid,normal,2,0,4,2,1,21,28,2026-01-29,7,True,0.316,False,29,24,Low (0-35),Low (0-35)
PO001818,2026-01-01,V08,Ludhiana,False,0.84,knit,polo,292,Chennai,Tier-1,Prepaid,normal,1,1,1,4,3,21,25,2026-01-26,4,False,0.312,False,31,45,Low (0-35),Medium (35-65)
PO002548,2026-01-01,V07,Ludhiana,False,0.87,knit,t-shirt,246,Vadodara,Tier-2,COD,normal,1,1,3,0,2,22,24,2026-01-25,2,False,0.316,False,22,50,Low (0-35),Medium (35-65)
PO003859,2026-01-01,V10,Delhi NCR,False,0.82,knit,henley,212,Mysuru,Tier-3,COD,normal,1,0,8,1,2,24,29,2026-01-30,5,False,0.38,False,39,63,Medium (35-65),Medium (35-65)
PO004703,2026-01-01,V03,Tirupur,False,0.85,knit,t-shirt,199,Kochi,Tier-2,Prepaid,normal,1,0,3,0,1,22,30,2026-01-31,8,True,0.316,True,34,31,Low (0-35),Low (0-35)
PO000929,2026-01-02,V04,Tirupur,False,0.9,knit,sweatshirt,291,Lucknow,Tier-2,COD,normal,2,0,1,2,2,22,25,2026-01-27,3,False,0.275,False,31,47,Low (0-35),Medium (35-65)
PO001234,2026-01-02,V07,Ludhiana,False,0.87,knit,hoodie,269,Guwahati,Tier-3,Prepaid,normal,0,1,2,2,1,24,26,2026-01-28,2,False,0.264,True,20,29,Low (0-35),Low (0-35)
PO001946,2026-01-02,V05,Bengaluru,False,0.93,knit,henley,232,Delhi,Tier-1,Prepaid,normal,1,2,1,1,3,21,20,2026-01-22,-1,False,0.26,False,20,25,Low (0-35),Low (0-35)
PO002025,2026-01-02,V04,Tirupur,False,0.9,knit,sweatshirt,193,Mysuru,Tier-3,Prepaid,normal,2,0,3,0,2,24,32,2026-02-03,8,True,0.38,False,39,38,Medium (35-65),Medium (35-65)
PO002500,2026-01-02,V01,Tirupur,False,0.92,knit,t-shirt,167,Chandigarh,Tier-2,COD,normal,3,3,1,0,3,22,25,2026-01-27,3,False,0.325,True,43,65,Medium (35-65),Medium (35-65)
PO003290,2026-01-02,V02,Tirupur,False,0.88,knit,polo,50,Chennai,Tier-1,COD,normal,4,2,6,1,2,21,24,2026-01-26,3,False,0.316,True,37,46,Medium (35-65),Medium (35-65)
PO003674,2026-01-02,V03,Tirupur,False,0.85,woven,overshirt,128,Vijayawada,Tier-3,COD,normal,0,1,3,1,1,37,37,2026-02-08,0,False,0.38,True,53,73,Medium (35-65),High (65-100)
PO004386,2026-01-02,V07,Ludhiana,False,0.87,woven,chinos,152,Jodhpur,Tier-3,COD,normal,2,4,2,2,2,37,31,2026-02-02,-6,False,0.33,False,34,56,Low (0-35),Medium (35-65)
PO004585,2026-01-02,V05,Bengaluru,False,0.93,knit,hoodie,165,Delhi,Tier-1,Prepaid,normal,1,0,4,0,1,21,21,2026-01-23,0,False,0.253,False,19,21,Low (0-35),Low (0-35)
PO004834,2026-01-02,V04,Tirupur,False,0.9,knit,hoodie,119,Vadodara,Tier-2,Prepaid,normal,5,0,1,1,1,22,27,2026-01-29,5,False,0.22,False,35,25,Low (0-35),Low (0-35)
PO001277,2026-01-03,V02,Tirupur,False,0.88,knit,henley,212,Mumbai,Tier-1,COD,normal,1,1,2,2,2,21,27,2026-01-30,6,True,0.344,False,26,40,Low (0-35),Medium (35-65)
PO001314,2026-01-03,V02,Tirupur,False,0.88,knit,hoodie,159,Bhubaneswar,Tier-3,Prepaid,normal,2,3,2,4,3,24,28,2026-01-31,4,False,0.374,False,43,64,Medium (35-65),Medium (35-65)
PO001505,2026-01-03,V01,Tirupur,False,0.92,woven,denim-jacket,145,Bhubaneswar,Tier-3,Prepaid,normal,2,1,3,1,1,37,36,2026-02-08,-1,False,0.304,False,51,51,Medium (35-65),Medium (35-65)
PO001682,2026-01-03,V02,Tirupur,False,0.88,woven,overshirt,164,Hyderabad,Tier-1,COD,normal,5,1,0,1,1,34,38,2026-02-10,4,False,0.275,True,44,53,Medium (35-65),Medium (35-65)
PO001821,2026-01-03,V02,Tirupur,False,0.88,knit,hoodie,154,Pune,Tier-2,COD,normal,4,1,0,5,2,22,23,2026-01-26,1,False,0.33,False,40,69,Medium (35-65),High (65-100)
PO002520,2026-01-03,V01,Tirupur,False,0.92,knit,henley,201,Hyderabad,Tier-1,Prepaid,normal,6,3,5,1,1,21,25,2026-01-28,4,False,0.253,False,35,24,Low (0-35),Low (0-35)
PO003096,2026-01-03,V02,Tirupur,False,0.88,knit,henley,140,Madurai,Tier-3,Prepaid,normal,1,4,3,4,2,24,26,2026-01-29,2,False,0.364,False,42,60,Medium (35-65),Medium (35-65)
PO003186,2026-01-03,V05,Bengaluru,False,0.93,woven,chinos,280,Kochi,Tier-2,Prepaid,normal,0,2,2,1,1,35,33,2026-02-05,-2,False,0.22,False,31,27,Low (0-35),Low (0-35)
PO003394,2026-01-03,V01,Tirupur,False,0.92,knit,sweatshirt,208,Mumbai,Tier-1,Prepaid,normal,8,0,1,3,2,21,23,2026-01-26,2,False,0.22,False,30,18,Low (0-35),Low (0-35)
PO003426,2026-01-03,V03,Tirupur,False,0.85,knit,hoodie,261,Mumbai,Tier-1,COD,normal,1,1,2,1,1,21,25,2026-01-28,4,False,0.275,False,26,40,Low (0-35),Medium (35-65)
PO003830,2026-01-03,V04,Tirupur,False,0.9,knit,hoodie,89,Kolkata,Tier-1,COD,normal,4,0,4,2,1,21,23,2026-01-26,2,False,0.316,True,37,46,Medium (35-65),Medium (35-65)
PO004621,2026-01-03,V07,Ludhiana,False,0.87,knit,henley,302,Jaipur,Tier-2,COD,normal,5,1,3,1,2,22,23,2026-01-26,1,False,0.316,True,28,50,Low (0-35),Medium (35-65)
PO000106,2026-01-04,V02,Tirupur,False,0.88,woven,denim-jacket,168,Mumbai,Tier-1,COD,normal,2,3,1,2,2,34,30,2026-02-03,-4,False,0.275,False,38,45,Medium (35-65),Medium (35-65)
PO000174,2026-01-04,V05,Bengaluru,False,0.93,knit,henley,219,Bengaluru,Tier-1,Prepaid,normal,2,1,2,2,2,21,22,2026-01-26,1,False,0.22,False,14,15,Low (0-35),Low (0-35)
PO000189,2026-01-04,V02,Tirupur,False,0.88,knit,t-shirt,130,Madurai,Tier-3,Prepaid,normal,2,1,2,1,1,24,30,2026-02-03,6,True,0.33,True,34,32,Low (0-35),Low (0-35)
PO000663,2026-01-04,V04,Tirupur,False,0.9,knit,hoodie,245,Hyderabad,Tier-1,Prepaid,normal,1,4,1,0,1,21,24,2026-01-28,3,False,0.22,False,24,18,Low (0-35),Low (0-35)
PO001213,2026-01-04,V10,Delhi NCR,False,0.82,woven,trouser,131,Tiruchirappalli,Tier-3,COD,normal,1,3,2,4,1,37,34,2026-02-07,-3,False,0.396,True,49,84,Medium (35-65),High (65-100)
PO001515,2026-01-04,V03,Tirupur,False,0.85,knit,sweatshirt,244,Pune,Tier-2,Prepaid,normal,1,0,1,0,2,22,30,2026-02-03,8,True,0.275,False,29,25,Low (0-35),Low (0-35)
PO001531,2026-01-04,V06,Bengaluru,False,0.89,knit,hoodie,179,Coimbatore,Tier-2,COD,normal,0,2,2,3,1,22,22,2026-01-26,0,False,0.275,False,21,44,Low (0-35),Medium (35-65)
PO001809,2026-01-04,V05,Bengaluru,False,0.93,knit,sweatshirt,123,Kochi,Tier-2,Prepaid,normal,4,1,0,1,1,22,25,2026-01-29,3,False,0.22,False,25,22,Low (0-35),Low (0-35)
PO002277,2026-01-04,V02,Tirupur,False,0.88,woven,shirt,394,Mumbai,Tier-1,COD,normal,5,12,2,0,2,34,43,2026-02-16,9,True,0.344,False,60,60,Medium (35-65),Medium (35-65)
PO002593,2026-01-04,V02,Tirupur,False,0.88,woven,overshirt,151,Delhi,Tier-1,COD,normal,2,2,1,2,3,34,38,2026-02-11,4,False,0.325,False,44,63,Medium (35-65),Medium (35-65)
PO002776,2026-01-04,V06,Bengaluru,False,0.89,knit,t-shirt,238,Raipur,Tier-3,Prepaid,normal,10,1,4,0,1,24,27,2026-01-31,3,False,0.304,True,35,35,Low (0-35),Low (0-35)
PO003116,2026-01-04,V03,Tirupur,False,0.85,knit,henley,259,Surat,Tier-2,Prepaid,normal,3,1,1,3,3,22,24,2026-01-28,2,False,0.26,True,41,43,Medium (35-65),Medium (35-65)
PO003191,2026-01-04,V02,Tirupur,False,0.88,knit,t-shirt,104,Surat,Tier-2,COD,normal,3,0,8,1,1,22,26,2026-01-30,4,False,0.316,False,42,61,Medium (35-65),Medium (35-65)
PO003445,2026-01-04,V05,Bengaluru,False,0.93,woven,trouser,150,Nagpur,Tier-3,Prepaid,normal,5,11,1,3,1,37,40,2026-02-13,3,False,0.264,False,50,42,Medium (35-65),Medium (35-65)
PO003875,2026-01-04,V01,Tirupur,False,0.92,knit,henley,348,Kochi,Tier-2,Prepaid,normal,1,0,1,1,2,22,23,2026-01-27,1,False,0.22,False,29,25,Low (0-35),Low (0-35)
PO004117,2026-01-04,V03,Tirupur,False,0.85,knit,polo,61,Hyderabad,Tier-1,COD,normal,2,1,0,4,3,21,23,2026-01-27,2,False,0.389,False,35,64,Low (0-35),Medium (35-65)
PO004356,2026-01-04,V07,Ludhiana,False,0.87,knit,sweatshirt,176,Bengaluru,Tier-1,COD,normal,10,1,1,1,2,21,22,2026-01-26,1,False,0.275,True,18,37,Low (0-35),Medium (35-65)
PO004461,2026-01-04,V01,Tirupur,False,0.92,knit,polo,115,Hyderabad,Tier-1,Prepaid,normal,0,0,1,1,2,21,23,2026-01-27,2,False,0.22,False,24,18,Low (0-35),Low (0-35)
PO004631,2026-01-04,V01,Tirupur,False,0.92,woven,overshirt,250,Bengaluru,Tier-1,Prepaid,normal,6,1,1,1,1,34,41,2026-02-14,7,True,0.275,False,42,31,Medium (35-65),Low (0-35)
PO004845,2026-01-04,V01,Tirupur,False,0.92,knit,henley,298,Tiruchirappalli,Tier-3,COD,normal,1,3,2,2,2,24,33,2026-02-06,9,True,0.413,True,36,54,Medium (35-65),Medium (35-65)
PO001021,2026-01-05,V02,Tirupur,False,0.88,woven,trouser,152,Jaipur,Tier-2,Prepaid,normal,3,4,3,1,2,35,42,2026-02-16,7,True,0.316,False,52,44,Medium (35-65),Medium (35-65)
PO001138,2026-01-05,V01,Tirupur,False,0.92,knit,t-shirt,236,Mysuru,Tier-3,COD,normal,2,2,3,0,1,24,30,2026-02-04,6,True,0.474,False,41,68,Medium (35-65),High (65-100)
PO002146,2026-01-05,V05,Bengaluru,False,0.93,knit,henley,265,Kolkata,Tier-1,Prepaid,normal,1,1,0,7,3,21,20,2026-01-25,-1,False,0.312,False,23,39,Low (0-35),Medium (35-65)
PO002379,2026-01-05,V02,Tirupur,False,0.88,knit,henley,120,Nagpur,Tier-3,COD,normal,0,0,2,0,1,24,23,2026-01-28,-1,False,0.33,False,36,54,Medium (35-65),Medium (35-65)
PO002398,2026-01-05,V02,Tirupur,False,0.88,knit,polo,202,Nagpur,Tier-3,Prepaid,normal,9,14,1,2,3,24,34,2026-02-08,10,True,0.389,False,54,50,Medium (35-65),Medium (35-65)
PO002453,2026-01-05,V01,Tirupur,False,0.92,knit,henley,401,Kolkata,Tier-1,COD,normal,1,2,4,3,1,21,22,2026-01-27,1,False,0.316,False,39,46,Medium (35-65),Medium (35-65)
PO002560,2026-01-05,V12,Bengaluru,True,0.78,knit,polo,282,Ahmedabad,Tier-2,COD,normal,1,0,1,7,1,22,26,2026-01-31,4,False,0.379,True,58,82,Medium (35-65),High (65-100)
PO002826,2026-01-05,V06,Bengaluru,False,0.89,woven,trouser,279,Guwahati,Tier-3,COD,normal,1,20,2,2,3,37,40,2026-02-14,3,False,0.389,False,52,74,Medium (35-65),High (65-100)
PO003524,2026-01-05,V05,Bengaluru,False,0.93,knit,sweatshirt,252,Ranchi,Tier-3,COD,normal,5,2,1,3,2,24,30,2026-02-04,6,True,0.413,False,32,51,Low (0-35),Medium (35-65)
PO004219,2026-01-05,V10,Delhi NCR,False,0.82,knit,henley,335,Mumbai,Tier-1,COD,normal,5,1,0,6,2,21,27,2026-02-01,6,True,0.412,False,33,57,Low (0-35),Medium (35-65)
PO001603,2026-01-06,V01,Tirupur,False,0.92,knit,henley,215,Kochi,Tier-2,Prepaid,normal,2,1,2,4,1,22,31,2026-02-06,9,True,0.33,False,32,39,Low (0-35),Medium (35-65)
PO002400,2026-01-06,V01,Tirupur,False,0.92,knit,hoodie,160,Ahmedabad,Tier-2,COD,normal,2,0,1,2,2,22,23,2026-01-29,1,False,0.275,False,31,47,Low (0-35),Medium (35-65)
PO003725,2026-01-06,V01,Tirupur,False,0.92,knit,sweatshirt,158,Mysuru,Tier-3,COD,normal,4,2,0,1,3,24,28,2026-02-03,4,False,0.389,False,48,72,Medium (35-65),High (65-100)
PO001081,2026-01-07,V02,Tirupur,False,0.88,knit,henley,196,Nagpur,Tier-3,COD,normal,1,1,2,1,1,24,28,2026-02-04,4,False,0.33,False,36,54,Medium (35-65),Medium (35-65)
PO002407,2026-01-07,V02,Tirupur,False,0.88,woven,shirt,115,Kochi,Tier-2,Prepaid,normal,0,4,1,0,1,35,38,2026-02-14,3,False,0.22,False,41,38,Medium (35-65),Medium (35-65)
PO002865,2026-01-07,V02,Tirupur,False,0.88,knit,henley,169,Coimbatore,Tier-2,COD,normal,2,1,1,0,3,22,27,2026-02-03,5,False,0.325,True,37,57,Medium (35-65),Medium (35-65)
PO002942,2026-01-07,V01,Tirupur,False,0.92,knit,polo,190,Chennai,Tier-1,Prepaid,normal,1,0,1,1,2,21,17,2026-01-24,-4,False,0.22,False,24,18,Low (0-35),Low (0-35)
PO003460,2026-01-07,V05,Bengaluru,False,0.93,woven,overshirt,259,Lucknow,Tier-2,COD,normal,2,1,4,1,2,35,36,2026-02-12,1,False,0.316,False,38,55,Medium (35-65),Medium (35-65)
PO003575,2026-01-07,V07,Ludhiana,False,0.87,knit,hoodie,246,Mumbai,Tier-1,COD,normal,2,2,0,1,1,21,19,2026-01-26,-2,False,0.275,False,12,37,Low (0-35),Medium (35-65)
PO004632,2026-01-07,V03,Tirupur,False,0.85,knit,polo,277,Nagpur,Tier-3,Prepaid,normal,1,0,0,1,1,24,27,2026-02-03,3,False,0.264,True,34,32,Low (0-35),Low (0-35)
PO000852,2026-01-08,V01,Tirupur,False,0.92,woven,trouser,205,Chennai,Tier-1,COD,normal,5,0,1,1,3,34,43,2026-02-20,9,True,0.406,False,50,63,Medium (35-65),Medium (35-65)
PO001367,2026-01-08,V10,Delhi NCR,False,0.82,woven,chinos,204,Bhubaneswar,Tier-3,Prepaid,normal,1,3,3,5,1,37,41,2026-02-18,4,False,0.364,False,52,68,Medium (35-65),High (65-100)
PO001867,2026-01-08,V02,Tirupur,False,0.88,knit,sweatshirt,220,Jodhpur,Tier-3,COD,normal,1,1,3,3,1,24,27,2026-02-04,3,False,0.38,True,41,68,Medium (35-65),High (65-100)
PO002364,2026-01-08,V11,Tirupur,True,0.75,knit,sweatshirt,138,Pune,Tier-2,COD,normal,5,2,1,3,1,22,32,2026-02-09,10,True,0.395,True,87,80,High (65-100),High (65-100)
PO002406,2026-01-08,V06,Bengaluru,False,0.89,knit,t-shirt,241,Kolkata,Tier-1,COD,normal,3,0,0,1,2,21,22,2026-01-30,1,False,0.275,True,22,37,Low (0-35),Medium (35-65)
PO002747,2026-01-08,V03,Tirupur,False,0.85,woven,chinos,206,Jaipur,Tier-2,Prepaid,normal,3,3,1,3,2,35,35,2026-02-12,0,False,0.22,False,47,38,Medium (35-65),Medium (35-65)
PO002842,2026-01-08,V01,Tirupur,False,0.92,knit,t-shirt,338,Delhi,Tier-1,Prepaid,normal,1,1,0,0,1,21,26,2026-02-03,5,False,0.22,True,24,18,Low (0-35),Low (0-35)
PO002914,2026-01-08,V05,Bengaluru,False,0.93,knit,t-shirt,129,Surat,Tier-2,COD,normal,1,0,2,2,1,22,22,2026-01-30,0,False,0.275,False,21,44,Low (0-35),Medium (35-65)
PO003587,2026-01-08,V01,Tirupur,False,0.92,knit,sweatshirt,196,Tiruchirappalli,Tier-3,COD,normal,1,1,5,4,1,24,27,2026-02-04,3,False,0.455,True,44,82,Medium (35-65),High (65-100)
PO003693,2026-01-08,V01,Tirupur,False,0.92,knit,polo,210,Delhi,Tier-1,COD,normal,1,1,3,0,2,21,28,2026-02-05,7,True,0.395,False,31,46,Low (0-35),Medium (35-65)
PO003855,2026-01-08,V02,Tirupur,False,0.88,woven,overshirt,296,Kolkata,Tier-1,COD,normal,1,3,5,2,2,34,34,2026-02-11,0,False,0.316,False,43,59,Medium (35-65),Medium (35-65)
PO004037,2026-01-08,V02,Tirupur,False,0.88,knit,hoodie,281,Mumbai,Tier-1,Prepaid,normal,3,2,2,2,1,21,21,2026-01-29,0,False,0.22,False,30,18,Low (0-35),Low (0-35)
PO004111,2026-01-08,V09,Delhi NCR,False,0.86,woven,chinos,154,Ahmedabad,Tier-2,Prepaid,normal,9,5,1,1,1,35,44,2026-02-21,9,True,0.275,False,41,35,Medium (35-65),Low (0-35)
PO000195,2026-01-09,V04,Tirupur,False,0.9,knit,henley,243,Guwahati,Tier-3,COD,normal,1,1,2,1,3,24,27,2026-02-05,3,False,0.389,True,42,72,Medium (35-65),High (65-100)
PO001258,2026-01-09,V04,Tirupur,False,0.9,knit,hoodie,50,Surat,Tier-2,Prepaid,normal,6,1,4,1,1,22,30,2026-02-08,8,True,0.316,False,40,39,Medium (35-65),Medium (35-65)
PO001895,2026-01-09,V01,Tirupur,False,0.92,knit,henley,160,Bhubaneswar,Tier-3,Prepaid,normal,7,7,1,2,1,24,29,2026-02-07,5,False,0.264,False,48,40,Medium (35-65),Medium (35-65)
PO002212,2026-01-09,V05,Bengaluru,False,0.93,knit,t-shirt,274,Coimbatore,Tier-2,COD,normal,4,4,0,4,1,22,24,2026-02-02,2,False,0.33,False,30,58,Low (0-35),Medium (35-65)
PO002851,2026-01-09,V01,Tirupur,False,0.92,knit,t-shirt,291,Bhubaneswar,Tier-3,COD,normal,4,4,0,1,1,24,29,2026-02-07,5,False,0.33,True,42,62,Medium (35-65),Medium (35-65)
PO003091,2026-01-09,V02,Tirupur,False,0.88,knit,t-shirt,245,Chennai,Tier-1,Prepaid,normal,2,1,2,0,1,21,27,2026-02-05,6,True,0.275,False,24,18,Low (0-35),Low (0-35)
PO003416,2026-01-09,V01,Tirupur,False,0.92,knit,t-shirt,148,Vijayawada,Tier-3,Prepaid,normal,6,2,2,3,1,24,32,2026-02-10,8,True,0.33,False,40,40,Medium (35-65),Medium (35-65)
PO003500,2026-01-09,V05,Bengaluru,False,0.93,woven,overshirt,246,Chandigarh,Tier-2,COD,normal,2,1,1,1,2,35,39,2026-02-17,4,False,0.275,True,33,49,Low (0-35),Medium (35-65)
PO004158,2026-01-09,V03,Tirupur,False,0.85,knit,sweatshirt,371,Bengaluru,Tier-1,COD,normal,3,0,6,1,2,21,23,2026-02-01,2,False,0.316,False,45,54,Medium (35-65),Medium (35-65)
PO004161,2026-01-09,V01,Tirupur,False,0.92,woven,denim-jacket,239,Patna,Tier-3,COD,normal,2,1,1,1,1,37,43,2026-02-21,6,True,0.413,False,48,67,Medium (35-65),High (65-100)
PO004195,2026-01-09,V03,Tirupur,False,0.85,knit,sweatshirt,280,Ranchi,Tier-3,Prepaid,normal,2,2,0,1,2,24,23,2026-02-01,-1,False,0.264,True,34,32,Low (0-35),Low (0-35)
PO004304,2026-01-09,V09,Delhi NCR,False,0.86,woven,trouser,241,Bhubaneswar,Tier-3,Prepaid,normal,1,1,5,0,1,37,42,2026-02-20,5,False,0.304,True,37,40,Medium (35-65),Medium (35-65)
PO000057,2026-01-10,V04,Tirupur,False,0.9,knit,henley,260,Mumbai,Tier-1,COD,normal,1,3,0,1,3,21,25,2026-02-04,4,False,0.325,False,32,50,Low (0-35),Medium (35-65)
PO000375,2026-01-10,V01,Tirupur,False,0.92,knit,polo,129,Chennai,Tier-1,COD,normal,1,0,1,0,1,21,27,2026-02-06,6,True,0.344,False,26,40,Low (0-35),Medium (35-65)
PO000837,2026-01-10,V05,Bengaluru,False,0.93,knit,polo,265,Coimbatore,Tier-2,Prepaid,normal,1,0,8,1,1,22,24,2026-02-03,2,False,0.253,False,24,28,Low (0-35),Low (0-35)
PO000844,2026-01-10,V03,Tirupur,False,0.85,knit,t-shirt,219,Ranchi,Tier-3,Prepaid,normal,2,2,3,0,3,24,28,2026-02-07,4,False,0.358,True,45,56,Medium (35-65),Medium (35-65)
PO001709,2026-01-10,V02,Tirupur,False,0.88,knit,hoodie,159,Indore,Tier-2,Prepaid,normal,6,7,3,4,1,22,26,2026-02-05,4,False,0.304,False,51,53,Medium (35-65),Medium (35-65)
PO002770,2026-01-10,V02,Tirupur,False,0.88,knit,hoodie,93,Hyderabad,Tier-1,Prepaid,normal,1,1,3,1,3,21,21,2026-01-31,0,False,0.299,False,35,34,Low (0-35),Low (0-35)
PO002812,2026-01-10,V01,Tirupur,False,0.92,knit,sweatshirt,219,Jaipur,Tier-2,Prepaid,normal,1,1,1,3,1,22,24,2026-02-03,2,False,0.22,False,29,25,Low (0-35),Low (0-35)
PO002869,2026-01-10,V03,Tirupur,False,0.85,knit,sweatshirt,50,Vijayawada,Tier-3,Prepaid,normal,1,2,2,0,1,24,25,2026-02-04,1,False,0.264,False,34,32,Low (0-35),Low (0-35)
PO002967,2026-01-10,V05,Bengaluru,False,0.93,knit,henley,226,Lucknow,Tier-2,COD,normal,2,0,1,0,1,22,23,2026-02-02,1,False,0.275,True,21,44,Low (0-35),Medium (35-65)
PO003283,2026-01-10,V02,Tirupur,False,0.88,knit,hoodie,222,Hyderabad,Tier-1,Prepaid,normal,2,2,2,1,1,21,27,2026-02-06,6,True,0.275,True,24,18,Low (0-35),Low (0-35)
PO003361,2026-01-10,V01,Tirupur,False,0.92,woven,overshirt,133,Raipur,Tier-3,Prepaid,normal,4,0,0,0,3,37,38,2026-02-17,1,False,0.312,True,58,55,Medium (35-65),Medium (35-65)
PO004007,2026-01-10,V05,Bengaluru,False,0.93,knit,hoodie,244,Chennai,Tier-1,COD,normal,1,1,4,1,2,21,22,2026-02-01,1,False,0.316,False,21,43,Low (0-35),Medium (35-65)
PO004452,2026-01-10,V03,Tirupur,False,0.85,knit,hoodie,158,Dehradun,Tier-3,Prepaid,normal,1,1,2,4,1,24,30,2026-02-09,6,True,0.396,False,37,46,Medium (35-65),Medium (35-65)
PO000789,2026-01-11,V10,Delhi NCR,False,0.82,woven,overshirt,195,Hyderabad,Tier-1,COD,normal,1,2,1,2,1,34,35,2026-02-15,1,False,0.275,True,36,48,Medium (35-65),Medium (35-65)
PO000848,2026-01-11,V02,Tirupur,False,0.88,knit,sweatshirt,114,Madurai,Tier-3,COD,normal,4,2,0,7,1,24,26,2026-02-06,2,False,0.396,False,45,76,Medium (35-65),High (65-100)
PO000988,2026-01-11,V02,Tirupur,False,0.88,knit,t-shirt,190,Ahmedabad,Tier-2,COD,normal,1,1,1,2,2,22,27,2026-02-07,5,False,0.275,False,31,47,Low (0-35),Medium (35-65)
PO001116,2026-01-11,V01,Tirupur,False,0.92,knit,henley,316,Jodhpur,Tier-3,COD,normal,1,0,1,3,2,24,29,2026-02-09,5,False,0.33,True,36,54,Medium (35-65),Medium (35-65)
PO001227,2026-01-11,V03,Tirupur,False,0.85,woven,trouser,205,Chennai,Tier-1,COD,normal,1,4,4,3,1,34,41,2026-02-21,7,True,0.395,True,43,59,Medium (35-65),Medium (35-65)
PO001468,2026-01-11,V02,Tirupur,False,0.88,knit,sweatshirt,198,Patna,Tier-3,COD,normal,1,1,2,2,1,24,22,2026-02-02,-2,False,0.33,True,36,54,Medium (35-65),Medium (35-65)
PO001587,2026-01-11,V10,Delhi NCR,False,0.82,woven,trouser,68,Kochi,Tier-2,COD,normal,2,5,8,2,3,35,42,2026-02-22,7,True,0.466,True,60,86,Medium (35-65),High (65-100)
PO001600,2026-01-11,V04,Tirupur,False,0.9,knit,t-shirt,170,Delhi,Tier-1,COD,normal,1,2,1,0,3,21,29,2026-02-09,8,True,0.406,False,32,50,Low (0-35),Medium (35-65)
PO001885,2026-01-11,V06,Bengaluru,False,0.89,knit,polo,145,Kolkata,Tier-1,COD,normal,2,1,1,1,2,21,25,2026-02-05,4,False,0.275,False,16,37,Low (0-35),Medium (35-65)
PO001996,2026-01-11,V01,Tirupur,False,0.92,knit,sweatshirt,252,Surat,Tier-2,Prepaid,normal,1,1,1,1,2,22,22,2026-02-02,0,False,0.22,True,29,25,Low (0-35),Low (0-35)
PO002117,2026-01-11,V04,Tirupur,False,0.9,knit,polo,195,Chennai,Tier-1,COD,normal,2,2,3,0,1,21,24,2026-02-04,3,False,0.316,False,31,46,Low (0-35),Medium (35-65)
PO002320,2026-01-11,V05,Bengaluru,False,0.93,woven,trouser,158,Bengaluru,Tier-1,COD,normal,2,1,1,0,1,34,35,2026-02-15,1,False,0.275,True,28,42,Low (0-35),Medium (35-65)
PO002415,2026-01-11,V04,Tirupur,False,0.9,knit,t-shirt,347,Pune,Tier-2,Prepaid,normal,4,2,4,2,2,22,31,2026-02-11,9,True,0.316,False,40,39,Medium (35-65),Medium (35-65)
PO003528,2026-01-11,V02,Tirupur,False,0.88,knit,t-shirt,121,Jaipur,Tier-2,COD,normal,1,0,1,0,1,22,21,2026-02-01,-1,False,0.275,False,31,47,Low (0-35),Medium (35-65)
PO004464,2026-01-11,V03,Tirupur,False,0.85,knit,hoodie,50,Mumbai,Tier-1,Prepaid,normal,1,1,2,1,2,21,26,2026-02-06,5,False,0.22,False,24,18,Low (0-35),Low (0-35)
PO004470,2026-01-11,V06,Bengaluru,False,0.89,knit,polo,308,Coimbatore,Tier-2,Prepaid,normal,1,1,1,1,1,22,23,2026-02-03,1,False,0.22,False,19,22,Low (0-35),Low (0-35)
PO004767,2026-01-11,V05,Bengaluru,False,0.93,knit,polo,266,Patna,Tier-3,Prepaid,normal,6,3,0,0,3,24,23,2026-02-03,-1,False,0.312,True,36,39,Medium (35-65),Medium (35-65)
PO000076,2026-01-12,V05,Bengaluru,False,0.93,knit,sweatshirt,245,Nagpur,Tier-3,COD,normal,3,2,4,0,1,24,27,2026-02-08,3,False,0.38,False,37,57,Medium (35-65),Medium (35-65)
PO000255,2026-01-12,V05,Bengaluru,False,0.93,knit,sweatshirt,322,Surat,Tier-2,COD,normal,1,1,2,0,2,22,22,2026-02-03,0,False,0.275,False,21,44,Low (0-35),Medium (35-65)
PO000317,2026-01-12,V01,Tirupur,False,0.92,knit,henley,274,Bengaluru,Tier-1,COD,normal,1,2,10,0,1,21,24,2026-02-05,3,False,0.316,True,31,46,Low (0-35),Medium (35-65)
PO000377,2026-01-12,V01,Tirupur,False,0.92,woven,chinos,171,Chennai,Tier-1,COD,normal,3,2,3,2,1,34,35,2026-02-16,1,False,0.316,False,49,59,Medium (35-65),Medium (35-65)
PO000481,2026-01-12,V05,Bengaluru,False,0.93,knit,polo,303,Mumbai,Tier-1,COD,normal,4,1,1,1,1,21,23,2026-02-04,2,False,0.275,False,22,37,Low (0-35),Medium (35-65)
PO000771,2026-01-12,V09,Delhi NCR,False,0.86,woven,overshirt,217,Chennai,Tier-1,Prepaid,normal,4,1,2,3,2,34,34,2026-02-15,0,False,0.22,False,28,20,Low (0-35),Low (0-35)
PO000973,2026-01-12,V05,Bengaluru,False,0.93,knit,hoodie,50,Mysuru,Tier-3,COD,normal,2,2,1,0,2,24,23,2026-02-04,-1,False,0.33,True,26,51,Low (0-35),Medium (35-65)
PO001246,2026-01-12,V05,Bengaluru,False,0.93,woven,trouser,189,Delhi,Tier-1,Prepaid,normal,5,2,3,2,1,34,35,2026-02-16,1,False,0.253,False,37,26,Medium (35-65),Low (0-35)
PO001397,2026-01-12,V02,Tirupur,False,0.88,knit,t-shirt,275,Kolkata,Tier-1,COD,normal,5,1,2,1,2,21,24,2026-02-05,3,False,0.275,False,32,40,Low (0-35),Medium (35-65)
PO003060,2026-01-12,V01,Tirupur,False,0.92,knit,hoodie,129,Lucknow,Tier-2,Prepaid,normal,2,3,0,2,3,22,26,2026-02-07,4,False,0.26,True,35,35,Low (0-35),Low (0-35)
PO003102,2026-01-12,V02,Tirupur,False,0.88,knit,t-shirt,239,Guwahati,Tier-3,COD,normal,2,1,2,3,1,24,19,2026-01-31,-5,False,0.33,False,36,54,Medium (35-65),Medium (35-65)
PO003281,2026-01-12,V04,Tirupur,False,0.9,knit,henley,362,Chennai,Tier-1,COD,normal,2,2,1,1,2,21,24,2026-02-05,3,False,0.275,False,34,40,Low (0-35),Medium (35-65)
PO003428,2026-01-12,V07,Ludhiana,False,0.87,knit,hoodie,221,Bengaluru,Tier-1,Prepaid,normal,1,0,0,0,3,21,21,2026-02-02,0,False,0.26,False,16,25,Low (0-35),Low (0-35)
PO003490,2026-01-12,V09,Delhi NCR,False,0.86,woven,shirt,50,Chennai,Tier-1,Prepaid,normal,4,8,4,3,3,34,38,2026-02-19,4,False,0.299,False,47,44,Medium (35-65),Medium (35-65)
PO004358,2026-01-12,V11,Tirupur,True,0.75,knit,henley,100,Delhi,Tier-1,COD,normal,5,2,2,4,2,21,27,2026-02-08,6,True,0.474,False,85,87,High (65-100),High (65-100)
PO002089,2026-01-13,V04,Tirupur,False,0.9,knit,hoodie,200,Pune,Tier-2,COD,normal,4,0,1,2,1,22,25,2026-02-07,3,False,0.275,True,37,47,Medium (35-65),Medium (35-65)
PO003188,2026-01-13,V05,Bengaluru,False,0.93,knit,t-shirt,276,Nagpur,Tier-3,COD,normal,1,1,1,1,2,24,29,2026-02-11,5,False,0.33,True,26,51,Low (0-35),Medium (35-65)
PO003520,2026-01-13,V01,Tirupur,False,0.92,woven,denim-jacket,290,Ahmedabad,Tier-2,COD,normal,1,5,3,2,1,35,37,2026-02-19,2,False,0.316,True,56,66,Medium (35-65),High (65-100)
PO003597,2026-01-13,V09,Delhi NCR,False,0.86,woven,denim-jacket,242,Tiruchirappalli,Tier-3,COD,normal,2,2,2,2,1,37,45,2026-02-27,8,True,0.413,True,34,56,Low (0-35),Medium (35-65)
PO003742,2026-01-13,V04,Tirupur,False,0.9,knit,hoodie,179,Chandigarh,Tier-2,Prepaid,normal,1,1,1,0,1,22,27,2026-02-09,5,False,0.22,True,29,25,Low (0-35),Low (0-35)
PO003878,2026-01-13,V09,Delhi NCR,False,0.86,woven,denim-jacket,260,Kolkata,Tier-1,COD,normal,1,4,2,2,1,34,37,2026-02-19,3,False,0.275,False,24,42,Low (0-35),Medium (35-65)
PO003963,2026-01-13,V07,Ludhiana,False,0.87,knit,henley,229,Bengaluru,Tier-1,COD,normal,0,1,1,3,1,21,21,2026-02-03,0,False,0.275,False,12,37,Low (0-35),Medium (35-65)
PO003966,2026-01-13,V01,Tirupur,False,0.92,woven,overshirt,153,Ahmedabad,Tier-2,COD,normal,3,3,1,2,2,35,37,2026-02-19,2,False,0.275,False,49,60,Medium (35-65),Medium (35-65)
PO004036,2026-01-13,V02,Tirupur,False,0.88,woven,denim-jacket,301,Hyderabad,Tier-1,Prepaid,normal,1,2,5,1,1,34,38,2026-02-20,4,False,0.253,False,41,37,Medium (35-65),Medium (35-65)
PO004069,2026-01-13,V01,Tirupur,False,0.92,knit,polo,50,Bengaluru,Tier-1,COD,normal,1,2,1,3,2,21,24,2026-02-06,3,False,0.275,True,26,40,Low (0-35),Medium (35-65)
PO004313,2026-01-13,V03,Tirupur,False,0.85,knit,t-shirt,50,Delhi,Tier-1,COD,normal,1,2,1,4,2,21,26,2026-02-08,5,False,0.33,True,29,54,Low (0-35),Medium (35-65)
PO004536,2026-01-13,V02,Tirupur,False,0.88,woven,shirt,246,Ahmedabad,Tier-2,COD,normal,1,2,0,0,3,35,38,2026-02-20,3,False,0.325,False,49,70,Medium (35-65),High (65-100)
PO004802,2026-01-13,V05,Bengaluru,False,0.93,knit,polo,188,Mysuru,Tier-3,Prepaid,normal,1,2,2,4,1,24,24,2026-02-06,0,False,0.317,True,27,43,Low (0-35),Medium (35-65)
PO004959,2026-01-13,V06,Bengaluru,False,0.89,knit,henley,226,Indore,Tier-2,Prepaid,normal,2,1,0,2,1,22,24,2026-02-06,2,False,0.22,False,19,22,Low (0-35),Low (0-35)
PO000513,2026-01-14,V05,Bengaluru,False,0.93,knit,polo,175,Jodhpur,Tier-3,COD,normal,6,1,4,2,2,24,30,2026-02-13,6,True,0.474,False,37,57,Medium (35-65),Medium (35-65)
PO000670,2026-01-14,V09,Delhi NCR,False,0.86,woven,denim-jacket,212,Kolkata,Tier-1,Prepaid,normal,8,1,1,2,3,34,32,2026-02-15,-2,False,0.26,False,34,30,Low (0-35),Low (0-35)
PO000691,2026-01-14,V05,Bengaluru,False,0.93,knit,sweatshirt,186,Indore,Tier-2,COD,normal,4,6,1,2,2,22,26,2026-02-09,4,False,0.275,True,35,44,Low (0-35),Medium (35-65)
PO000726,2026-01-14,V01,Tirupur,False,0.92,knit,polo,111,Jaipur,Tier-2,Prepaid,normal,2,0,1,1,3,22,23,2026-02-06,1,False,0.26,True,35,35,Low (0-35),Low (0-35)
PO000865,2026-01-14,V02,Tirupur,False,0.88,knit,sweatshirt,151,Delhi,Tier-1,Prepaid,normal,1,5,1,1,1,21,26,2026-02-09,5,False,0.22,False,32,18,Low (0-35),Low (0-35)
PO000891,2026-01-14,V02,Tirupur,False,0.88,knit,henley,107,Kolkata,Tier-1,Prepaid,normal,1,0,1,5,1,21,20,2026-02-03,-1,False,0.264,True,27,32,Low (0-35),Low (0-35)
PO001322,2026-01-14,V06,Bengaluru,False,0.89,knit,henley,236,Kolkata,Tier-1,COD,normal,1,1,3,4,1,21,19,2026-02-02,-2,False,0.38,True,24,57,Low (0-35),Medium (35-65)
PO001404,2026-01-14,V02,Tirupur,False,0.88,knit,hoodie,175,Bhubaneswar,Tier-3,COD,normal,1,1,2,1,1,24,26,2026-02-09,2,False,0.33,False,36,54,Medium (35-65),Medium (35-65)
PO001714,2026-01-14,V01,Tirupur,False,0.92,knit,t-shirt,281,Mumbai,Tier-1,COD,normal,1,2,1,1,1,21,24,2026-02-07,3,False,0.275,True,26,40,Low (0-35),Medium (35-65)
PO001761,2026-01-14,V01,Tirupur,False,0.92,knit,t-shirt,190,Kolkata,Tier-1,COD,normal,6,6,1,1,2,21,23,2026-02-06,2,False,0.275,True,40,48,Medium (35-65),Medium (35-65)
PO001874,2026-01-14,V05,Bengaluru,False,0.93,knit,henley,269,Madurai,Tier-3,Prepaid,normal,2,3,1,1,3,24,28,2026-02-11,4,False,0.312,False,30,39,Low (0-35),Medium (35-65)
PO002334,2026-01-14,V09,Delhi NCR,False,0.86,woven,chinos,346,Hyderabad,Tier-1,Prepaid,normal,2,7,1,2,3,34,42,2026-02-25,8,True,0.325,True,36,30,Medium (35-65),Low (0-35)
PO002403,2026-01-14,V01,Tirupur,False,0.92,knit,polo,104,Bengaluru,Tier-1,COD,normal,15,4,1,2,2,21,24,2026-02-07,3,False,0.275,True,32,40,Low (0-35),Medium (35-65)
PO002873,2026-01-14,V01,Tirupur,False,0.92,knit,polo,375,Chennai,Tier-1,Prepaid,normal,1,0,1,2,3,21,26,2026-02-09,5,False,0.26,False,38,28,Medium (35-65),Low (0-35)
PO002986,2026-01-14,V05,Bengaluru,False,0.93,knit,sweatshirt,193,Raipur,Tier-3,Prepaid,normal,1,0,1,2,2,24,27,2026-02-10,3,False,0.264,False,24,29,Low (0-35),Low (0-35)
PO003124,2026-01-14,V06,Bengaluru,False,0.89,knit,henley,201,Jaipur,Tier-2,Prepaid,normal,1,7,1,2,1,22,20,2026-02-03,-2,False,0.22,False,27,22,Low (0-35),Low (0-35)
PO003322,2026-01-14,V02,Tirupur,False,0.88,knit,hoodie,175,Coimbatore,Tier-2,Prepaid,normal,3,0,0,4,1,22,28,2026-02-11,6,True,0.33,False,38,39,Medium (35-65),Medium (35-65)
PO004280,2026-01-14,V05,Bengaluru,False,0.93,knit,t-shirt,279,Chennai,Tier-1,COD,normal,2,1,1,1,1,21,24,2026-02-07,3,False,0.275,False,16,37,Low (0-35),Medium (35-65)
PO004630,2026-01-14,V07,Ludhiana,False,0.87,knit,t-shirt,100,Surat,Tier-2,COD,normal,1,1,2,2,1,22,24,2026-02-07,2,False,0.275,True,17,44,Low (0-35),Medium (35-65)
PO004723,2026-01-14,V06,Bengaluru,False,0.89,knit,polo,164,Coimbatore,Tier-2,COD,normal,10,2,2,3,2,22,22,2026-02-05,0,False,0.275,False,27,44,Low (0-35),Medium (35-65)
PO004814,2026-01-14,V09,Delhi NCR,False,0.86,woven,chinos,246,Chennai,Tier-1,COD,normal,1,1,2,1,1,34,33,2026-02-16,-1,False,0.275,False,24,42,Low (0-35),Medium (35-65)
PO000577,2026-01-15,V07,Ludhiana,False,0.87,knit,sweatshirt,338,Chandigarh,Tier-2,Prepaid,normal,1,0,1,2,1,22,27,2026-02-11,5,False,0.22,False,15,22,Low (0-35),Low (0-35)
PO002141,2026-01-15,V07,Ludhiana,False,0.87,woven,overshirt,248,Vijayawada,Tier-3,COD,normal,7,1,2,0,2,37,42,2026-02-26,5,False,0.33,True,40,64,Medium (35-65),Medium (35-65)
PO002241,2026-01-15,V01,Tirupur,False,0.92,knit,t-shirt,94,Patna,Tier-3,Prepaid,normal,2,1,1,2,2,24,28,2026-02-12,4,False,0.264,True,34,32,Low (0-35),Low (0-35)
PO002242,2026-01-15,V06,Bengaluru,False,0.89,knit,henley,230,Mumbai,Tier-1,COD,normal,1,0,3,1,1,21,19,2026-02-03,-2,False,0.316,True,21,43,Low (0-35),Medium (35-65)
PO002531,2026-01-15,V04,Tirupur,False,0.9,knit,t-shirt,163,Chandigarh,Tier-2,Prepaid,normal,1,1,10,3,2,22,22,2026-02-06,0,False,0.253,False,34,31,Low (0-35),Low (0-35)
PO004187,2026-01-15,V04,Tirupur,False,0.9,knit,hoodie,302,Tiruchirappalli,Tier-3,COD,normal,1,1,2,0,3,24,31,2026-02-15,7,True,0.487,False,42,72,Medium (35-65),High (65-100)
PO004264,2026-01-15,V11,Tirupur,True,0.75,woven,shirt,103,Indore,Tier-2,COD,normal,4,10,1,11,1,35,58,2026-03-14,23,True,0.474,False,100,99,High (65-100),High (65-100)
PO004317,2026-01-15,V01,Tirupur,False,0.92,knit,polo,126,Vadodara,Tier-2,COD,normal,7,2,3,0,1,22,29,2026-02-13,7,True,0.395,False,42,61,Medium (35-65),Medium (35-65)
PO001103,2026-01-16,V03,Tirupur,False,0.85,knit,polo,106,Bhubaneswar,Tier-3,COD,normal,2,0,2,2,3,24,30,2026-02-15,6,True,0.487,False,42,72,Medium (35-65),High (65-100)
PO002021,2026-01-16,V05,Bengaluru,False,0.93,knit,t-shirt,285,Delhi,Tier-1,Prepaid,normal,4,1,1,2,2,21,25,2026-02-10,4,False,0.22,False,20,15,Low (0-35),Low (0-35)
PO004958,2026-01-16,V05,Bengaluru,False,0.93,knit,henley,106,Kochi,Tier-2,COD,normal,1,1,1,1,3,22,25,2026-02-10,3,False,0.325,False,27,54,Low (0-35),Medium (35-65)
PO000694,2026-01-17,V02,Tirupur,False,0.88,knit,t-shirt,242,Delhi,Tier-1,Prepaid,normal,2,0,2,2,1,21,21,2026-02-07,0,False,0.22,False,24,18,Low (0-35),Low (0-35)
PO001141,2026-01-17,V01,Tirupur,False,0.92,knit,t-shirt,287,Jodhpur,Tier-3,Prepaid,normal,0,1,2,3,2,24,31,2026-02-17,7,True,0.33,True,34,32,Low (0-35),Low (0-35)
PO001208,2026-01-17,V01,Tirupur,False,0.92,woven,chinos,228,Vadodara,Tier-2,COD,normal,2,3,1,1,1,35,36,2026-02-22,1,False,0.275,True,43,60,Medium (35-65),Medium (35-65)
PO001327,2026-01-17,V02,Tirupur,False,0.88,woven,overshirt,120,Bhubaneswar,Tier-3,Prepaid,normal,1,1,4,3,1,37,44,2026-03-02,7,True,0.38,True,51,51,Medium (35-65),Medium (35-65)
PO002158,2026-01-17,V01,Tirupur,False,0.92,knit,polo,100,Kolkata,Tier-1,COD,normal,3,2,2,2,2,21,28,2026-02-14,7,True,0.344,True,32,40,Low (0-35),Medium (35-65)
PO002859,2026-01-17,V07,Ludhiana,False,0.87,knit,hoodie,113,Jaipur,Tier-2,Prepaid,normal,1,2,2,1,1,22,24,2026-02-10,2,False,0.22,True,15,22,Low (0-35),Low (0-35)
PO003210,2026-01-17,V05,Bengaluru,False,0.93,woven,trouser,94,Madurai,Tier-3,Prepaid,normal,1,3,1,3,1,37,44,2026-03-02,7,True,0.33,False,36,34,Medium (35-65),Low (0-35)
PO004124,2026-01-17,V03,Tirupur,False,0.85,knit,hoodie,139,Madurai,Tier-3,COD,normal,4,1,3,2,2,24,27,2026-02-13,3,False,0.38,True,47,68,Medium (35-65),High (65-100)
PO004758,2026-01-17,V05,Bengaluru,False,0.93,knit,hoodie,136,Kolkata,Tier-1,Prepaid,normal,4,1,1,1,1,21,23,2026-02-09,2,False,0.22,True,20,15,Low (0-35),Low (0-35)
PO000839,2026-01-18,V09,Delhi NCR,False,0.86,woven,denim-jacket,74,Raipur,Tier-3,Prepaid,normal,1,4,1,1,1,37,39,2026-02-26,2,False,0.264,False,32,34,Low (0-35),Low (0-35)
PO000913,2026-01-18,V01,Tirupur,False,0.92,knit,t-shirt,314,Dehradun,Tier-3,COD,normal,1,2,4,0,3,24,30,2026-02-17,6,True,0.56,True,47,78,Medium (35-65),High (65-100)
PO001528,2026-01-18,V01,Tirupur,False,0.92,knit,polo,81,Hyderabad,Tier-1,COD,normal,2,1,1,4,1,21,23,2026-02-10,2,False,0.33,False,29,54,Low (0-35),Medium (35-65)
PO001563,2026-01-18,V02,Tirupur,False,0.88,knit,henley,225,Madurai,Tier-3,Prepaid,normal,2,1,5,1,3,24,32,2026-02-19,8,True,0.448,False,45,56,Medium (35-65),Medium (35-65)
PO001855,2026-01-18,V05,Bengaluru,False,0.93,knit,hoodie,319,Surat,Tier-2,COD,normal,3,1,1,2,3,22,29,2026-02-16,7,True,0.406,False,33,54,Low (0-35),Medium (35-65)
PO001901,2026-01-18,V04,Tirupur,False,0.9,knit,sweatshirt,261,Hyderabad,Tier-1,Prepaid,normal,3,2,0,2,2,21,26,2026-02-13,5,False,0.22,False,30,18,Low (0-35),Low (0-35)
PO002633,2026-01-18,V02,Tirupur,False,0.88,knit,sweatshirt,199,Kochi,Tier-2,COD,normal,4,0,3,0,2,22,29,2026-02-16,7,True,0.395,False,42,61,Medium (35-65),Medium (35-65)
PO003048,2026-01-18,V03,Tirupur,False,0.85,woven,overshirt,222,Delhi,Tier-1,Prepaid,normal,1,3,3,2,2,34,37,2026-02-24,3,False,0.253,False,41,37,Medium (35-65),Medium (35-65)
PO003153,2026-01-18,V10,Delhi NCR,False,0.82,woven,trouser,129,Bengaluru,Tier-1,COD,normal,2,6,2,3,1,34,34,2026-02-21,0,False,0.275,False,44,56,Medium (35-65),Medium (35-65)
PO003774,2026-01-18,V05,Bengaluru,False,0.93,woven,overshirt,171,Jodhpur,Tier-3,Prepaid,normal,2,4,1,7,1,37,43,2026-03-02,6,True,0.396,False,39,48,Medium (35-65),Medium (35-65)
PO003832,2026-01-18,V08,Ludhiana,False,0.84,woven,trouser,323,Vadodara,Tier-2,COD,normal,3,2,5,3,2,35,38,2026-02-25,3,False,0.316,False,52,69,Medium (35-65),High (65-100)
PO003930,2026-01-18,V02,Tirupur,False,0.88,knit,hoodie,186,Tiruchirappalli,Tier-3,Prepaid,normal,3,2,0,0,1,24,30,2026-02-17,6,True,0.33,True,40,40,Medium (35-65),Medium (35-65)
PO004108,2026-01-18,V06,Bengaluru,False,0.89,knit,hoodie,290,Ahmedabad,Tier-2,Prepaid,normal,6,1,2,1,1,22,24,2026-02-11,2,False,0.22,False,25,22,Low (0-35),Low (0-35)
PO004583,2026-01-18,V05,Bengaluru,False,0.93,knit,polo,50,Delhi,Tier-1,COD,normal,3,1,1,1,1,21,23,2026-02-10,2,False,0.275,False,22,37,Low (0-35),Medium (35-65)
PO000252,2026-01-19,V06,Bengaluru,False,0.89,knit,henley,185,Bhubaneswar,Tier-3,COD,normal,1,1,1,2,1,24,27,2026-02-15,3,False,0.33,False,26,51,Low (0-35),Medium (35-65)
PO000512,2026-01-19,V08,Ludhiana,False,0.84,woven,shirt,75,Patna,Tier-3,Prepaid,normal,7,5,1,3,2,37,39,2026-02-27,2,False,0.264,False,58,48,Medium (35-65),Medium (35-65)
PO000747,2026-01-19,V02,Tirupur,False,0.88,knit,henley,77,Mumbai,Tier-1,Prepaid,normal,2,3,0,3,1,21,24,2026-02-12,3,False,0.22,False,24,18,Low (0-35),Low (0-35)
PO001717,2026-01-19,V05,Bengaluru,False,0.93,knit,hoodie,303,Ranchi,Tier-3,Prepaid,normal,8,2,1,0,2,24,28,2026-02-16,4,False,0.264,False,30,29,Low (0-35),Low (0-35)
PO001903,2026-01-19,V02,Tirupur,False,0.88,knit,henley,245,Vadodara,Tier-2,COD,normal,1,5,0,1,1,22,28,2026-02-16,6,True,0.344,True,39,47,Medium (35-65),Medium (35-65)
PO002086,2026-01-19,V07,Ludhiana,False,0.87,knit,polo,267,Chandigarh,Tier-2,COD,normal,2,3,1,4,1,22,24,2026-02-12,2,False,0.33,True,20,58,Low (0-35),Medium (35-65)
PO004093,2026-01-19,V01,Tirupur,False,0.92,knit,t-shirt,211,Bengaluru,Tier-1,COD,normal,2,2,6,2,3,21,26,2026-02-14,5,False,0.373,False,37,56,Medium (35-65),Medium (35-65)
PO004329,2026-01-19,V05,Bengaluru,False,0.93,knit,hoodie,275,Guwahati,Tier-3,COD,normal,4,1,1,2,2,24,29,2026-02-17,5,False,0.33,True,32,51,Low (0-35),Medium (35-65)
PO001232,2026-01-20,V06,Bengaluru,False,0.89,knit,polo,185,Raipur,Tier-3,Prepaid,normal,1,0,3,0,2,24,25,2026-02-14,1,False,0.304,True,29,35,Low (0-35),Low (0-35)
PO001348,2026-01-20,V02,Tirupur,False,0.88,knit,polo,198,Dehradun,Tier-3,Prepaid,normal,4,0,2,2,3,24,34,2026-02-23,10,True,0.389,False,46,50,Medium (35-65),Medium (35-65)
PO001504,2026-01-20,V01,Tirupur,False,0.92,woven,shirt,279,Surat,Tier-2,Prepaid,normal,0,5,1,1,1,35,44,2026-03-05,9,True,0.275,False,49,38,Medium (35-65),Medium (35-65)
PO002275,2026-01-20,V01,Tirupur,False,0.92,knit,sweatshirt,262,Delhi,Tier-1,Prepaid,normal,1,1,2,0,3,21,25,2026-02-14,4,False,0.26,True,30,28,Low (0-35),Low (0-35)
PO002356,2026-01-20,V05,Bengaluru,False,0.93,knit,t-shirt,244,Bengaluru,Tier-1,Prepaid,normal,2,3,2,1,2,21,22,2026-02-11,1,False,0.22,True,14,15,Low (0-35),Low (0-35)
PO002461,2026-01-20,V01,Tirupur,False,0.92,knit,hoodie,290,Vadodara,Tier-2,COD,normal,3,2,4,1,2,22,26,2026-02-15,4,False,0.316,False,42,61,Medium (35-65),Medium (35-65)
PO002923,2026-01-20,V01,Tirupur,False,0.92,knit,henley,217,Mumbai,Tier-1,COD,normal,13,1,2,0,1,21,25,2026-02-14,4,False,0.275,False,32,40,Low (0-35),Medium (35-65)
PO003644,2026-01-20,V01,Tirupur,False,0.92,knit,t-shirt,149,Kochi,Tier-2,Prepaid,normal,1,0,2,1,3,22,23,2026-02-12,1,False,0.26,False,35,35,Low (0-35),Low (0-35)
PO003704,2026-01-20,V04,Tirupur,False,0.9,knit,hoodie,50,Delhi,Tier-1,COD,normal,1,1,0,0,1,21,21,2026-02-10,0,False,0.275,False,26,40,Low (0-35),Medium (35-65)
PO004295,2026-01-20,V01,Tirupur,False,0.92,knit,henley,183,Patna,Tier-3,COD,normal,3,1,1,0,1,24,26,2026-02-15,2,False,0.33,False,42,62,Medium (35-65),Medium (35-65)
PO004836,2026-01-20,V04,Tirupur,False,0.9,knit,hoodie,171,Kolkata,Tier-1,Prepaid,normal,1,4,0,1,2,21,18,2026-02-07,-3,False,0.22,True,24,18,Low (0-35),Low (0-35)
PO004937,2026-01-20,V02,Tirupur,False,0.88,knit,henley,245,Jaipur,Tier-2,Prepaid,normal,1,1,2,3,3,22,22,2026-02-11,0,False,0.26,True,35,35,Low (0-35),Low (0-35)
PO000077,2026-01-21,V01,Tirupur,False,0.92,woven,trouser,196,Nagpur,Tier-3,Prepaid,normal,0,3,1,1,1,37,42,2026-03-04,5,False,0.264,False,46,45,Medium (35-65),Medium (35-65)
PO000135,2026-01-21,V05,Bengaluru,False,0.93,knit,polo,182,Delhi,Tier-1,Prepaid,normal,3,1,2,3,3,21,23,2026-02-13,2,False,0.26,False,26,25,Low (0-35),Low (0-35)
PO000595,2026-01-21,V09,Delhi NCR,False,0.86,woven,shirt,196,Chandigarh,Tier-2,COD,normal,1,2,1,1,1,35,38,2026-02-28,3,False,0.275,True,29,49,Low (0-35),Medium (35-65)
PO001495,2026-01-21,V06,Bengaluru,False,0.89,knit,t-shirt,156,Kochi,Tier-2,Prepaid,normal,5,1,1,1,2,22,25,2026-02-15,3,False,0.22,False,25,22,Low (0-35),Low (0-35)
PO001993,2026-01-21,V03,Tirupur,False,0.85,knit,sweatshirt,167,Hyderabad,Tier-1,COD,normal,4,1,1,1,1,21,28,2026-02-18,7,True,0.344,False,32,40,Low (0-35),Medium (35-65)
PO002047,2026-01-21,V01,Tirupur,False,0.92,woven,denim-jacket,186,Nagpur,Tier-3,Prepaid,normal,2,3,1,3,1,37,46,2026-03-08,9,True,0.33,False,46,45,Medium (35-65),Medium (35-65)
PO002157,2026-01-21,V05,Bengaluru,False,0.93,knit,polo,205,Vadodara,Tier-2,Prepaid,normal,2,0,4,0,3,22,25,2026-02-15,3,False,0.299,True,30,38,Low (0-35),Medium (35-65)
PO002197,2026-01-21,V02,Tirupur,False,0.88,woven,chinos,285,Vijayawada,Tier-3,COD,normal,3,3,2,1,1,37,40,2026-03-02,3,False,0.33,False,54,67,Medium (35-65),High (65-100)
PO002207,2026-01-21,V03,Tirupur,False,0.85,knit,polo,189,Lucknow,Tier-2,COD,normal,2,4,1,0,3,22,26,2026-02-16,4,False,0.325,True,37,57,Medium (35-65),Medium (35-65)
PO002706,2026-01-21,V05,Bengaluru,False,0.93,woven,chinos,192,Chandigarh,Tier-2,COD,normal,0,4,1,2,1,35,32,2026-02-22,-3,False,0.275,False,33,49,Low (0-35),Medium (35-65)
PO003229,2026-01-21,V03,Tirupur,False,0.85,knit,t-shirt,182,Bengaluru,Tier-1,COD,normal,1,1,1,2,3,21,22,2026-02-12,1,False,0.325,True,32,50,Low (0-35),Medium (35-65)
PO003564,2026-01-21,V05,Bengaluru,False,0.93,knit,henley,350,Pune,Tier-2,COD,normal,4,1,4,0,1,22,25,2026-02-15,3,False,0.316,False,32,50,Low (0-35),Medium (35-65)
PO004059,2026-01-21,V02,Tirupur,False,0.88,knit,polo,215,Raipur,Tier-3,COD,normal,1,1,1,2,2,24,25,2026-02-15,1,False,0.33,False,36,54,Medium (35-65),Medium (35-65)
PO004228,2026-01-21,V02,Tirupur,False,0.88,knit,sweatshirt,208,Jaipur,Tier-2,COD,normal,0,1,2,2,2,22,20,2026-02-10,-2,False,0.275,True,31,47,Low (0-35),Medium (35-65)
PO000104,2026-01-22,V05,Bengaluru,False,0.93,knit,henley,311,Raipur,Tier-3,Prepaid,normal,3,1,0,1,1,24,21,2026-02-12,-3,False,0.264,False,30,29,Low (0-35),Low (0-35)
PO000551,2026-01-22,V01,Tirupur,False,0.92,knit,hoodie,208,Delhi,Tier-1,COD,normal,1,1,2,2,1,21,24,2026-02-15,3,False,0.275,False,26,40,Low (0-35),Medium (35-65)
PO001289,2026-01-22,V01,Tirupur,False,0.92,knit,henley,237,Dehradun,Tier-3,COD,normal,1,1,1,4,1,24,27,2026-02-18,3,False,0.396,False,39,68,Medium (35-65),High (65-100)
PO001306,2026-01-22,V05,Bengaluru,False,0.93,knit,t-shirt,104,Chennai,Tier-1,Prepaid,normal,1,1,0,1,2,21,23,2026-02-14,2,False,0.22,False,14,15,Low (0-35),Low (0-35)
PO002380,2026-01-22,V09,Delhi NCR,False,0.86,woven,denim-jacket,280,Lucknow,Tier-2,COD,normal,3,5,7,1,1,35,37,2026-02-28,2,False,0.316,True,48,63,Medium (35-65),Medium (35-65)
PO003151,2026-01-22,V01,Tirupur,False,0.92,knit,t-shirt,225,Mumbai,Tier-1,COD,normal,7,1,1,2,1,21,27,2026-02-18,6,True,0.344,False,32,40,Low (0-35),Medium (35-65)
PO003187,2026-01-22,V01,Tirupur,False,0.92,woven,chinos,240,Lucknow,Tier-2,COD,normal,3,5,0,2,1,35,39,2026-03-02,4,False,0.275,False,57,60,Medium (35-65),Medium (35-65)
PO003424,2026-01-22,V02,Tirupur,False,0.88,knit,sweatshirt,165,Jaipur,Tier-2,Prepaid,normal,0,1,0,1,3,22,29,2026-02-20,7,True,0.325,False,35,35,Low (0-35),Low (0-35)
PO004227,2026-01-22,V02,Tirupur,False,0.88,knit,sweatshirt,248,Patna,Tier-3,Prepaid,normal,6,2,0,3,1,24,26,2026-02-17,2,False,0.264,False,40,40,Medium (35-65),Medium (35-65)
PO000041,2026-01-23,V05,Bengaluru,False,0.93,knit,polo,274,Bengaluru,Tier-1,Prepaid,normal,10,0,2,0,1,21,20,2026-02-12,-1,False,0.22,False,20,15,Low (0-35),Low (0-35)
PO000290,2026-01-23,V02,Tirupur,False,0.88,woven,chinos,195,Jaipur,Tier-2,Prepaid,normal,2,1,0,2,1,35,35,2026-02-27,0,False,0.22,False,41,38,Medium (35-65),Medium (35-65)
PO000387,2026-01-23,V06,Bengaluru,False,0.89,woven,denim-jacket,185,Chennai,Tier-1,COD,normal,2,4,1,0,1,34,35,2026-02-27,1,False,0.275,True,28,42,Low (0-35),Medium (35-65)
PO000603,2026-01-23,V01,Tirupur,False,0.92,knit,henley,226,Kolkata,Tier-1,COD,normal,1,1,2,3,2,21,23,2026-02-15,2,False,0.275,False,26,40,Low (0-35),Medium (35-65)
PO000877,2026-01-23,V04,Tirupur,False,0.9,woven,denim-jacket,155,Nagpur,Tier-3,COD,normal,1,11,1,3,2,37,49,2026-03-13,12,True,0.413,False,56,67,Medium (35-65),High (65-100)
PO000984,2026-01-23,V07,Ludhiana,False,0.87,knit,polo,210,Tiruchirappalli,Tier-3,Prepaid,normal,1,2,0,3,1,24,25,2026-02-17,1,False,0.264,False,20,29,Low (0-35),Low (0-35)
PO001345,2026-01-23,V02,Tirupur,False,0.88,knit,hoodie,170,Bhubaneswar,Tier-3,COD,normal,1,5,2,2,2,24,28,2026-02-20,4,False,0.33,False,44,62,Medium (35-65),Medium (35-65)
PO001937,2026-01-23,V01,Tirupur,False,0.92,knit,henley,250,Ahmedabad,Tier-2,Prepaid,normal,4,0,6,2,2,22,29,2026-02-21,7,True,0.316,True,40,39,Medium (35-65),Medium (35-65)
PO003169,2026-01-23,V02,Tirupur,False,0.88,knit,polo,140,Dehradun,Tier-3,Prepaid,normal,2,0,1,0,2,24,21,2026-02-13,-3,False,0.264,False,34,32,Low (0-35),Low (0-35)
PO003494,2026-01-23,V10,Delhi NCR,False,0.82,woven,chinos,275,Tiruchirappalli,Tier-3,Prepaid,normal,3,4,1,2,1,37,33,2026-02-25,-4,False,0.264,False,50,48,Medium (35-65),Medium (35-65)
PO004182,2026-01-23,V01,Tirupur,False,0.92,knit,henley,92,Bhubaneswar,Tier-3,COD,normal,1,3,0,3,2,24,31,2026-02-23,7,True,0.413,False,36,54,Medium (35-65),Medium (35-65)
PO004714,2026-01-23,V05,Bengaluru,False,0.93,woven,shirt,150,Jaipur,Tier-2,Prepaid,normal,1,2,1,0,2,35,36,2026-02-28,1,False,0.22,False,31,27,Low (0-35),Low (0-35)
PO001401,2026-01-24,V02,Tirupur,False,0.88,knit,hoodie,277,Dehradun,Tier-3,COD,normal,1,0,2,2,1,24,24,2026-02-17,0,False,0.33,True,36,54,Medium (35-65),Medium (35-65)
PO001430,2026-01-24,V02,Tirupur,False,0.88,knit,henley,287,Guwahati,Tier-3,Prepaid,normal,3,3,0,0,1,24,32,2026-02-25,8,True,0.33,False,40,40,Medium (35-65),Medium (35-65)
PO001646,2026-01-24,V01,Tirupur,False,0.92,knit,polo,259,Coimbatore,Tier-2,Prepaid,normal,1,1,1,1,2,22,24,2026-02-17,2,False,0.22,False,29,25,Low (0-35),Low (0-35)
PO001942,2026-01-24,V01,Tirupur,False,0.92,knit,t-shirt,220,Vadodara,Tier-2,COD,normal,0,1,2,1,3,22,25,2026-02-18,3,False,0.325,False,37,57,Medium (35-65),Medium (35-65)
PO002205,2026-01-24,V01,Tirupur,False,0.92,woven,trouser,137,Delhi,Tier-1,COD,normal,1,3,1,1,2,34,36,2026-03-01,2,False,0.275,True,38,45,Medium (35-65),Medium (35-65)
PO002740,2026-01-24,V02,Tirupur,False,0.88,knit,polo,115,Kochi,Tier-2,COD,normal,5,2,1,2,1,22,24,2026-02-17,2,False,0.275,False,37,47,Medium (35-65),Medium (35-65)
PO002971,2026-01-24,V01,Tirupur,False,0.92,knit,henley,262,Lucknow,Tier-2,Prepaid,normal,2,2,1,3,3,22,26,2026-02-19,4,False,0.26,False,35,35,Low (0-35),Low (0-35)
PO003407,2026-01-24,V01,Tirupur,False,0.92,knit,t-shirt,201,Chandigarh,Tier-2,COD,normal,2,3,4,0,1,22,23,2026-02-16,1,False,0.316,False,36,53,Medium (35-65),Medium (35-65)
PO003467,2026-01-24,V03,Tirupur,False,0.85,knit,hoodie,130,Indore,Tier-2,Prepaid,normal,2,0,1,2,3,22,26,2026-02-19,4,False,0.26,False,35,35,Low (0-35),Low (0-35)
PO003596,2026-01-24,V08,Ludhiana,False,0.84,knit,t-shirt,257,Kochi,Tier-2,Prepaid,normal,3,2,2,1,1,22,25,2026-02-18,3,False,0.22,False,33,28,Low (0-35),Low (0-35)
PO003681,2026-01-24,V01,Tirupur,False,0.92,knit,sweatshirt,284,Lucknow,Tier-2,COD,normal,2,3,1,2,1,22,27,2026-02-20,5,False,0.275,True,31,47,Low (0-35),Medium (35-65)
PO003779,2026-01-24,V03,Tirupur,False,0.85,knit,henley,278,Surat,Tier-2,COD,normal,1,1,1,3,1,22,26,2026-02-19,4,False,0.275,False,31,47,Low (0-35),Medium (35-65)
PO004459,2026-01-24,V01,Tirupur,False,0.92,knit,polo,285,Kochi,Tier-2,COD,normal,2,1,1,0,1,22,25,2026-02-18,3,False,0.275,True,31,47,Low (0-35),Medium (35-65)
PO004787,2026-01-24,V10,Delhi NCR,False,0.82,woven,overshirt,285,Indore,Tier-2,COD,normal,1,2,1,4,1,35,35,2026-02-28,0,False,0.33,False,44,77,Medium (35-65),High (65-100)
PO001565,2026-01-25,V03,Tirupur,False,0.85,knit,t-shirt,184,Chennai,Tier-1,COD,normal,2,1,1,2,1,21,24,2026-02-18,3,False,0.275,False,26,40,Low (0-35),Medium (35-65)
PO002305,2026-01-25,V07,Ludhiana,False,0.87,woven,overshirt,169,Patna,Tier-3,COD,normal,3,1,1,2,3,37,40,2026-03-06,3,False,0.389,False,46,74,Medium (35-65),High (65-100)
PO003323,2026-01-25,V04,Tirupur,False,0.9,knit,hoodie,353,Ranchi,Tier-3,Prepaid,normal,1,1,1,0,2,24,31,2026-02-25,7,True,0.33,False,42,40,Medium (35-65),Medium (35-65)
PO003747,2026-01-25,V03,Tirupur,False,0.85,knit,sweatshirt,154,Nagpur,Tier-3,Prepaid,normal,5,2,1,2,2,24,30,2026-02-24,6,True,0.33,False,40,40,Medium (35-65),Medium (35-65)
PO003784,2026-01-25,V05,Bengaluru,False,0.93,knit,sweatshirt,200,Kochi,Tier-2,Prepaid,normal,2,0,5,1,1,22,25,2026-02-19,3,False,0.253,False,24,28,Low (0-35),Low (0-35)
PO004312,2026-01-25,V03,Tirupur,False,0.85,knit,henley,226,Ranchi,Tier-3,Prepaid,normal,1,0,1,0,1,24,29,2026-02-23,5,False,0.264,True,34,32,Low (0-35),Low (0-35)
PO004417,2026-01-25,V04,Tirupur,False,0.9,knit,henley,146,Coimbatore,Tier-2,COD,normal,2,3,3,1,1,22,27,2026-02-21,5,False,0.316,False,36,53,Medium (35-65),Medium (35-65)
PO004766,2026-01-25,V02,Tirupur,False,0.88,woven,trouser,230,Vadodara,Tier-2,COD,normal,1,6,1,1,1,35,39,2026-03-05,4,False,0.275,False,51,60,Medium (35-65),Medium (35-65)
PO000322,2026-01-26,V03,Tirupur,False,0.85,woven,shirt,194,Lucknow,Tier-2,Prepaid,normal,2,2,4,1,3,35,37,2026-03-04,2,False,0.299,False,52,54,Medium (35-65),Medium (35-65)
PO000898,2026-01-26,V07,Ludhiana,False,0.87,knit,t-shirt,305,Chennai,Tier-1,COD,normal,0,0,1,1,3,21,22,2026-02-17,1,False,0.325,False,18,47,Low (0-35),Medium (35-65)
PO001307,2026-01-26,V05,Bengaluru,False,0.93,woven,overshirt,254,Nagpur,Tier-3,COD,normal,1,5,2,0,2,37,35,2026-03-02,-2,False,0.33,True,46,64,Medium (35-65),Medium (35-65)
PO002285,2026-01-26,V01,Tirupur,False,0.92,knit,t-shirt,148,Chennai,Tier-1,Prepaid,normal,1,0,2,0,1,21,21,2026-02-16,0,False,0.22,True,24,18,Low (0-35),Low (0-35)
PO002564,2026-01-26,V08,Ludhiana,False,0.84,woven,shirt,231,Delhi,Tier-1,COD,normal,7,0,3,1,1,34,32,2026-02-27,-2,False,0.316,False,47,62,Medium (35-65),Medium (35-65)
PO002736,2026-01-26,V10,Delhi NCR,False,0.82,woven,overshirt,251,Chennai,Tier-1,Prepaid,normal,0,2,1,4,1,34,34,2026-03-01,0,False,0.264,True,37,40,Medium (35-65),Medium (35-65)
PO003220,2026-01-26,V01,Tirupur,False,0.92,knit,t-shirt,81,Ranchi,Tier-3,COD,normal,1,1,1,0,3,24,28,2026-02-23,4,False,0.389,False,42,72,Medium (35-65),High (65-100)
PO003466,2026-01-26,V03,Tirupur,False,0.85,knit,hoodie,220,Surat,Tier-2,Prepaid,normal,1,2,3,2,1,22,28,2026-02-23,6,True,0.316,True,34,31,Low (0-35),Low (0-35)
PO004379,2026-01-26,V05,Bengaluru,False,0.93,knit,henley,354,Jaipur,Tier-2,Prepaid,normal,10,1,3,1,1,22,18,2026-02-13,-4,False,0.253,False,38,28,Medium (35-65),Low (0-35)
PO004455,2026-01-26,V05,Bengaluru,False,0.93,knit,sweatshirt,276,Vadodara,Tier-2,COD,normal,1,1,2,4,1,22,25,2026-02-20,3,False,0.33,False,24,58,Low (0-35),Medium (35-65)
PO004677,2026-01-26,V03,Tirupur,False,0.85,woven,shirt,287,Dehradun,Tier-3,Prepaid,normal,1,11,1,2,1,37,41,2026-03-08,4,False,0.264,False,54,45,Medium (35-65),Medium (35-65)
PO004998,2026-01-26,V02,Tirupur,False,0.88,knit,hoodie,418,Coimbatore,Tier-2,Prepaid,normal,3,1,3,1,3,22,29,2026-02-24,7,True,0.373,True,54,49,Medium (35-65),Medium (35-65)
PO000399,2026-01-27,V02,Tirupur,False,0.88,knit,t-shirt,141,Delhi,Tier-1,Prepaid,normal,2,3,2,2,3,21,23,2026-02-19,2,False,0.26,True,30,28,Low (0-35),Low (0-35)
PO000459,2026-01-27,V01,Tirupur,False,0.92,woven,overshirt,81,Tiruchirappalli,Tier-3,COD,normal,8,1,1,1,3,37,39,2026-03-07,2,False,0.389,False,60,84,Medium (35-65),High (65-100)
PO001355,2026-01-27,V01,Tirupur,False,0.92,knit,t-shirt,172,Hyderabad,Tier-1,COD,normal,2,2,3,0,1,21,22,2026-02-18,1,False,0.316,False,31,46,Low (0-35),Medium (35-65)
PO002330,2026-01-27,V03,Tirupur,False,0.85,knit,t-shirt,188,Delhi,Tier-1,Prepaid,normal,8,2,1,2,2,21,25,2026-02-21,4,False,0.22,True,30,18,Low (0-35),Low (0-35)
PO002494,2026-01-27,V01,Tirupur,False,0.92,knit,henley,189,Coimbatore,Tier-2,COD,normal,1,0,5,2,1,22,31,2026-02-27,9,True,0.395,False,36,53,Medium (35-65),Medium (35-65)
PO002603,2026-01-27,V02,Tirupur,False,0.88,knit,sweatshirt,282,Chennai,Tier-1,COD,normal,2,2,1,1,2,21,21,2026-02-17,0,False,0.275,True,26,40,Low (0-35),Medium (35-65)
PO002929,2026-01-27,V02,Tirupur,False,0.88,knit,t-shirt,202,Ahmedabad,Tier-2,COD,normal,2,0,3,0,1,22,22,2026-02-18,0,False,0.316,False,36,53,Medium (35-65),Medium (35-65)
PO004085,2026-01-27,V02,Tirupur,False,0.88,woven,overshirt,143,Chennai,Tier-1,COD,normal,12,8,1,4,1,34,45,2026-03-13,11,True,0.412,False,55,67,Medium (35-65),High (65-100)
PO004828,2026-01-27,V01,Tirupur,False,0.92,knit,t-shirt,211,Chandigarh,Tier-2,COD,normal,1,2,0,1,1,22,25,2026-02-21,3,False,0.275,False,31,47,Low (0-35),Medium (35-65)
PO004961,2026-01-27,V08,Ludhiana,False,0.84,woven,trouser,173,Ahmedabad,Tier-2,COD,normal,6,5,5,6,1,35,35,2026-03-03,0,False,0.38,True,63,90,Medium (35-65),High (65-100)
PO004985,2026-01-27,V08,Ludhiana,False,0.84,woven,shirt,186,Vadodara,Tier-2,Prepaid,normal,2,6,1,3,1,35,40,2026-03-08,5,False,0.22,True,47,41,Medium (35-65),Medium (35-65)
PO000915,2026-01-28,V05,Bengaluru,False,0.93,knit,t-shirt,269,Chennai,Tier-1,COD,normal,3,2,0,0,1,21,21,2026-02-18,0,False,0.275,False,22,37,Low (0-35),Medium (35-65)
PO002165,2026-01-28,V01,Tirupur,False,0.92,knit,hoodie,144,Kochi,Tier-2,Prepaid,normal,0,2,4,2,1,22,25,2026-02-22,3,False,0.253,False,34,31,Low (0-35),Low (0-35)
PO003018,2026-01-28,V01,Tirupur,False,0.92,knit,sweatshirt,385,Pune,Tier-2,COD,normal,1,1,1,2,2,22,25,2026-02-22,3,False,0.275,False,39,47,Medium (35-65),Medium (35-65)
PO003589,2026-01-28,V10,Delhi NCR,False,0.82,woven,shirt,298,Surat,Tier-2,COD,normal,2,2,1,3,2,35,36,2026-03-05,1,False,0.275,True,41,63,Medium (35-65),Medium (35-65)
PO004794,2026-01-28,V06,Bengaluru,False,0.89,woven,overshirt,50,Kolkata,Tier-1,COD,normal,1,4,1,2,1,34,32,2026-03-01,-2,False,0.275,False,28,42,Low (0-35),Medium (35-65)
PO000335,2026-01-29,V06,Bengaluru,False,0.89,knit,sweatshirt,262,Ranchi,Tier-3,COD,normal,1,2,4,0,2,24,26,2026-02-24,2,False,0.38,False,31,57,Low (0-35),Medium (35-65)
PO000421,2026-01-29,V08,Ludhiana,False,0.84,woven,trouser,248,Mysuru,Tier-3,Prepaid,normal,1,1,1,3,1,37,33,2026-03-03,-4,False,0.264,True,44,48,Medium (35-65),Medium (35-65)
PO000458,2026-01-29,V06,Bengaluru,False,0.89,knit,polo,149,Kolkata,Tier-1,Prepaid,normal,2,1,1,2,1,21,20,2026-02-18,-1,False,0.22,False,14,15,Low (0-35),Low (0-35)
PO001182,2026-01-29,V02,Tirupur,False,0.88,knit,polo,202,Patna,Tier-3,Prepaid,normal,1,1,1,0,3,24,32,2026-03-02,8,True,0.389,True,40,50,Medium (35-65),Medium (35-65)
PO001183,2026-01-29,V06,Bengaluru,False,0.89,knit,sweatshirt,233,Hyderabad,Tier-1,Prepaid,normal,4,2,2,0,2,21,22,2026-02-20,1,False,0.22,False,20,15,Low (0-35),Low (0-35)
PO001511,2026-01-29,V05,Bengaluru,False,0.93,knit,t-shirt,328,Kolkata,Tier-1,COD,normal,1,2,4,2,2,21,20,2026-02-18,-1,False,0.316,False,21,43,Low (0-35),Medium (35-65)
PO001683,2026-01-29,V01,Tirupur,False,0.92,knit,henley,248,Patna,Tier-3,COD,normal,1,6,4,1,1,24,28,2026-02-26,4,False,0.38,False,49,68,Medium (35-65),High (65-100)
PO001807,2026-01-29,V05,Bengaluru,False,0.93,knit,t-shirt,196,Chandigarh,Tier-2,COD,normal,1,0,2,1,2,22,22,2026-02-20,0,False,0.275,False,21,44,Low (0-35),Medium (35-65)
PO001892,2026-01-29,V11,Tirupur,True,0.75,woven,chinos,150,Bengaluru,Tier-1,Prepaid,normal,1,2,2,5,1,34,40,2026-03-10,6,True,0.379,False,83,70,High (65-100),High (65-100)
PO002420,2026-01-29,V01,Tirupur,False,0.92,knit,t-shirt,229,Lucknow,Tier-2,COD,normal,2,1,1,1,2,22,24,2026-02-22,2,False,0.275,False,31,47,Low (0-35),Medium (35-65)
PO002580,2026-01-29,V02,Tirupur,False,0.88,knit,polo,244,Guwahati,Tier-3,Prepaid,normal,4,1,0,1,2,24,30,2026-02-28,6,True,0.33,True,40,40,Medium (35-65),Medium (35-65)
PO003021,2026-01-29,V02,Tirupur,False,0.88,knit,sweatshirt,107,Mumbai,Tier-1,COD,normal,1,0,1,0,1,21,29,2026-02-27,8,True,0.344,False,26,40,Low (0-35),Medium (35-65)
PO003985,2026-01-29,V02,Tirupur,False,0.88,woven,denim-jacket,151,Delhi,Tier-1,Prepaid,normal,3,2,1,2,3,34,36,2026-03-06,2,False,0.26,False,48,41,Medium (35-65),Medium (35-65)
PO004020,2026-01-29,V01,Tirupur,False,0.92,knit,hoodie,472,Delhi,Tier-1,Prepaid,normal,3,1,0,1,1,21,23,2026-02-21,2,False,0.22,False,38,18,Medium (35-65),Low (0-35)
PO004046,2026-01-29,V01,Tirupur,False,0.92,woven,shirt,146,Mumbai,Tier-1,COD,normal,1,5,10,0,2,34,44,2026-03-14,10,True,0.395,True,51,59,Medium (35-65),Medium (35-65)
PO004405,2026-01-29,V01,Tirupur,False,0.92,knit,hoodie,51,Guwahati,Tier-3,COD,normal,2,0,5,1,1,24,24,2026-02-22,0,False,0.38,True,41,68,Medium (35-65),High (65-100)
PO004741,2026-01-29,V01,Tirupur,False,0.92,knit,hoodie,173,Hyderabad,Tier-1,Prepaid,normal,2,1,3,2,1,21,25,2026-02-23,4,False,0.253,False,29,24,Low (0-35),Low (0-35)
PO004882,2026-01-29,V05,Bengaluru,False,0.93,knit,hoodie,102,Chennai,Tier-1,Prepaid,normal,1,1,1,1,3,21,20,2026-02-18,-1,False,0.26,False,20,25,Low (0-35),Low (0-35)
PO000372,2026-01-30,V01,Tirupur,False,0.92,woven,chinos,181,Madurai,Tier-3,Prepaid,normal,1,1,2,1,2,37,41,2026-03-12,4,False,0.264,True,46,45,Medium (35-65),Medium (35-65)
PO000472,2026-01-30,V01,Tirupur,False,0.92,woven,trouser,208,Bhubaneswar,Tier-3,Prepaid,normal,1,3,4,1,2,37,46,2026-03-17,9,True,0.38,True,51,51,Medium (35-65),Medium (35-65)
PO002695,2026-01-30,V03,Tirupur,False,0.85,knit,sweatshirt,342,Delhi,Tier-1,Prepaid,normal,11,2,1,1,3,21,27,2026-02-26,6,True,0.325,False,36,28,Medium (35-65),Low (0-35)
PO003043,2026-01-30,V01,Tirupur,False,0.92,knit,henley,193,Kolkata,Tier-1,Prepaid,normal,4,20,2,2,1,21,31,2026-03-02,10,True,0.275,True,38,18,Medium (35-65),Low (0-35)
PO003545,2026-01-30,V04,Tirupur,False,0.9,knit,polo,269,Madurai,Tier-3,COD,normal,7,1,1,0,1,24,25,2026-02-24,1,False,0.33,False,42,62,Medium (35-65),Medium (35-65)
PO004189,2026-01-30,V12,Bengaluru,True,0.78,woven,shirt,145,Kochi,Tier-2,COD,normal,3,1,4,2,3,35,42,2026-03-13,7,True,0.536,True,90,96,High (65-100),High (65-100)
PO004276,2026-01-30,V02,Tirupur,False,0.88,knit,t-shirt,342,Delhi,Tier-1,COD,normal,2,0,4,2,2,21,19,2026-02-18,-2,False,0.316,False,31,46,Low (0-35),Medium (35-65)
PO004328,2026-01-30,V02,Tirupur,False,0.88,knit,polo,51,Bengaluru,Tier-1,COD,normal,1,1,1,0,1,21,24,2026-02-23,3,False,0.275,False,26,40,Low (0-35),Medium (35-65)
PO004580,2026-01-30,V02,Tirupur,False,0.88,woven,overshirt,235,Bengaluru,Tier-1,COD,normal,2,16,2,2,1,34,41,2026-03-12,7,True,0.344,False,46,53,Medium (35-65),Medium (35-65)
PO004701,2026-01-30,V02,Tirupur,False,0.88,knit,sweatshirt,201,Chennai,Tier-1,Prepaid,normal,1,2,1,2,1,21,19,2026-02-18,-2,False,0.22,True,24,18,Low (0-35),Low (0-35)
PO004704,2026-01-30,V04,Tirupur,False,0.9,woven,shirt,115,Mumbai,Tier-1,COD,normal,1,1,1,2,1,34,38,2026-03-09,4,False,0.275,False,38,45,Medium (35-65),Medium (35-65)
PO001142,2026-01-31,V03,Tirupur,False,0.85,knit,t-shirt,241,Mumbai,Tier-1,COD,normal,1,0,7,3,1,21,24,2026-02-24,3,False,0.316,True,31,46,Low (0-35),Medium (35-65)
PO001201,2026-01-31,V05,Bengaluru,False,0.93,woven,overshirt,129,Hyderabad,Tier-1,Prepaid,normal,2,3,3,2,1,34,31,2026-03-03,-3,False,0.253,False,31,26,Low (0-35),Low (0-35)
PO001606,2026-01-31,V05,Bengaluru,False,0.93,knit,sweatshirt,164,Guwahati,Tier-3,Prepaid,normal,2,1,2,3,1,24,24,2026-02-24,0,False,0.264,False,24,29,Low (0-35),Low (0-35)
PO001876,2026-01-31,V09,Delhi NCR,False,0.86,woven,chinos,267,Kolkata,Tier-1,COD,normal,4,7,3,0,1,34,37,2026-03-09,3,False,0.316,False,43,56,Medium (35-65),Medium (35-65)
PO001904,2026-01-31,V01,Tirupur,False,0.92,knit,henley,143,Ahmedabad,Tier-2,COD,normal,3,1,1,1,1,22,25,2026-02-25,3,False,0.275,True,37,47,Medium (35-65),Medium (35-65)
PO002082,2026-01-31,V01,Tirupur,False,0.92,knit,henley,288,Lucknow,Tier-2,Prepaid,normal,1,0,2,1,1,22,24,2026-02-24,2,False,0.22,False,29,25,Low (0-35),Low (0-35)
PO002178,2026-01-31,V01,Tirupur,False,0.92,knit,hoodie,84,Chennai,Tier-1,Prepaid,normal,0,1,1,0,1,21,24,2026-02-24,3,False,0.22,False,24,18,Low (0-35),Low (0-35)
PO002606,2026-01-31,V02,Tirupur,False,0.88,knit,henley,95,Raipur,Tier-3,Prepaid,normal,1,7,1,2,1,24,24,2026-02-24,0,False,0.264,False,42,40,Medium (35-65),Medium (35-65)
PO002607,2026-01-31,V02,Tirupur,False,0.88,knit,sweatshirt,276,Ahmedabad,Tier-2,Prepaid,normal,1,1,1,0,1,22,30,2026-03-02,8,True,0.275,False,29,25,Low (0-35),Low (0-35)
PO003894,2026-01-31,V01,Tirupur,False,0.92,knit,sweatshirt,121,Coimbatore,Tier-2,COD,normal,1,2,0,1,2,22,27,2026-02-27,5,False,0.275,False,31,47,Low (0-35),Medium (35-65)
PO004431,2026-01-31,V03,Tirupur,False,0.85,woven,denim-jacket,314,Patna,Tier-3,COD,normal,2,3,10,2,1,37,40,2026-03-12,3,False,0.38,True,53,73,Medium (35-65),High (65-100)
PO000045,2026-02-01,V01,Tirupur,False,0.92,woven,overshirt,239,Lucknow,Tier-2,COD,normal,7,2,1,1,1,35,42,2026-03-15,7,True,0.344,False,49,60,Medium (35-65),Medium (35-65)
PO000099,2026-02-01,V02,Tirupur,False,0.88,knit,hoodie,298,Kochi,Tier-2,Prepaid,normal,1,5,2,1,2,22,26,2026-02-27,4,False,0.22,False,37,25,Medium (35-65),Low (0-35)
PO000373,2026-02-01,V01,Tirupur,False,0.92,knit,hoodie,184,Pune,Tier-2,Prepaid,normal,1,2,1,1,1,22,25,2026-02-26,3,False,0.22,False,29,25,Low (0-35),Low (0-35)
PO000418,2026-02-01,V04,Tirupur,False,0.9,woven,trouser,172,Kolkata,Tier-1,COD,normal,4,1,2,1,2,34,37,2026-03-10,3,False,0.275,False,44,53,Medium (35-65),Medium (35-65)
PO000816,2026-02-01,V08,Ludhiana,False,0.84,knit,hoodie,210,Kolkata,Tier-1,COD,normal,1,0,4,1,1,21,26,2026-02-27,5,False,0.316,True,29,49,Low (0-35),Medium (35-65)
PO001090,2026-02-01,V04,Tirupur,False,0.9,knit,polo,303,Jodhpur,Tier-3,COD,normal,1,1,1,1,1,24,26,2026-02-27,2,False,0.33,False,36,54,Medium (35-65),Medium (35-65)
PO001095,2026-02-01,V02,Tirupur,False,0.88,woven,trouser,136,Bhubaneswar,Tier-3,COD,normal,1,2,1,1,1,37,40,2026-03-13,3,False,0.33,False,48,67,Medium (35-65),High (65-100)
PO001206,2026-02-01,V09,Delhi NCR,False,0.86,woven,chinos,192,Vadodara,Tier-2,Prepaid,normal,1,3,0,1,1,35,35,2026-03-08,0,False,0.22,False,27,27,Low (0-35),Low (0-35)
PO001220,2026-02-01,V03,Tirupur,False,0.85,knit,henley,179,Delhi,Tier-1,Prepaid,normal,6,0,2,0,1,21,24,2026-02-25,3,False,0.22,True,30,18,Low (0-35),Low (0-35)
PO001228,2026-02-01,V10,Delhi NCR,False,0.82,woven,overshirt,189,Kochi,Tier-2,COD,normal,4,6,0,3,1,35,40,2026-03-13,5,False,0.275,False,55,63,Medium (35-65),Medium (35-65)
PO001390,2026-02-01,V04,Tirupur,False,0.9,knit,t-shirt,261,Vadodara,Tier-2,COD,normal,1,1,2,3,1,22,26,2026-02-27,4,False,0.275,True,31,47,Low (0-35),Medium (35-65)
PO001749,2026-02-01,V05,Bengaluru,False,0.93,knit,polo,50,Madurai,Tier-3,COD,normal,1,1,1,0,3,24,27,2026-02-28,3,False,0.389,True,32,61,Low (0-35),Medium (35-65)
PO001891,2026-02-01,V01,Tirupur,False,0.92,knit,polo,243,Kochi,Tier-2,Prepaid,normal,1,0,1,2,2,22,26,2026-02-27,4,False,0.22,False,29,25,Low (0-35),Low (0-35)
PO003066,2026-02-01,V07,Ludhiana,False,0.87,knit,polo,50,Patna,Tier-3,Prepaid,normal,1,4,0,1,2,24,23,2026-02-24,-1,False,0.264,True,20,29,Low (0-35),Low (0-35)
PO003886,2026-02-01,V08,Ludhiana,False,0.84,woven,denim-jacket,198,Bengaluru,Tier-1,COD,normal,3,3,4,0,1,34,38,2026-03-11,4,False,0.316,False,47,62,Medium (35-65),Medium (35-65)
PO004735,2026-02-01,V06,Bengaluru,False,0.89,knit,henley,106,Pune,Tier-2,COD,normal,3,5,4,2,2,22,26,2026-02-27,4,False,0.316,False,40,58,Medium (35-65),Medium (35-65)
PO004849,2026-02-01,V08,Ludhiana,False,0.84,woven,denim-jacket,299,Raipur,Tier-3,COD,normal,2,1,1,3,2,37,37,2026-03-10,0,False,0.33,False,46,70,Medium (35-65),High (65-100)
PO004948,2026-02-01,V05,Bengaluru,False,0.93,knit,t-shirt,187,Surat,Tier-2,COD,normal,4,2,2,3,3,22,25,2026-02-26,3,False,0.325,True,33,54,Low (0-35),Medium (35-65)
PO000023,2026-02-02,V01,Tirupur,False,0.92,knit,sweatshirt,251,Delhi,Tier-1,Prepaid,normal,2,0,4,2,3,21,25,2026-02-27,4,False,0.299,False,35,34,Low (0-35),Low (0-35)
PO000042,2026-02-02,V08,Ludhiana,False,0.84,woven,trouser,221,Indore,Tier-2,Prepaid,normal,2,2,1,4,2,35,37,2026-03-11,2,False,0.264,False,42,55,Medium (35-65),Medium (35-65)
PO000092,2026-02-02,V01,Tirupur,False,0.92,knit,hoodie,247,Tiruchirappalli,Tier-3,COD,normal,4,2,2,2,3,24,24,2026-02-26,0,False,0.389,False,48,72,Medium (35-65),High (65-100)
PO000126,2026-02-02,V04,Tirupur,False,0.9,woven,denim-jacket,98,Kochi,Tier-2,COD,normal,2,2,6,2,1,35,43,2026-03-17,8,True,0.395,False,48,66,Medium (35-65),High (65-100)
PO001293,2026-02-02,V03,Tirupur,False,0.85,knit,polo,212,Madurai,Tier-3,COD,normal,1,1,1,1,1,24,29,2026-03-03,5,False,0.33,False,36,54,Medium (35-65),Medium (35-65)
PO002029,2026-02-02,V01,Tirupur,False,0.92,knit,sweatshirt,432,Ahmedabad,Tier-2,Prepaid,normal,1,6,1,2,2,22,22,2026-02-24,0,False,0.22,True,45,33,Medium (35-65),Low (0-35)
PO003419,2026-02-02,V06,Bengaluru,False,0.89,knit,hoodie,145,Mumbai,Tier-1,Prepaid,normal,3,3,1,2,1,21,22,2026-02-24,1,False,0.22,False,20,15,Low (0-35),Low (0-35)
PO003711,2026-02-02,V02,Tirupur,False,0.88,knit,t-shirt,127,Surat,Tier-2,COD,normal,1,0,1,1,1,22,20,2026-02-22,-2,False,0.275,False,31,47,Low (0-35),Medium (35-65)
PO003889,2026-02-02,V03,Tirupur,False,0.85,knit,henley,209,Delhi,Tier-1,COD,normal,1,3,1,2,2,21,21,2026-02-23,0,False,0.275,True,26,40,Low (0-35),Medium (35-65)
PO004174,2026-02-02,V04,Tirupur,False,0.9,knit,polo,187,Chennai,Tier-1,Prepaid,normal,4,1,4,3,1,21,28,2026-03-02,7,True,0.316,False,35,24,Low (0-35),Low (0-35)
PO004192,2026-02-02,V01,Tirupur,False,0.92,knit,henley,216,Mysuru,Tier-3,COD,normal,1,0,1,2,2,24,31,2026-03-05,7,True,0.413,True,36,54,Medium (35-65),Medium (35-65)
PO004271,2026-02-02,V09,Delhi NCR,False,0.86,woven,chinos,81,Patna,Tier-3,Prepaid,normal,1,3,1,1,1,37,36,2026-03-10,-1,False,0.264,False,32,34,Low (0-35),Low (0-35)
PO004421,2026-02-02,V07,Ludhiana,False,0.87,knit,henley,127,Kochi,Tier-2,COD,normal,2,2,1,1,1,22,22,2026-02-24,0,False,0.275,False,17,44,Low (0-35),Medium (35-65)
PO004681,2026-02-02,V01,Tirupur,False,0.92,knit,t-shirt,214,Chennai,Tier-1,COD,normal,4,1,2,3,2,21,31,2026-03-05,10,True,0.344,False,32,40,Low (0-35),Medium (35-65)
PO000934,2026-02-03,V01,Tirupur,False,0.92,knit,sweatshirt,403,Delhi,Tier-1,Prepaid,normal,8,1,0,4,1,21,23,2026-02-26,2,False,0.264,False,41,40,Medium (35-65),Medium (35-65)
PO000999,2026-02-03,V02,Tirupur,False,0.88,knit,sweatshirt,257,Indore,Tier-2,COD,normal,2,1,0,2,2,22,26,2026-03-01,4,False,0.275,True,31,47,Low (0-35),Medium (35-65)
PO001264,2026-02-03,V04,Tirupur,False,0.9,woven,overshirt,97,Ahmedabad,Tier-2,COD,normal,7,5,1,1,1,35,38,2026-03-13,3,False,0.275,True,57,60,Medium (35-65),Medium (35-65)
PO002077,2026-02-03,V09,Delhi NCR,False,0.86,woven,denim-jacket,278,Kolkata,Tier-1,Prepaid,normal,1,4,0,0,2,34,33,2026-03-08,-1,False,0.22,False,22,20,Low (0-35),Low (0-35)
PO002198,2026-02-03,V06,Bengaluru,False,0.89,knit,henley,172,Chennai,Tier-1,COD,normal,1,3,1,2,3,21,22,2026-02-25,1,False,0.325,False,22,47,Low (0-35),Medium (35-65)
PO002708,2026-02-03,V03,Tirupur,False,0.85,knit,hoodie,317,Hyderabad,Tier-1,COD,normal,1,0,1,0,1,21,20,2026-02-23,-1,False,0.275,False,26,40,Low (0-35),Medium (35-65)
PO002824,2026-02-03,V03,Tirupur,False,0.85,knit,polo,55,Mysuru,Tier-3,COD,normal,2,1,1,0,2,24,27,2026-03-02,3,False,0.33,False,36,54,Medium (35-65),Medium (35-65)
PO003488,2026-02-03,V08,Ludhiana,False,0.84,knit,sweatshirt,196,Chandigarh,Tier-2,COD,normal,2,3,1,2,3,22,24,2026-02-27,2,False,0.325,False,35,60,Low (0-35),Medium (35-65)
PO000143,2026-02-04,V05,Bengaluru,False,0.93,woven,overshirt,128,Chennai,Tier-1,COD,normal,1,11,1,0,1,34,39,2026-03-15,5,False,0.275,False,36,42,Medium (35-65),Medium (35-65)
PO000276,2026-02-04,V04,Tirupur,False,0.9,knit,henley,191,Nagpur,Tier-3,Prepaid,normal,1,8,5,0,2,24,31,2026-03-07,7,True,0.38,True,47,46,Medium (35-65),Medium (35-65)
PO000426,2026-02-04,V10,Delhi NCR,False,0.82,woven,overshirt,225,Tiruchirappalli,Tier-3,COD,normal,1,2,1,4,1,37,36,2026-03-12,-1,False,0.396,False,49,84,Medium (35-65),High (65-100)
PO001007,2026-02-04,V01,Tirupur,False,0.92,knit,polo,77,Surat,Tier-2,COD,normal,0,1,1,1,3,22,26,2026-03-02,4,False,0.325,False,37,57,Medium (35-65),Medium (35-65)
PO001349,2026-02-04,V06,Bengaluru,False,0.89,woven,shirt,166,Jodhpur,Tier-3,COD,normal,2,1,1,2,1,37,39,2026-03-15,2,False,0.33,False,38,56,Medium (35-65),Medium (35-65)
PO001963,2026-02-04,V04,Tirupur,False,0.9,knit,sweatshirt,163,Kochi,Tier-2,Prepaid,normal,2,3,0,3,1,22,25,2026-03-01,3,False,0.22,False,29,25,Low (0-35),Low (0-35)
PO002062,2026-02-04,V05,Bengaluru,False,0.93,knit,sweatshirt,79,Coimbatore,Tier-2,COD,normal,1,1,2,1,1,22,21,2026-02-25,-1,False,0.275,True,21,44,Low (0-35),Medium (35-65)
PO002112,2026-02-04,V07,Ludhiana,False,0.87,knit,t-shirt,58,Kolkata,Tier-1,Prepaid,normal,1,0,3,2,2,21,20,2026-02-24,-1,False,0.253,True,15,21,Low (0-35),Low (0-35)
PO003330,2026-02-04,V01,Tirupur,False,0.92,knit,t-shirt,321,Pune,Tier-2,Prepaid,normal,6,1,1,1,1,22,21,2026-02-25,-1,False,0.22,True,35,25,Low (0-35),Low (0-35)
PO003514,2026-02-04,V02,Tirupur,False,0.88,woven,trouser,243,Chennai,Tier-1,COD,normal,2,4,1,2,1,34,38,2026-03-14,4,False,0.275,True,38,45,Medium (35-65),Medium (35-65)
PO004032,2026-02-04,V05,Bengaluru,False,0.93,knit,hoodie,210,Guwahati,Tier-3,COD,normal,2,2,1,1,1,24,26,2026-03-02,2,False,0.33,False,26,51,Low (0-35),Medium (35-65)
PO004323,2026-02-04,V06,Bengaluru,False,0.89,knit,polo,146,Dehradun,Tier-3,Prepaid,normal,8,0,1,1,1,24,23,2026-02-27,-1,False,0.264,False,30,29,Low (0-35),Low (0-35)
PO004790,2026-02-04,V01,Tirupur,False,0.92,woven,chinos,146,Lucknow,Tier-2,COD,normal,8,0,2,1,3,35,39,2026-03-15,4,False,0.325,False,55,70,Medium (35-65),High (65-100)
PO004797,2026-02-04,V04,Tirupur,False,0.9,knit,t-shirt,232,Raipur,Tier-3,COD,normal,1,2,2,1,2,24,27,2026-03-03,3,False,0.33,False,36,54,Medium (35-65),Medium (35-65)
PO000415,2026-02-05,V08,Ludhiana,False,0.84,knit,hoodie,361,Chandigarh,Tier-2,COD,normal,3,2,1,3,1,22,22,2026-02-27,0,False,0.275,False,43,58,Medium (35-65),Medium (35-65)
PO000420,2026-02-05,V07,Ludhiana,False,0.87,knit,polo,181,Kolkata,Tier-1,COD,normal,1,0,0,3,1,21,20,2026-02-25,-1,False,0.275,True,12,37,Low (0-35),Medium (35-65)
PO000527,2026-02-05,V01,Tirupur,False,0.92,woven,denim-jacket,135,Hyderabad,Tier-1,Prepaid,normal,1,1,5,2,2,34,42,2026-03-19,8,True,0.316,True,41,37,Medium (35-65),Medium (35-65)
PO001262,2026-02-05,V02,Tirupur,False,0.88,knit,t-shirt,97,Bengaluru,Tier-1,COD,normal,8,1,1,2,1,21,27,2026-03-04,6,True,0.344,True,32,40,Low (0-35),Medium (35-65)
PO002292,2026-02-05,V03,Tirupur,False,0.85,woven,trouser,165,Chennai,Tier-1,COD,normal,0,20,1,2,3,34,39,2026-03-16,5,False,0.325,True,52,63,Medium (35-65),Medium (35-65)
PO002625,2026-02-05,V09,Delhi NCR,False,0.86,woven,shirt,325,Chennai,Tier-1,COD,normal,1,12,7,0,1,34,36,2026-03-13,2,False,0.316,False,37,48,Medium (35-65),Medium (35-65)
PO002721,2026-02-05,V01,Tirupur,False,0.92,knit,t-shirt,332,Vadodara,Tier-2,COD,normal,7,2,1,0,1,22,26,2026-03-03,4,False,0.275,False,37,47,Medium (35-65),Medium (35-65)
PO003095,2026-02-05,V01,Tirupur,False,0.92,knit,hoodie,107,Indore,Tier-2,Prepaid,normal,4,1,3,1,1,22,26,2026-03-03,4,False,0.253,True,40,39,Medium (35-65),Medium (35-65)
PO003320,2026-02-05,V05,Bengaluru,False,0.93,woven,trouser,284,Jaipur,Tier-2,COD,normal,0,3,4,2,1,35,35,2026-03-12,0,False,0.316,False,38,55,Medium (35-65),Medium (35-65)
PO003845,2026-02-05,V01,Tirupur,False,0.92,knit,polo,109,Delhi,Tier-1,COD,normal,1,3,1,1,2,21,21,2026-02-26,0,False,0.275,False,26,40,Low (0-35),Medium (35-65)
PO004669,2026-02-05,V01,Tirupur,False,0.92,knit,sweatshirt,266,Chennai,Tier-1,Prepaid,normal,3,1,1,2,2,21,31,2026-03-08,10,True,0.275,False,30,18,Low (0-35),Low (0-35)
PO004709,2026-02-05,V08,Ludhiana,False,0.84,woven,denim-jacket,55,Mumbai,Tier-1,COD,normal,5,2,1,3,1,34,37,2026-03-14,3,False,0.275,False,42,56,Medium (35-65),Medium (35-65)
PO004950,2026-02-05,V01,Tirupur,False,0.92,knit,sweatshirt,106,Surat,Tier-2,COD,normal,3,1,2,2,2,22,23,2026-02-28,1,False,0.275,True,37,47,Medium (35-65),Medium (35-65)
PO004951,2026-02-05,V06,Bengaluru,False,0.89,woven,denim-jacket,96,Chandigarh,Tier-2,Prepaid,normal,2,2,3,3,3,35,34,2026-03-11,-1,False,0.299,False,42,51,Medium (35-65),Medium (35-65)
PO000116,2026-02-06,V03,Tirupur,False,0.85,knit,henley,104,Chennai,Tier-1,Prepaid,normal,3,3,1,1,2,21,18,2026-02-24,-3,False,0.22,False,30,18,Low (0-35),Low (0-35)
PO000615,2026-02-06,V01,Tirupur,False,0.92,knit,henley,429,Tiruchirappalli,Tier-3,Prepaid,normal,1,17,1,1,2,24,28,2026-03-06,4,False,0.264,False,50,40,Medium (35-65),Medium (35-65)
PO001023,2026-02-06,V02,Tirupur,False,0.88,knit,hoodie,122,Ahmedabad,Tier-2,Prepaid,normal,5,1,2,3,2,22,31,2026-03-09,9,True,0.275,False,35,25,Low (0-35),Low (0-35)
PO001062,2026-02-06,V01,Tirupur,False,0.92,knit,hoodie,144,Vijayawada,Tier-3,Prepaid,normal,4,2,4,0,3,24,34,2026-03-12,10,True,0.448,False,51,56,Medium (35-65),Medium (35-65)
PO001674,2026-02-06,V02,Tirupur,False,0.88,knit,hoodie,71,Delhi,Tier-1,Prepaid,normal,2,3,4,1,1,21,24,2026-03-02,3,False,0.253,False,29,24,Low (0-35),Low (0-35)
PO001784,2026-02-06,V06,Bengaluru,False,0.89,knit,hoodie,165,Vadodara,Tier-2,Prepaid,normal,4,1,1,1,1,22,25,2026-03-03,3,False,0.22,False,25,22,Low (0-35),Low (0-35)
PO002854,2026-02-06,V09,Delhi NCR,False,0.86,woven,trouser,187,Ranchi,Tier-3,COD,normal,2,7,1,1,1,37,37,2026-03-15,0,False,0.33,False,42,64,Medium (35-65),Medium (35-65)
PO002957,2026-02-06,V02,Tirupur,False,0.88,knit,henley,296,Chandigarh,Tier-2,Prepaid,normal,2,1,1,2,1,22,22,2026-02-28,0,False,0.22,False,29,25,Low (0-35),Low (0-35)
PO003373,2026-02-06,V03,Tirupur,False,0.85,woven,denim-jacket,213,Kochi,Tier-2,COD,normal,1,3,2,2,3,35,41,2026-03-19,6,True,0.406,False,49,70,Medium (35-65),High (65-100)
PO004171,2026-02-06,V05,Bengaluru,False,0.93,woven,trouser,158,Lucknow,Tier-2,COD,normal,2,0,1,1,2,35,34,2026-03-12,-1,False,0.275,True,33,49,Low (0-35),Medium (35-65)
PO004493,2026-02-06,V01,Tirupur,False,0.92,knit,t-shirt,256,Jaipur,Tier-2,Prepaid,normal,2,1,2,2,1,22,26,2026-03-04,4,False,0.22,False,29,25,Low (0-35),Low (0-35)
PO000111,2026-02-07,V10,Delhi NCR,False,0.82,woven,chinos,99,Kolkata,Tier-1,COD,normal,1,3,1,3,3,34,36,2026-03-15,2,False,0.325,True,42,66,Medium (35-65),High (65-100)
PO000228,2026-02-07,V03,Tirupur,False,0.85,knit,hoodie,68,Nagpur,Tier-3,COD,normal,1,3,1,1,1,24,24,2026-03-03,0,False,0.33,False,36,54,Medium (35-65),Medium (35-65)
PO000574,2026-02-07,V09,Delhi NCR,False,0.86,woven,trouser,170,Madurai,Tier-3,COD,normal,5,3,0,2,3,37,41,2026-03-20,4,False,0.389,False,46,74,Medium (35-65),High (65-100)
PO000634,2026-02-07,V04,Tirupur,False,0.9,knit,henley,385,Bengaluru,Tier-1,Prepaid,normal,1,1,3,1,1,21,21,2026-02-28,0,False,0.253,False,37,24,Medium (35-65),Low (0-35)
PO000894,2026-02-07,V01,Tirupur,False,0.92,knit,t-shirt,195,Pune,Tier-2,COD,normal,1,1,4,0,3,22,26,2026-03-05,4,False,0.373,False,42,71,Medium (35-65),High (65-100)
PO001357,2026-02-07,V03,Tirupur,False,0.85,knit,t-shirt,183,Hyderabad,Tier-1,Prepaid,normal,1,0,1,1,2,21,23,2026-03-02,2,False,0.22,False,24,18,Low (0-35),Low (0-35)
PO002934,2026-02-07,V03,Tirupur,False,0.85,knit,polo,262,Bengaluru,Tier-1,Prepaid,normal,0,0,3,1,3,21,24,2026-03-03,3,False,0.299,False,35,34,Low (0-35),Low (0-35)
PO003158,2026-02-07,V09,Delhi NCR,False,0.86,woven,shirt,235,Bengaluru,Tier-1,Prepaid,normal,2,2,1,1,2,34,42,2026-03-21,8,True,0.275,False,22,20,Low (0-35),Low (0-35)
PO003895,2026-02-07,V05,Bengaluru,False,0.93,woven,denim-jacket,238,Tiruchirappalli,Tier-3,Prepaid,normal,1,5,1,1,3,37,51,2026-03-30,14,True,0.389,False,50,52,Medium (35-65),Medium (35-65)
PO004194,2026-02-07,V12,Bengaluru,True,0.78,knit,sweatshirt,289,Surat,Tier-2,COD,normal,1,0,4,9,1,22,29,2026-03-08,7,True,0.546,False,63,95,Medium (35-65),High (65-100)
PO004667,2026-02-07,V06,Bengaluru,False,0.89,knit,polo,186,Kochi,Tier-2,COD,normal,3,1,4,1,2,22,24,2026-03-03,2,False,0.316,True,32,50,Low (0-35),Medium (35-65)
PO004942,2026-02-07,V03,Tirupur,False,0.85,knit,henley,185,Kochi,Tier-2,COD,normal,4,2,1,2,1,22,25,2026-03-04,3,False,0.275,True,37,47,Medium (35-65),Medium (35-65)
PO000788,2026-02-08,V01,Tirupur,False,0.92,knit,sweatshirt,69,Raipur,Tier-3,Prepaid,normal,4,1,1,2,1,24,27,2026-03-07,3,False,0.264,False,40,40,Medium (35-65),Medium (35-65)
PO001428,2026-02-08,V02,Tirupur,False,0.88,woven,shirt,236,Chennai,Tier-1,COD,normal,7,6,1,2,1,34,39,2026-03-19,5,False,0.275,False,52,53,Medium (35-65),Medium (35-65)
PO001983,2026-02-08,V01,Tirupur,False,0.92,woven,chinos,122,Vadodara,Tier-2,COD,normal,4,9,1,1,1,35,41,2026-03-21,6,True,0.344,False,57,60,Medium (35-65),Medium (35-65)
PO002544,2026-02-08,V10,Delhi NCR,False,0.82,woven,trouser,203,Indore,Tier-2,COD,normal,0,12,0,3,1,35,38,2026-03-18,3,False,0.275,True,49,63,Medium (35-65),Medium (35-65)
PO003790,2026-02-08,V02,Tirupur,False,0.88,woven,shirt,213,Mumbai,Tier-1,COD,normal,4,4,1,0,1,34,35,2026-03-15,1,False,0.275,False,44,53,Medium (35-65),Medium (35-65)
PO004061,2026-02-08,V05,Bengaluru,False,0.93,woven,chinos,271,Jodhpur,Tier-3,COD,normal,6,19,2,1,1,37,43,2026-03-23,6,True,0.413,False,52,64,Medium (35-65),Medium (35-65)
PO004528,2026-02-08,V01,Tirupur,False,0.92,knit,henley,152,Jaipur,Tier-2,Prepaid,normal,2,0,2,2,1,22,26,2026-03-06,4,False,0.22,True,29,25,Low (0-35),Low (0-35)
PO004568,2026-02-08,V10,Delhi NCR,False,0.82,woven,shirt,168,Delhi,Tier-1,Prepaid,normal,2,1,3,3,2,34,32,2026-03-12,-2,False,0.253,False,39,32,Medium (35-65),Low (0-35)
PO004788,2026-02-08,V01,Tirupur,False,0.92,knit,t-shirt,309,Jaipur,Tier-2,COD,normal,1,1,3,2,1,22,23,2026-03-03,1,False,0.316,False,36,53,Medium (35-65),Medium (35-65)
PO004938,2026-02-08,V05,Bengaluru,False,0.93,knit,sweatshirt,242,Bengaluru,Tier-1,Prepaid,normal,3,3,0,3,2,21,22,2026-03-02,1,False,0.22,False,20,15,Low (0-35),Low (0-35)
PO000645,2026-02-09,V06,Bengaluru,False,0.89,knit,sweatshirt,209,Pune,Tier-2,Prepaid,normal,7,3,2,1,2,22,20,2026-03-01,-2,False,0.22,False,25,22,Low (0-35),Low (0-35)
PO001287,2026-02-09,V03,Tirupur,False,0.85,woven,overshirt,202,Jodhpur,Tier-3,COD,normal,1,3,0,2,3,37,41,2026-03-22,4,False,0.389,False,54,77,Medium (35-65),High (65-100)
PO001334,2026-02-09,V01,Tirupur,False,0.92,woven,shirt,206,Mysuru,Tier-3,COD,normal,1,7,1,1,2,37,43,2026-03-24,6,True,0.413,False,56,67,Medium (35-65),High (65-100)
PO001696,2026-02-09,V05,Bengaluru,False,0.93,knit,t-shirt,91,Bhubaneswar,Tier-3,COD,normal,8,2,1,0,1,24,25,2026-03-06,1,False,0.33,False,32,51,Low (0-35),Medium (35-65)
PO001776,2026-02-09,V03,Tirupur,False,0.85,knit,henley,137,Guwahati,Tier-3,COD,normal,1,1,1,3,2,24,28,2026-03-09,4,False,0.33,True,36,54,Medium (35-65),Medium (35-65)
PO002026,2026-02-09,V07,Ludhiana,False,0.87,knit,hoodie,143,Indore,Tier-2,COD,normal,1,3,1,1,1,22,24,2026-03-05,2,False,0.275,False,17,44,Low (0-35),Medium (35-65)
PO002244,2026-02-09,V05,Bengaluru,False,0.93,knit,hoodie,289,Lucknow,Tier-2,Prepaid,normal,2,1,0,1,1,22,23,2026-03-04,1,False,0.22,True,19,22,Low (0-35),Low (0-35)
PO002472,2026-02-09,V05,Bengaluru,False,0.93,knit,t-shirt,210,Bengaluru,Tier-1,Prepaid,normal,2,1,3,2,2,21,25,2026-03-06,4,False,0.253,False,19,21,Low (0-35),Low (0-35)
PO002737,2026-02-09,V04,Tirupur,False,0.9,knit,t-shirt,161,Coimbatore,Tier-2,Prepaid,normal,3,0,2,0,3,22,24,2026-03-05,2,False,0.26,True,41,43,Medium (35-65),Medium (35-65)
PO002772,2026-02-09,V01,Tirupur,False,0.92,knit,henley,254,Delhi,Tier-1,Prepaid,normal,6,0,1,3,2,21,26,2026-03-07,5,False,0.22,False,30,18,Low (0-35),Low (0-35)
PO002777,2026-02-09,V05,Bengaluru,False,0.93,knit,hoodie,150,Nagpur,Tier-3,COD,normal,2,1,3,3,1,24,24,2026-03-05,0,False,0.38,False,31,57,Low (0-35),Medium (35-65)
PO003324,2026-02-09,V07,Ludhiana,False,0.87,woven,trouser,234,Chandigarh,Tier-2,COD,normal,2,18,0,2,1,35,38,2026-03-19,3,False,0.275,False,37,49,Medium (35-65),Medium (35-65)
PO003348,2026-02-09,V06,Bengaluru,False,0.89,knit,henley,195,Ahmedabad,Tier-2,Prepaid,normal,1,1,3,2,1,22,22,2026-03-03,0,False,0.253,False,24,28,Low (0-35),Low (0-35)
PO003867,2026-02-09,V01,Tirupur,False,0.92,knit,polo,217,Pune,Tier-2,Prepaid,normal,0,3,1,1,1,22,26,2026-03-07,4,False,0.22,False,29,25,Low (0-35),Low (0-35)
PO003994,2026-02-09,V05,Bengaluru,False,0.93,knit,sweatshirt,167,Pune,Tier-2,COD,normal,1,6,1,1,3,22,23,2026-03-04,1,False,0.325,False,35,54,Low (0-35),Medium (35-65)
PO004055,2026-02-09,V05,Bengaluru,False,0.93,knit,hoodie,245,Hyderabad,Tier-1,COD,normal,1,1,2,3,3,21,24,2026-03-05,3,False,0.325,False,22,47,Low (0-35),Medium (35-65)
PO004066,2026-02-09,V01,Tirupur,False,0.92,woven,chinos,246,Mumbai,Tier-1,Prepaid,normal,3,0,2,2,2,34,35,2026-03-16,1,False,0.22,False,42,31,Medium (35-65),Low (0-35)
PO004560,2026-02-09,V01,Tirupur,False,0.92,knit,henley,231,Hyderabad,Tier-1,COD,normal,1,4,1,2,1,21,25,2026-03-06,4,False,0.275,False,26,40,Low (0-35),Medium (35-65)
PO004907,2026-02-09,V02,Tirupur,False,0.88,woven,chinos,186,Nagpur,Tier-3,Prepaid,normal,2,2,2,3,1,37,36,2026-03-17,-1,False,0.264,True,46,45,Medium (35-65),Medium (35-65)
PO000571,2026-02-10,V05,Bengaluru,False,0.93,knit,sweatshirt,194,Ahmedabad,Tier-2,COD,normal,10,1,3,1,1,22,23,2026-03-05,1,False,0.316,False,32,50,Low (0-35),Medium (35-65)
PO000638,2026-02-10,V02,Tirupur,False,0.88,knit,sweatshirt,188,Tiruchirappalli,Tier-3,Prepaid,normal,4,2,1,2,2,24,27,2026-03-09,3,False,0.264,False,40,40,Medium (35-65),Medium (35-65)
PO000855,2026-02-10,V06,Bengaluru,False,0.89,knit,t-shirt,264,Mumbai,Tier-1,Prepaid,normal,8,1,1,3,1,21,24,2026-03-06,3,False,0.22,False,20,15,Low (0-35),Low (0-35)
PO001020,2026-02-10,V05,Bengaluru,False,0.93,knit,t-shirt,263,Chennai,Tier-1,COD,normal,1,0,0,3,1,21,23,2026-03-05,2,False,0.275,False,16,37,Low (0-35),Medium (35-65)
PO001126,2026-02-10,V05,Bengaluru,False,0.93,knit,henley,120,Jaipur,Tier-2,Prepaid,normal,2,0,1,0,1,22,20,2026-03-02,-2,False,0.22,False,19,22,Low (0-35),Low (0-35)
PO001331,2026-02-10,V01,Tirupur,False,0.92,knit,henley,216,Madurai,Tier-3,Prepaid,normal,3,6,0,1,3,24,30,2026-03-12,6,True,0.389,False,54,50,Medium (35-65),Medium (35-65)
PO001703,2026-02-10,V02,Tirupur,False,0.88,knit,sweatshirt,294,Chandigarh,Tier-2,COD,normal,3,0,3,0,1,22,26,2026-03-08,4,False,0.316,True,42,61,Medium (35-65),Medium (35-65)
PO001969,2026-02-10,V01,Tirupur,False,0.92,knit,polo,150,Mumbai,Tier-1,Prepaid,normal,3,0,1,2,1,21,19,2026-03-01,-2,False,0.22,True,30,18,Low (0-35),Low (0-35)
PO002610,2026-02-10,V04,Tirupur,False,0.9,knit,t-shirt,156,Bengaluru,Tier-1,Prepaid,normal,0,0,1,1,1,21,21,2026-03-03,0,False,0.22,False,24,18,Low (0-35),Low (0-35)
PO003278,2026-02-10,V07,Ludhiana,False,0.87,knit,t-shirt,196,Lucknow,Tier-2,COD,normal,1,0,1,4,3,22,23,2026-03-05,1,False,0.389,True,26,68,Low (0-35),High (65-100)
PO004028,2026-02-10,V08,Ludhiana,False,0.84,woven,overshirt,143,Coimbatore,Tier-2,COD,normal,4,8,3,3,1,35,35,2026-03-17,0,False,0.316,False,60,76,Medium (35-65),High (65-100)
PO004070,2026-02-10,V01,Tirupur,False,0.92,woven,chinos,187,Dehradun,Tier-3,COD,normal,1,1,5,0,2,37,36,2026-03-18,-1,False,0.38,False,53,73,Medium (35-65),High (65-100)
PO004071,2026-02-10,V02,Tirupur,False,0.88,knit,henley,258,Vadodara,Tier-2,COD,normal,4,2,2,3,2,22,26,2026-03-08,4,False,0.275,True,37,47,Medium (35-65),Medium (35-65)
PO004468,2026-02-10,V04,Tirupur,False,0.9,woven,shirt,206,Indore,Tier-2,COD,normal,2,8,9,2,3,35,43,2026-03-25,8,True,0.466,True,62,83,Medium (35-65),High (65-100)
PO004742,2026-02-10,V02,Tirupur,False,0.88,woven,shirt,247,Hyderabad,Tier-1,Prepaid,normal,15,4,1,1,1,34,38,2026-03-20,4,False,0.22,False,42,31,Medium (35-65),Low (0-35)
PO004918,2026-02-10,V06,Bengaluru,False,0.89,woven,overshirt,239,Surat,Tier-2,Prepaid,normal,4,12,3,1,2,35,41,2026-03-23,6,True,0.316,True,50,41,Medium (35-65),Medium (35-65)
PO000063,2026-02-11,V05,Bengaluru,False,0.93,knit,hoodie,196,Chennai,Tier-1,Prepaid,normal,3,1,1,2,2,21,22,2026-03-05,1,False,0.22,False,20,15,Low (0-35),Low (0-35)
PO000380,2026-02-11,V05,Bengaluru,False,0.93,knit,sweatshirt,294,Delhi,Tier-1,Prepaid,normal,15,2,3,0,2,21,21,2026-03-04,0,False,0.253,False,25,21,Low (0-35),Low (0-35)
PO000409,2026-02-11,V05,Bengaluru,False,0.93,knit,t-shirt,138,Surat,Tier-2,Prepaid,normal,4,0,2,1,2,22,24,2026-03-07,2,False,0.22,False,25,22,Low (0-35),Low (0-35)
PO001248,2026-02-11,V02,Tirupur,False,0.88,knit,hoodie,262,Vadodara,Tier-2,COD,normal,2,1,1,0,1,22,25,2026-03-08,3,False,0.275,True,31,47,Low (0-35),Medium (35-65)
PO002004,2026-02-11,V06,Bengaluru,False,0.89,woven,chinos,183,Ahmedabad,Tier-2,COD,normal,1,3,2,2,1,35,40,2026-03-23,5,False,0.275,True,33,49,Low (0-35),Medium (35-65)
PO002043,2026-02-11,V03,Tirupur,False,0.85,woven,overshirt,256,Vadodara,Tier-2,COD,normal,2,1,1,0,3,35,37,2026-03-20,2,False,0.325,False,49,70,Medium (35-65),High (65-100)
PO002066,2026-02-11,V01,Tirupur,False,0.92,woven,chinos,215,Vadodara,Tier-2,Prepaid,normal,1,5,2,1,1,35,43,2026-03-26,8,True,0.275,True,49,38,Medium (35-65),Medium (35-65)
PO002226,2026-02-11,V06,Bengaluru,False,0.89,knit,henley,195,Jaipur,Tier-2,COD,normal,3,1,1,0,2,22,27,2026-03-10,5,False,0.275,False,27,44,Low (0-35),Medium (35-65)
PO002383,2026-02-11,V05,Bengaluru,False,0.93,woven,shirt,79,Mumbai,Tier-1,Prepaid,normal,1,2,1,1,2,34,37,2026-03-20,3,False,0.22,False,26,20,Low (0-35),Low (0-35)
PO002666,2026-02-11,V02,Tirupur,False,0.88,knit,henley,282,Surat,Tier-2,COD,normal,2,0,2,3,2,22,29,2026-03-12,7,True,0.344,False,31,47,Low (0-35),Medium (35-65)
PO003948,2026-02-11,V04,Tirupur,False,0.9,knit,hoodie,230,Hyderabad,Tier-1,COD,normal,3,0,3,4,2,21,27,2026-03-10,6,True,0.474,True,40,68,Medium (35-65),High (65-100)
PO004607,2026-02-11,V02,Tirupur,False,0.88,knit,t-shirt,200,Bhubaneswar,Tier-3,COD,normal,2,3,0,1,1,24,26,2026-03-09,2,False,0.33,False,36,54,Medium (35-65),Medium (35-65)
PO000647,2026-02-12,V06,Bengaluru,False,0.89,knit,polo,282,Vadodara,Tier-2,Prepaid,normal,1,0,0,2,1,22,23,2026-03-07,1,False,0.22,False,19,22,Low (0-35),Low (0-35)
PO000702,2026-02-12,V03,Tirupur,False,0.85,woven,trouser,293,Kolkata,Tier-1,Prepaid,normal,1,1,2,2,1,34,34,2026-03-18,0,False,0.22,False,36,23,Medium (35-65),Low (0-35)
PO000886,2026-02-12,V05,Bengaluru,False,0.93,knit,sweatshirt,111,Chennai,Tier-1,Prepaid,normal,1,1,3,2,1,21,20,2026-03-04,-1,False,0.253,False,19,21,Low (0-35),Low (0-35)
PO001503,2026-02-12,V05,Bengaluru,False,0.93,knit,henley,210,Surat,Tier-2,Prepaid,normal,2,2,1,2,1,22,27,2026-03-11,5,False,0.22,False,19,22,Low (0-35),Low (0-35)
PO001542,2026-02-12,V01,Tirupur,False,0.92,knit,sweatshirt,230,Lucknow,Tier-2,Prepaid,normal,6,1,2,4,1,22,28,2026-03-12,6,True,0.33,False,38,39,Medium (35-65),Medium (35-65)
PO001836,2026-02-12,V04,Tirupur,False,0.9,knit,henley,213,Hyderabad,Tier-1,Prepaid,normal,4,3,2,1,1,21,21,2026-03-05,0,False,0.22,False,30,18,Low (0-35),Low (0-35)
PO002090,2026-02-12,V02,Tirupur,False,0.88,knit,henley,172,Tiruchirappalli,Tier-3,Prepaid,normal,3,3,2,1,1,24,25,2026-03-09,1,False,0.264,False,40,40,Medium (35-65),Medium (35-65)
PO002237,2026-02-12,V02,Tirupur,False,0.88,knit,sweatshirt,121,Surat,Tier-2,COD,normal,2,0,1,1,2,22,25,2026-03-09,3,False,0.275,False,31,47,Low (0-35),Medium (35-65)
PO002408,2026-02-12,V05,Bengaluru,False,0.93,knit,t-shirt,174,Ranchi,Tier-3,Prepaid,normal,2,1,6,1,3,24,31,2026-03-15,7,True,0.448,False,35,45,Low (0-35),Medium (35-65)
PO002623,2026-02-12,V01,Tirupur,False,0.92,woven,chinos,252,Vadodara,Tier-2,Prepaid,normal,1,8,1,1,3,35,40,2026-03-24,5,False,0.26,False,55,48,Medium (35-65),Medium (35-65)
PO002752,2026-02-12,V01,Tirupur,False,0.92,woven,overshirt,186,Kolkata,Tier-1,Prepaid,normal,1,0,1,1,2,34,36,2026-03-20,2,False,0.22,True,36,23,Medium (35-65),Low (0-35)
PO003189,2026-02-12,V02,Tirupur,False,0.88,woven,denim-jacket,287,Kolkata,Tier-1,COD,normal,2,3,2,2,1,34,31,2026-03-15,-3,False,0.275,True,38,45,Medium (35-65),Medium (35-65)
PO003439,2026-02-12,V10,Delhi NCR,False,0.82,woven,shirt,159,Kolkata,Tier-1,COD,normal,4,2,5,6,2,34,31,2026-03-15,-3,False,0.38,True,50,76,Medium (35-65),High (65-100)
PO003890,2026-02-12,V02,Tirupur,False,0.88,knit,sweatshirt,117,Mumbai,Tier-1,COD,normal,2,1,1,1,1,21,21,2026-03-05,0,False,0.275,False,26,40,Low (0-35),Medium (35-65)
PO003891,2026-02-12,V04,Tirupur,False,0.9,knit,henley,171,Ranchi,Tier-3,Prepaid,normal,1,0,1,4,2,24,28,2026-03-12,4,False,0.317,False,37,46,Medium (35-65),Medium (35-65)
PO004843,2026-02-12,V02,Tirupur,False,0.88,knit,henley,254,Ranchi,Tier-3,Prepaid,normal,1,5,1,1,3,24,26,2026-03-10,2,False,0.312,False,48,50,Medium (35-65),Medium (35-65)
PO000569,2026-02-13,V06,Bengaluru,False,0.89,woven,denim-jacket,266,Chandigarh,Tier-2,COD,normal,2,2,1,1,3,35,35,2026-03-20,0,False,0.325,True,39,59,Medium (35-65),Medium (35-65)
PO000846,2026-02-13,V02,Tirupur,False,0.88,woven,trouser,163,Hyderabad,Tier-1,Prepaid,normal,3,2,1,1,3,34,40,2026-03-25,6,True,0.325,False,48,41,Medium (35-65),Medium (35-65)
PO000923,2026-02-13,V06,Bengaluru,False,0.89,knit,polo,287,Bhubaneswar,Tier-3,COD,normal,2,3,0,0,1,24,25,2026-03-10,1,False,0.33,False,26,51,Low (0-35),Medium (35-65)
PO001149,2026-02-13,V01,Tirupur,False,0.92,knit,t-shirt,56,Kolkata,Tier-1,Prepaid,normal,3,1,1,0,1,21,22,2026-03-07,1,False,0.22,True,30,18,Low (0-35),Low (0-35)
PO001832,2026-02-13,V08,Ludhiana,False,0.84,woven,chinos,148,Surat,Tier-2,COD,normal,0,1,1,3,2,35,31,2026-03-16,-4,False,0.275,True,41,63,Medium (35-65),Medium (35-65)
PO002314,2026-02-13,V04,Tirupur,False,0.9,woven,chinos,184,Guwahati,Tier-3,Prepaid,normal,4,1,3,3,2,37,39,2026-03-24,2,False,0.304,False,57,51,Medium (35-65),Medium (35-65)
PO002463,2026-02-13,V05,Bengaluru,False,0.93,knit,sweatshirt,274,Chennai,Tier-1,COD,normal,2,2,1,0,1,21,23,2026-03-08,2,False,0.275,False,16,37,Low (0-35),Medium (35-65)
PO002732,2026-02-13,V05,Bengaluru,False,0.93,woven,trouser,77,Kolkata,Tier-1,COD,normal,1,0,0,0,1,34,35,2026-03-20,1,False,0.275,False,28,42,Low (0-35),Medium (35-65)
PO003244,2026-02-13,V01,Tirupur,False,0.92,knit,polo,156,Kolkata,Tier-1,COD,normal,1,0,1,1,1,21,28,2026-03-13,7,True,0.344,False,26,40,Low (0-35),Medium (35-65)
PO003888,2026-02-13,V08,Ludhiana,False,0.84,woven,trouser,170,Surat,Tier-2,Prepaid,normal,2,1,1,2,1,35,31,2026-03-16,-4,False,0.22,False,39,33,Medium (35-65),Low (0-35)
PO004127,2026-02-13,V06,Bengaluru,False,0.89,knit,polo,162,Tiruchirappalli,Tier-3,Prepaid,normal,2,1,1,0,1,24,22,2026-03-07,-2,False,0.264,True,24,29,Low (0-35),Low (0-35)
PO004976,2026-02-13,V01,Tirupur,False,0.92,knit,sweatshirt,233,Surat,Tier-2,Prepaid,normal,1,20,4,2,1,22,32,2026-03-17,10,True,0.316,True,42,39,Medium (35-65),Medium (35-65)
PO000931,2026-02-14,V05,Bengaluru,False,0.93,knit,hoodie,133,Kochi,Tier-2,COD,normal,1,4,2,0,1,22,22,2026-03-08,0,False,0.275,False,21,44,Low (0-35),Medium (35-65)
PO001548,2026-02-14,V12,Bengaluru,True,0.78,knit,hoodie,233,Kolkata,Tier-1,COD,normal,1,1,2,2,1,21,26,2026-03-12,5,False,0.316,False,50,61,Medium (35-65),Medium (35-65)
PO002479,2026-02-14,V01,Tirupur,False,0.92,knit,hoodie,128,Bengaluru,Tier-1,COD,normal,2,1,0,1,1,21,23,2026-03-09,2,False,0.275,False,26,40,Low (0-35),Medium (35-65)
PO002900,2026-02-14,V05,Bengaluru,False,0.93,knit,henley,272,Kolkata,Tier-1,Prepaid,normal,1,1,4,2,3,21,23,2026-03-09,2,False,0.299,True,25,31,Low (0-35),Low (0-35)
PO003039,2026-02-14,V01,Tirupur,False,0.92,knit,polo,259,Pune,Tier-2,Prepaid,normal,1,0,1,1,2,22,23,2026-03-09,1,False,0.22,False,29,25,Low (0-35),Low (0-35)
PO003132,2026-02-14,V10,Delhi NCR,False,0.82,woven,overshirt,197,Madurai,Tier-3,Prepaid,normal,2,1,1,5,2,37,34,2026-03-20,-3,False,0.317,False,47,62,Medium (35-65),Medium (35-65)
PO004860,2026-02-14,V05,Bengaluru,False,0.93,knit,t-shirt,120,Surat,Tier-2,Prepaid,normal,3,1,1,1,1,22,24,2026-03-10,2,False,0.22,False,25,22,Low (0-35),Low (0-35)
PO004886,2026-02-14,V07,Ludhiana,False,0.87,knit,sweatshirt,179,Vijayawada,Tier-3,COD,normal,2,2,1,3,1,24,25,2026-03-11,1,False,0.33,False,22,51,Low (0-35),Medium (35-65)
PO000525,2026-02-15,V01,Tirupur,False,0.92,knit,polo,50,Kochi,Tier-2,COD,normal,1,1,1,1,1,22,28,2026-03-15,6,True,0.344,False,31,47,Low (0-35),Medium (35-65)
PO000602,2026-02-15,V07,Ludhiana,False,0.87,knit,t-shirt,235,Vijayawada,Tier-3,COD,normal,4,2,1,2,3,24,25,2026-03-12,1,False,0.389,False,34,61,Low (0-35),Medium (35-65)
PO000818,2026-02-15,V01,Tirupur,False,0.92,knit,polo,109,Hyderabad,Tier-1,Prepaid,normal,6,0,7,1,1,21,21,2026-03-08,0,False,0.253,False,35,24,Low (0-35),Low (0-35)
PO000871,2026-02-15,V01,Tirupur,False,0.92,knit,polo,190,Indore,Tier-2,Prepaid,normal,2,3,1,0,2,22,25,2026-03-12,3,False,0.22,True,29,25,Low (0-35),Low (0-35)
PO000961,2026-02-15,V06,Bengaluru,False,0.89,knit,t-shirt,211,Kochi,Tier-2,Prepaid,normal,1,0,2,3,2,22,25,2026-03-12,3,False,0.22,False,19,22,Low (0-35),Low (0-35)
PO001806,2026-02-15,V09,Delhi NCR,False,0.86,woven,shirt,191,Bengaluru,Tier-1,COD,normal,1,1,2,1,1,34,28,2026-03-15,-6,False,0.275,False,24,42,Low (0-35),Medium (35-65)
PO001872,2026-02-15,V07,Ludhiana,False,0.87,woven,denim-jacket,182,Bengaluru,Tier-1,COD,normal,1,10,4,1,1,34,35,2026-03-22,1,False,0.316,True,37,48,Medium (35-65),Medium (35-65)
PO001998,2026-02-15,V03,Tirupur,False,0.85,knit,polo,233,Kolkata,Tier-1,COD,normal,1,0,1,3,1,21,22,2026-03-09,1,False,0.275,False,26,40,Low (0-35),Medium (35-65)
PO002278,2026-02-15,V07,Ludhiana,False,0.87,knit,polo,217,Hyderabad,Tier-1,COD,normal,4,0,0,2,2,21,20,2026-03-07,-1,False,0.275,False,18,37,Low (0-35),Medium (35-65)
PO002532,2026-02-15,V02,Tirupur,False,0.88,woven,chinos,219,Coimbatore,Tier-2,COD,normal,1,4,2,2,2,35,39,2026-03-26,4,False,0.275,False,43,60,Medium (35-65),Medium (35-65)
PO003167,2026-02-15,V05,Bengaluru,False,0.93,knit,sweatshirt,218,Hyderabad,Tier-1,COD,normal,0,2,2,3,1,21,20,2026-03-07,-1,False,0.275,False,16,37,Low (0-35),Medium (35-65)
PO003316,2026-02-15,V02,Tirupur,False,0.88,knit,t-shirt,126,Madurai,Tier-3,COD,normal,0,0,1,0,1,24,26,2026-03-13,2,False,0.33,True,36,54,Medium (35-65),Medium (35-65)
PO003866,2026-02-15,V01,Tirupur,False,0.92,knit,t-shirt,279,Chennai,Tier-1,Prepaid,normal,1,1,1,2,1,21,19,2026-03-06,-2,False,0.22,False,24,18,Low (0-35),Low (0-35)
PO003922,2026-02-15,V03,Tirupur,False,0.85,knit,sweatshirt,266,Mumbai,Tier-1,COD,normal,1,1,1,4,1,21,25,2026-03-12,4,False,0.33,False,29,54,Low (0-35),Medium (35-65)
PO004206,2026-02-15,V02,Tirupur,False,0.88,knit,polo,259,Chandigarh,Tier-2,COD,normal,8,0,0,2,2,22,31,2026-03-18,9,True,0.344,True,37,47,Medium (35-65),Medium (35-65)
PO004331,2026-02-15,V07,Ludhiana,False,0.87,woven,chinos,167,Bengaluru,Tier-1,Prepaid,normal,3,9,6,0,1,34,38,2026-03-25,4,False,0.253,False,41,34,Medium (35-65),Low (0-35)
PO004596,2026-02-15,V06,Bengaluru,False,0.89,knit,sweatshirt,214,Nagpur,Tier-3,Prepaid,normal,1,1,1,3,2,24,22,2026-03-09,-2,False,0.264,False,24,29,Low (0-35),Low (0-35)
PO000061,2026-02-16,V01,Tirupur,False,0.92,knit,sweatshirt,197,Lucknow,Tier-2,COD,normal,9,1,6,1,2,22,25,2026-03-13,3,False,0.316,False,42,61,Medium (35-65),Medium (35-65)
PO000194,2026-02-16,V02,Tirupur,False,0.88,woven,overshirt,210,Indore,Tier-2,Prepaid,normal,2,1,2,1,1,35,47,2026-04-04,12,True,0.275,False,41,38,Medium (35-65),Medium (35-65)
PO000552,2026-02-16,V02,Tirupur,False,0.88,woven,trouser,144,Lucknow,Tier-2,COD,normal,2,2,3,1,1,35,40,2026-03-28,5,False,0.316,True,48,66,Medium (35-65),High (65-100)
PO000649,2026-02-16,V05,Bengaluru,False,0.93,knit,hoodie,148,Jaipur,Tier-2,COD,normal,1,0,10,0,2,22,26,2026-03-14,4,False,0.316,False,26,50,Low (0-35),Medium (35-65)
PO000703,2026-02-16,V04,Tirupur,False,0.9,woven,denim-jacket,307,Hyderabad,Tier-1,COD,normal,1,16,2,2,2,34,37,2026-03-25,3,False,0.275,False,46,53,Medium (35-65),Medium (35-65)
PO001014,2026-02-16,V01,Tirupur,False,0.92,knit,henley,364,Kolkata,Tier-1,Prepaid,normal,3,1,1,0,1,21,22,2026-03-10,1,False,0.22,True,38,18,Medium (35-65),Low (0-35)
PO001175,2026-02-16,V04,Tirupur,False,0.9,knit,hoodie,95,Ahmedabad,Tier-2,COD,normal,2,3,3,2,2,22,25,2026-03-13,3,False,0.316,False,36,53,Medium (35-65),Medium (35-65)
PO001342,2026-02-16,V02,Tirupur,False,0.88,knit,t-shirt,184,Chennai,Tier-1,Prepaid,normal,4,6,1,2,1,21,24,2026-03-12,3,False,0.22,False,38,18,Medium (35-65),Low (0-35)
PO001925,2026-02-16,V01,Tirupur,False,0.92,woven,denim-jacket,166,Bengaluru,Tier-1,Prepaid,normal,2,3,1,4,1,34,39,2026-03-27,5,False,0.264,False,39,37,Medium (35-65),Medium (35-65)
PO002450,2026-02-16,V03,Tirupur,False,0.85,woven,trouser,109,Chennai,Tier-1,COD,normal,3,5,0,2,1,34,37,2026-03-25,3,False,0.275,False,52,53,Medium (35-65),Medium (35-65)
PO003357,2026-02-16,V03,Tirupur,False,0.85,woven,overshirt,235,Surat,Tier-2,COD,normal,1,2,0,3,1,35,43,2026-03-31,8,True,0.344,False,43,60,Medium (35-65),Medium (35-65)
PO003557,2026-02-16,V02,Tirupur,False,0.88,knit,polo,211,Tiruchirappalli,Tier-3,Prepaid,normal,1,0,1,1,2,24,26,2026-03-14,2,False,0.264,False,34,32,Low (0-35),Low (0-35)
PO004995,2026-02-16,V05,Bengaluru,False,0.93,woven,chinos,361,Mumbai,Tier-1,COD,normal,8,0,2,2,1,34,34,2026-03-22,0,False,0.275,False,42,50,Medium (35-65),Medium (35-65)
PO000383,2026-02-17,V06,Bengaluru,False,0.89,knit,sweatshirt,118,Vadodara,Tier-2,Prepaid,normal,0,1,1,0,1,22,22,2026-03-11,0,False,0.22,False,19,22,Low (0-35),Low (0-35)
PO000650,2026-02-17,V08,Ludhiana,False,0.84,woven,chinos,50,Jaipur,Tier-2,Prepaid,normal,1,15,5,2,3,35,40,2026-03-29,5,False,0.299,True,58,57,Medium (35-65),Medium (35-65)
PO000845,2026-02-17,V02,Tirupur,False,0.88,knit,t-shirt,143,Raipur,Tier-3,Prepaid,normal,2,3,3,0,1,24,22,2026-03-11,-2,False,0.304,False,39,38,Medium (35-65),Medium (35-65)
PO000911,2026-02-17,V07,Ludhiana,False,0.87,woven,denim-jacket,307,Pune,Tier-2,Prepaid,normal,2,1,3,3,2,35,38,2026-03-27,3,False,0.253,False,32,33,Low (0-35),Low (0-35)
PO000960,2026-02-17,V04,Tirupur,False,0.9,knit,henley,151,Kolkata,Tier-1,Prepaid,normal,0,0,1,0,1,21,25,2026-03-14,4,False,0.22,False,24,18,Low (0-35),Low (0-35)
PO001567,2026-02-17,V01,Tirupur,False,0.92,woven,shirt,134,Ranchi,Tier-3,Prepaid,normal,4,2,0,0,1,37,38,2026-03-27,1,False,0.264,False,52,45,Medium (35-65),Medium (35-65)
PO001852,2026-02-17,V09,Delhi NCR,False,0.86,woven,trouser,58,Patna,Tier-3,COD,normal,1,4,0,2,2,37,39,2026-03-28,2,False,0.33,True,34,56,Low (0-35),Medium (35-65)
PO002088,2026-02-17,V02,Tirupur,False,0.88,knit,henley,242,Jodhpur,Tier-3,COD,normal,9,1,2,4,2,24,29,2026-03-18,5,False,0.396,True,45,76,Medium (35-65),High (65-100)
PO002477,2026-02-17,V02,Tirupur,False,0.88,knit,t-shirt,50,Chandigarh,Tier-2,Prepaid,normal,1,0,0,4,1,22,27,2026-03-16,5,False,0.264,False,32,39,Low (0-35),Medium (35-65)
PO002686,2026-02-17,V01,Tirupur,False,0.92,knit,henley,329,Jodhpur,Tier-3,COD,normal,0,3,4,2,2,24,30,2026-03-19,6,True,0.474,False,41,68,Medium (35-65),High (65-100)
PO002750,2026-02-17,V01,Tirupur,False,0.92,knit,henley,301,Surat,Tier-2,Prepaid,normal,1,0,1,1,1,22,22,2026-03-11,0,False,0.22,True,29,25,Low (0-35),Low (0-35)
PO003086,2026-02-17,V09,Delhi NCR,False,0.86,woven,shirt,406,Bengaluru,Tier-1,Prepaid,normal,3,3,4,2,1,34,34,2026-03-23,0,False,0.253,True,41,34,Medium (35-65),Low (0-35)
PO003973,2026-02-17,V11,Tirupur,True,0.75,woven,trouser,124,Tiruchirappalli,Tier-3,COD,normal,2,9,1,5,1,37,46,2026-04-04,9,True,0.569,True,100,100,High (65-100),High (65-100)
PO004973,2026-02-17,V03,Tirupur,False,0.85,knit,polo,188,Mumbai,Tier-1,COD,normal,2,2,1,0,1,21,23,2026-03-12,2,False,0.275,False,26,40,Low (0-35),Medium (35-65)
PO000357,2026-02-18,V02,Tirupur,False,0.88,knit,henley,330,Kolkata,Tier-1,Prepaid,normal,0,1,2,2,1,21,24,2026-03-14,3,False,0.22,False,24,18,Low (0-35),Low (0-35)
PO000555,2026-02-18,V08,Ludhiana,False,0.84,woven,chinos,303,Surat,Tier-2,COD,normal,6,2,1,5,1,35,32,2026-03-22,-3,False,0.33,True,50,77,Medium (35-65),High (65-100)
PO001279,2026-02-18,V01,Tirupur,False,0.92,knit,sweatshirt,199,Pune,Tier-2,COD,normal,1,5,3,2,3,22,26,2026-03-16,4,False,0.373,True,50,71,Medium (35-65),High (65-100)
PO001440,2026-02-18,V08,Ludhiana,False,0.84,woven,denim-jacket,152,Dehradun,Tier-3,COD,normal,0,3,8,3,2,37,36,2026-03-26,-1,False,0.38,False,51,76,Medium (35-65),High (65-100)
PO002076,2026-02-18,V05,Bengaluru,False,0.93,knit,hoodie,223,Coimbatore,Tier-2,COD,normal,1,1,2,1,1,22,23,2026-03-13,1,False,0.275,False,21,44,Low (0-35),Medium (35-65)
PO002771,2026-02-18,V01,Tirupur,False,0.92,knit,hoodie,284,Tiruchirappalli,Tier-3,COD,normal,3,0,1,1,1,24,30,2026-03-20,6,True,0.413,True,42,62,Medium (35-65),Medium (35-65)
PO003269,2026-02-18,V08,Ludhiana,False,0.84,woven,trouser,283,Raipur,Tier-3,Prepaid,normal,6,1,3,4,1,37,35,2026-03-25,-2,False,0.364,True,58,68,Medium (35-65),High (65-100)
PO003387,2026-02-18,V05,Bengaluru,False,0.93,knit,hoodie,347,Kochi,Tier-2,COD,normal,2,0,3,3,3,22,23,2026-03-13,1,False,0.373,False,32,60,Low (0-35),Medium (35-65)
PO003615,2026-02-18,V01,Tirupur,False,0.92,woven,shirt,242,Ranchi,Tier-3,Prepaid,normal,1,18,0,1,1,37,44,2026-04-03,7,True,0.33,True,54,45,Medium (35-65),Medium (35-65)
PO003862,2026-02-18,V02,Tirupur,False,0.88,knit,sweatshirt,142,Vijayawada,Tier-3,COD,normal,3,0,1,0,1,24,27,2026-03-17,3,False,0.33,True,42,62,Medium (35-65),Medium (35-65)
PO000530,2026-02-19,V05,Bengaluru,False,0.93,woven,denim-jacket,370,Ahmedabad,Tier-2,COD,normal,2,13,1,1,1,35,41,2026-04-01,6,True,0.344,False,49,57,Medium (35-65),Medium (35-65)
PO000531,2026-02-19,V05,Bengaluru,False,0.93,knit,sweatshirt,180,Indore,Tier-2,Prepaid,normal,1,1,0,1,2,22,23,2026-03-14,1,False,0.22,False,19,22,Low (0-35),Low (0-35)
PO000920,2026-02-19,V01,Tirupur,False,0.92,knit,henley,177,Raipur,Tier-3,COD,normal,7,2,2,4,1,24,33,2026-03-24,9,True,0.495,False,45,76,Medium (35-65),High (65-100)
PO001452,2026-02-19,V02,Tirupur,False,0.88,knit,hoodie,120,Patna,Tier-3,COD,normal,6,9,0,1,2,24,26,2026-03-17,2,False,0.33,False,50,62,Medium (35-65),Medium (35-65)
PO001932,2026-02-19,V05,Bengaluru,False,0.93,knit,hoodie,190,Delhi,Tier-1,Prepaid,normal,1,0,1,2,3,21,22,2026-03-13,1,False,0.26,False,20,25,Low (0-35),Low (0-35)
PO002484,2026-02-19,V02,Tirupur,False,0.88,knit,hoodie,217,Lucknow,Tier-2,Prepaid,normal,2,1,1,1,1,22,23,2026-03-14,1,False,0.22,False,29,25,Low (0-35),Low (0-35)
PO002562,2026-02-19,V01,Tirupur,False,0.92,knit,sweatshirt,86,Bengaluru,Tier-1,COD,normal,10,1,1,1,1,21,31,2026-03-22,10,True,0.344,False,32,40,Low (0-35),Medium (35-65)
PO003203,2026-02-19,V02,Tirupur,False,0.88,woven,chinos,219,Mysuru,Tier-3,Prepaid,normal,1,3,1,1,1,37,38,2026-03-29,1,False,0.264,False,46,45,Medium (35-65),Medium (35-65)
PO003513,2026-02-19,V04,Tirupur,False,0.9,knit,henley,152,Patna,Tier-3,COD,normal,0,1,2,1,2,24,27,2026-03-18,3,False,0.33,False,36,54,Medium (35-65),Medium (35-65)
PO004268,2026-02-19,V05,Bengaluru,False,0.93,knit,polo,211,Mysuru,Tier-3,Prepaid,normal,3,1,6,1,2,24,33,2026-03-24,9,True,0.38,False,35,35,Low (0-35),Low (0-35)
PO004711,2026-02-19,V02,Tirupur,False,0.88,woven,overshirt,274,Chandigarh,Tier-2,COD,normal,3,4,3,1,2,35,33,2026-03-24,-2,False,0.316,True,54,66,Medium (35-65),High (65-100)
PO004765,2026-02-19,V05,Bengaluru,False,0.93,knit,polo,229,Ranchi,Tier-3,Prepaid,normal,2,1,2,2,2,24,25,2026-03-16,1,False,0.264,False,24,29,Low (0-35),Low (0-35)
PO000505,2026-02-20,V02,Tirupur,False,0.88,knit,henley,103,Delhi,Tier-1,COD,normal,4,0,1,0,2,21,22,2026-03-14,1,False,0.275,False,32,40,Low (0-35),Medium (35-65)
PO000648,2026-02-20,V05,Bengaluru,False,0.93,knit,t-shirt,333,Bhubaneswar,Tier-3,COD,normal,2,1,6,3,2,24,25,2026-03-17,1,False,0.38,False,31,57,Low (0-35),Medium (35-65)
PO001233,2026-02-20,V05,Bengaluru,False,0.93,knit,t-shirt,281,Guwahati,Tier-3,COD,normal,1,1,0,4,1,24,22,2026-03-14,-2,False,0.396,False,29,65,Low (0-35),Medium (35-65)
PO002174,2026-02-20,V07,Ludhiana,False,0.87,knit,sweatshirt,269,Pune,Tier-2,COD,normal,1,1,0,1,2,22,22,2026-03-14,0,False,0.275,False,17,44,Low (0-35),Medium (35-65)
PO002300,2026-02-20,V01,Tirupur,False,0.92,knit,polo,60,Tiruchirappalli,Tier-3,COD,normal,1,1,1,2,1,24,27,2026-03-19,3,False,0.33,True,36,54,Medium (35-65),Medium (35-65)
PO002404,2026-02-20,V09,Delhi NCR,False,0.86,woven,denim-jacket,150,Ranchi,Tier-3,COD,normal,4,0,3,0,1,37,36,2026-03-28,-1,False,0.38,True,45,70,Medium (35-65),High (65-100)
PO002660,2026-02-20,V05,Bengaluru,False,0.93,knit,hoodie,167,Dehradun,Tier-3,COD,normal,1,1,2,1,3,24,25,2026-03-17,1,False,0.389,False,32,61,Low (0-35),Medium (35-65)
PO002984,2026-02-20,V07,Ludhiana,False,0.87,knit,henley,92,Indore,Tier-2,COD,normal,2,0,4,1,1,22,23,2026-03-15,1,False,0.316,False,22,50,Low (0-35),Medium (35-65)
PO003360,2026-02-20,V02,Tirupur,False,0.88,knit,sweatshirt,190,Mumbai,Tier-1,Prepaid,normal,2,0,1,1,1,21,23,2026-03-15,2,False,0.22,False,24,18,Low (0-35),Low (0-35)
PO004359,2026-02-20,V01,Tirupur,False,0.92,knit,sweatshirt,172,Vijayawada,Tier-3,Prepaid,normal,1,1,1,1,1,24,26,2026-03-18,2,False,0.264,False,34,32,Low (0-35),Low (0-35)
PO004505,2026-02-20,V05,Bengaluru,False,0.93,knit,henley,102,Mysuru,Tier-3,Prepaid,normal,5,1,2,2,3,24,30,2026-03-22,6,True,0.389,True,36,39,Medium (35-65),Medium (35-65)
PO001052,2026-02-21,V02,Tirupur,False,0.88,knit,henley,158,Vijayawada,Tier-3,COD,normal,0,1,5,2,3,24,27,2026-03-20,3,False,0.448,True,47,78,Medium (35-65),High (65-100)
PO001076,2026-02-21,V04,Tirupur,False,0.9,knit,polo,209,Jodhpur,Tier-3,Prepaid,normal,2,4,4,1,2,24,33,2026-03-26,9,True,0.38,False,39,38,Medium (35-65),Medium (35-65)
PO001766,2026-02-21,V05,Bengaluru,False,0.93,knit,t-shirt,256,Kolkata,Tier-1,Prepaid,normal,4,1,2,5,1,21,23,2026-03-16,2,False,0.264,True,23,29,Low (0-35),Low (0-35)
PO002339,2026-02-21,V01,Tirupur,False,0.92,knit,henley,232,Ranchi,Tier-3,Prepaid,normal,6,4,2,0,1,24,30,2026-03-23,6,True,0.33,False,40,40,Medium (35-65),Medium (35-65)
PO002645,2026-02-21,V08,Ludhiana,False,0.84,woven,shirt,70,Hyderabad,Tier-1,COD,normal,9,8,2,1,2,34,37,2026-03-30,3,False,0.275,False,50,56,Medium (35-65),Medium (35-65)
PO002692,2026-02-21,V02,Tirupur,False,0.88,knit,hoodie,113,Vadodara,Tier-2,COD,normal,1,0,0,2,1,22,21,2026-03-14,-1,False,0.275,False,31,47,Low (0-35),Medium (35-65)
PO002735,2026-02-21,V02,Tirupur,False,0.88,knit,t-shirt,114,Kochi,Tier-2,COD,normal,1,2,1,0,2,22,24,2026-03-17,2,False,0.275,False,31,47,Low (0-35),Medium (35-65)
PO002925,2026-02-21,V05,Bengaluru,False,0.93,woven,overshirt,178,Vadodara,Tier-2,Prepaid,normal,1,6,0,1,3,35,42,2026-04-04,7,True,0.325,False,45,45,Medium (35-65),Medium (35-65)
PO003469,2026-02-21,V06,Bengaluru,False,0.89,knit,henley,95,Mumbai,Tier-1,COD,normal,1,1,2,1,2,21,24,2026-03-17,3,False,0.275,False,16,37,Low (0-35),Medium (35-65)
PO003649,2026-02-21,V02,Tirupur,False,0.88,knit,hoodie,204,Coimbatore,Tier-2,Prepaid,normal,11,0,2,0,2,22,22,2026-03-15,0,False,0.22,False,35,25,Low (0-35),Low (0-35)
PO004004,2026-02-21,V07,Ludhiana,False,0.87,knit,sweatshirt,185,Ranchi,Tier-3,COD,normal,1,0,1,1,1,24,26,2026-03-19,2,False,0.33,False,22,51,Low (0-35),Medium (35-65)
PO004213,2026-02-21,V01,Tirupur,False,0.92,knit,hoodie,205,Chandigarh,Tier-2,COD,normal,15,1,2,1,1,22,27,2026-03-20,5,False,0.275,False,37,47,Medium (35-65),Medium (35-65)
PO000072,2026-02-22,V02,Tirupur,False,0.88,woven,trouser,251,Kolkata,Tier-1,Prepaid,normal,13,2,2,3,2,34,40,2026-04-03,6,True,0.275,True,42,31,Medium (35-65),Low (0-35)
PO000089,2026-02-22,V02,Tirupur,False,0.88,knit,sweatshirt,224,Hyderabad,Tier-1,COD,normal,1,1,2,5,1,21,27,2026-03-21,6,True,0.412,False,29,54,Low (0-35),Medium (35-65)
PO001230,2026-02-22,V01,Tirupur,False,0.92,knit,hoodie,287,Jodhpur,Tier-3,Prepaid,normal,10,6,0,1,3,24,30,2026-03-24,6,True,0.389,False,54,50,Medium (35-65),Medium (35-65)
PO001785,2026-02-22,V05,Bengaluru,False,0.93,woven,denim-jacket,320,Tiruchirappalli,Tier-3,Prepaid,normal,2,3,2,3,2,37,36,2026-03-30,-1,False,0.264,False,36,34,Medium (35-65),Low (0-35)
PO002081,2026-02-22,V01,Tirupur,False,0.92,knit,polo,304,Madurai,Tier-3,COD,normal,5,7,1,4,1,24,27,2026-03-21,3,False,0.396,True,53,76,Medium (35-65),High (65-100)
PO002287,2026-02-22,V04,Tirupur,False,0.9,knit,henley,364,Mumbai,Tier-1,Prepaid,normal,1,2,0,2,1,21,25,2026-03-19,4,False,0.22,False,32,18,Low (0-35),Low (0-35)
PO002338,2026-02-22,V01,Tirupur,False,0.92,knit,henley,234,Jaipur,Tier-2,COD,normal,1,1,1,5,1,22,24,2026-03-18,2,False,0.33,False,34,61,Low (0-35),Medium (35-65)
PO002783,2026-02-22,V09,Delhi NCR,False,0.86,woven,trouser,212,Vadodara,Tier-2,Prepaid,normal,6,1,3,0,1,35,35,2026-03-29,0,False,0.253,False,38,33,Medium (35-65),Low (0-35)
PO002817,2026-02-22,V08,Ludhiana,False,0.84,woven,overshirt,91,Surat,Tier-2,Prepaid,normal,0,5,1,5,1,35,32,2026-03-26,-3,False,0.264,False,50,55,Medium (35-65),Medium (35-65)
PO003083,2026-02-22,V01,Tirupur,False,0.92,knit,t-shirt,115,Bengaluru,Tier-1,COD,normal,1,13,1,3,2,21,22,2026-03-16,1,False,0.275,False,34,40,Low (0-35),Medium (35-65)
PO003860,2026-02-22,V05,Bengaluru,False,0.93,knit,sweatshirt,325,Tiruchirappalli,Tier-3,COD,normal,3,1,1,1,1,24,26,2026-03-20,2,False,0.33,False,32,51,Low (0-35),Medium (35-65)
PO003935,2026-02-22,V05,Bengaluru,False,0.93,knit,sweatshirt,150,Hyderabad,Tier-1,COD,normal,1,0,1,0,1,21,22,2026-03-16,1,False,0.275,False,16,37,Low (0-35),Medium (35-65)
PO000475,2026-02-23,V04,Tirupur,False,0.9,knit,polo,97,Kolkata,Tier-1,Prepaid,normal,1,0,4,0,1,21,27,2026-03-22,6,True,0.316,False,29,24,Low (0-35),Low (0-35)
PO000798,2026-02-23,V02,Tirupur,False,0.88,knit,henley,263,Ahmedabad,Tier-2,COD,normal,2,1,3,2,1,22,25,2026-03-20,3,False,0.316,False,36,53,Medium (35-65),Medium (35-65)
PO000991,2026-02-23,V01,Tirupur,False,0.92,knit,sweatshirt,143,Ahmedabad,Tier-2,COD,normal,1,0,3,3,1,22,26,2026-03-21,4,False,0.316,True,36,53,Medium (35-65),Medium (35-65)
PO001082,2026-02-23,V04,Tirupur,False,0.9,knit,henley,248,Raipur,Tier-3,Prepaid,normal,1,0,1,3,1,24,34,2026-03-29,10,True,0.33,True,34,32,Low (0-35),Low (0-35)
PO001637,2026-02-23,V05,Bengaluru,False,0.93,knit,henley,113,Surat,Tier-2,Prepaid,normal,7,4,2,2,1,22,24,2026-03-19,2,False,0.22,False,25,22,Low (0-35),Low (0-35)
PO002065,2026-02-23,V10,Delhi NCR,False,0.82,knit,sweatshirt,187,Patna,Tier-3,COD,normal,3,4,2,4,2,24,27,2026-03-22,3,False,0.396,False,43,79,Medium (35-65),High (65-100)
PO002182,2026-02-23,V07,Ludhiana,False,0.87,woven,chinos,305,Surat,Tier-2,Prepaid,normal,3,4,1,3,1,35,33,2026-03-28,-2,False,0.22,False,33,27,Low (0-35),Low (0-35)
PO002434,2026-02-23,V01,Tirupur,False,0.92,knit,polo,305,Jodhpur,Tier-3,COD,normal,2,2,1,1,2,24,26,2026-03-21,2,False,0.33,False,36,54,Medium (35-65),Medium (35-65)
PO002820,2026-02-23,V06,Bengaluru,False,0.89,knit,t-shirt,242,Bengaluru,Tier-1,COD,normal,5,1,1,4,1,21,21,2026-03-16,0,False,0.33,False,25,51,Low (0-35),Medium (35-65)
PO003004,2026-02-23,V04,Tirupur,False,0.9,knit,t-shirt,259,Chandigarh,Tier-2,Prepaid,normal,1,5,1,0,1,22,25,2026-03-20,3,False,0.22,True,37,25,Medium (35-65),Low (0-35)
PO003534,2026-02-23,V02,Tirupur,False,0.88,woven,chinos,192,Pune,Tier-2,Prepaid,normal,4,1,0,1,3,35,41,2026-04-05,6,True,0.325,False,53,48,Medium (35-65),Medium (35-65)
PO003769,2026-02-23,V05,Bengaluru,False,0.93,woven,shirt,258,Vijayawada,Tier-3,COD,normal,2,0,0,1,1,37,42,2026-04-06,5,False,0.33,False,38,56,Medium (35-65),Medium (35-65)
PO004054,2026-02-23,V03,Tirupur,False,0.85,knit,hoodie,255,Chandigarh,Tier-2,Prepaid,normal,1,0,3,4,2,22,27,2026-03-22,5,False,0.304,True,37,45,Medium (35-65),Medium (35-65)
PO004713,2026-02-23,V02,Tirupur,False,0.88,woven,denim-jacket,128,Indore,Tier-2,COD,normal,0,1,2,0,1,35,36,2026-03-31,1,False,0.275,True,43,60,Medium (35-65),Medium (35-65)
PO004749,2026-02-23,V06,Bengaluru,False,0.89,woven,denim-jacket,264,Surat,Tier-2,COD,normal,6,2,1,1,2,35,33,2026-03-28,-2,False,0.275,False,39,49,Medium (35-65),Medium (35-65)
PO000242,2026-02-24,V01,Tirupur,False,0.92,woven,trouser,173,Patna,Tier-3,Prepaid,normal,1,11,1,1,1,37,48,2026-04-13,11,True,0.33,False,54,45,Medium (35-65),Medium (35-65)
PO000675,2026-02-24,V05,Bengaluru,False,0.93,knit,sweatshirt,220,Guwahati,Tier-3,COD,normal,0,0,1,1,1,24,29,2026-03-25,5,False,0.33,False,26,51,Low (0-35),Medium (35-65)
PO000687,2026-02-24,V02,Tirupur,False,0.88,knit,hoodie,142,Dehradun,Tier-3,COD,normal,2,1,0,0,2,24,31,2026-03-27,7,True,0.413,True,36,54,Medium (35-65),Medium (35-65)
PO000959,2026-02-24,V01,Tirupur,False,0.92,woven,denim-jacket,204,Pune,Tier-2,Prepaid,normal,1,2,5,2,1,35,39,2026-04-04,4,False,0.253,False,46,44,Medium (35-65),Medium (35-65)
PO001217,2026-02-24,V05,Bengaluru,False,0.93,woven,denim-jacket,180,Nagpur,Tier-3,COD,normal,3,2,1,0,1,37,37,2026-04-02,0,False,0.33,False,44,64,Medium (35-65),Medium (35-65)
PO001240,2026-02-24,V01,Tirupur,False,0.92,knit,t-shirt,63,Chandigarh,Tier-2,Prepaid,normal,5,0,1,2,3,22,25,2026-03-21,3,False,0.26,True,41,43,Medium (35-65),Medium (35-65)
PO001269,2026-02-24,V01,Tirupur,False,0.92,knit,sweatshirt,200,Jodhpur,Tier-3,COD,normal,2,1,2,1,1,24,27,2026-03-23,3,False,0.33,False,36,54,Medium (35-65),Medium (35-65)
PO001566,2026-02-24,V01,Tirupur,False,0.92,knit,henley,189,Guwahati,Tier-3,COD,normal,4,1,1,1,1,24,34,2026-03-30,10,True,0.413,True,42,62,Medium (35-65),Medium (35-65)
PO001605,2026-02-24,V01,Tirupur,False,0.92,knit,henley,156,Jaipur,Tier-2,Prepaid,normal,6,3,3,1,3,22,31,2026-03-27,9,True,0.373,True,46,49,Medium (35-65),Medium (35-65)
PO002232,2026-02-24,V02,Tirupur,False,0.88,knit,hoodie,238,Bhubaneswar,Tier-3,Prepaid,normal,1,1,0,1,1,24,24,2026-03-20,0,False,0.264,False,34,32,Low (0-35),Low (0-35)
PO003075,2026-02-24,V09,Delhi NCR,False,0.86,woven,overshirt,225,Kochi,Tier-2,Prepaid,normal,2,6,2,3,1,35,34,2026-03-30,-1,False,0.22,False,35,27,Low (0-35),Low (0-35)
PO003964,2026-02-24,V06,Bengaluru,False,0.89,knit,henley,79,Vadodara,Tier-2,COD,normal,2,1,2,2,3,22,19,2026-03-15,-3,False,0.325,False,27,54,Low (0-35),Medium (35-65)
PO004230,2026-02-24,V09,Delhi NCR,False,0.86,knit,hoodie,83,Vijayawada,Tier-3,COD,normal,2,0,2,4,1,24,26,2026-03-22,2,False,0.396,True,25,65,Low (0-35),Medium (35-65)
PO000171,2026-02-25,V02,Tirupur,False,0.88,knit,sweatshirt,361,Kolkata,Tier-1,Prepaid,normal,1,1,1,1,2,21,24,2026-03-21,3,False,0.22,False,32,18,Low (0-35),Low (0-35)
PO000361,2026-02-25,V02,Tirupur,False,0.88,woven,denim-jacket,205,Surat,Tier-2,Prepaid,normal,0,11,1,0,1,35,38,2026-04-04,3,False,0.22,True,49,38,Medium (35-65),Medium (35-65)
PO000494,2026-02-25,V09,Delhi NCR,False,0.86,woven,denim-jacket,134,Patna,Tier-3,Prepaid,normal,13,2,3,3,1,37,42,2026-04-08,5,False,0.304,False,43,48,Medium (35-65),Medium (35-65)
PO001341,2026-02-25,V01,Tirupur,False,0.92,knit,hoodie,196,Vijayawada,Tier-3,Prepaid,normal,3,0,2,5,1,24,28,2026-03-25,4,False,0.317,True,43,54,Medium (35-65),Medium (35-65)
PO001681,2026-02-25,V01,Tirupur,False,0.92,woven,trouser,387,Dehradun,Tier-3,COD,normal,3,7,1,1,1,37,41,2026-04-07,4,False,0.33,False,70,74,High (65-100),High (65-100)
PO001760,2026-02-25,V04,Tirupur,False,0.9,knit,sweatshirt,157,Delhi,Tier-1,COD,normal,4,0,2,4,2,21,24,2026-03-21,3,False,0.33,True,35,54,Low (0-35),Medium (35-65)
PO001817,2026-02-25,V01,Tirupur,False,0.92,knit,henley,341,Mumbai,Tier-1,Prepaid,normal,1,4,2,2,2,21,20,2026-03-17,-1,False,0.22,False,24,18,Low (0-35),Low (0-35)
PO002437,2026-02-25,V05,Bengaluru,False,0.93,knit,sweatshirt,219,Bengaluru,Tier-1,COD,normal,3,1,0,0,3,21,22,2026-03-19,1,False,0.325,False,28,47,Low (0-35),Medium (35-65)
PO002512,2026-02-25,V02,Tirupur,False,0.88,knit,t-shirt,214,Mysuru,Tier-3,COD,normal,1,1,1,1,1,24,29,2026-03-26,5,False,0.33,False,36,54,Medium (35-65),Medium (35-65)
PO002516,2026-02-25,V10,Delhi NCR,False,0.82,woven,trouser,236,Ranchi,Tier-3,COD,normal,6,1,5,4,1,37,38,2026-04-04,1,False,0.455,True,60,97,Medium (35-65),High (65-100)
PO002723,2026-02-25,V01,Tirupur,False,0.92,knit,sweatshirt,175,Kochi,Tier-2,COD,normal,1,0,2,3,2,22,25,2026-03-22,3,False,0.275,False,31,47,Low (0-35),Medium (35-65)
PO003522,2026-02-25,V02,Tirupur,False,0.88,woven,trouser,181,Jaipur,Tier-2,COD,normal,1,6,1,0,1,35,40,2026-04-06,5,False,0.275,False,51,60,Medium (35-65),Medium (35-65)
PO003563,2026-02-25,V06,Bengaluru,False,0.89,knit,t-shirt,92,Madurai,Tier-3,COD,normal,1,1,3,0,2,24,30,2026-03-27,6,True,0.474,True,31,57,Low (0-35),Medium (35-65)
PO004818,2026-02-25,V02,Tirupur,False,0.88,knit,sweatshirt,50,Jaipur,Tier-2,COD,normal,6,1,3,2,3,22,30,2026-03-27,8,True,0.466,True,48,71,Medium (35-65),High (65-100)
PO004864,2026-02-25,V02,Tirupur,False,0.88,knit,hoodie,281,Mumbai,Tier-1,COD,normal,1,1,1,1,1,21,25,2026-03-22,4,False,0.275,True,26,40,Low (0-35),Medium (35-65)
PO004941,2026-02-25,V01,Tirupur,False,0.92,knit,polo,168,Mumbai,Tier-1,Prepaid,normal,3,3,2,4,3,21,24,2026-03-21,3,False,0.312,False,39,42,Medium (35-65),Medium (35-65)
PO000545,2026-02-26,V05,Bengaluru,False,0.93,knit,henley,280,Dehradun,Tier-3,COD,normal,1,0,0,1,1,24,30,2026-03-28,6,True,0.413,False,26,51,Low (0-35),Medium (35-65)
PO001337,2026-02-26,V01,Tirupur,False,0.92,knit,t-shirt,82,Kolkata,Tier-1,Prepaid,normal,2,1,3,2,1,21,24,2026-03-22,3,False,0.253,False,29,24,Low (0-35),Low (0-35)
PO001381,2026-02-26,V11,Tirupur,True,0.75,knit,polo,190,Jaipur,Tier-2,COD,normal,1,0,2,2,3,22,30,2026-03-28,8,True,0.466,False,81,90,High (65-100),High (65-100)
PO002835,2026-02-26,V09,Delhi NCR,False,0.86,knit,hoodie,277,Bengaluru,Tier-1,Prepaid,normal,1,2,3,1,2,21,21,2026-03-19,0,False,0.253,False,15,21,Low (0-35),Low (0-35)
PO003142,2026-02-26,V01,Tirupur,False,0.92,knit,henley,264,Lucknow,Tier-2,COD,normal,4,0,1,1,1,22,29,2026-03-27,7,True,0.344,False,37,47,Medium (35-65),Medium (35-65)
PO003781,2026-02-26,V09,Delhi NCR,False,0.86,woven,denim-jacket,274,Mysuru,Tier-3,COD,normal,3,5,4,0,1,37,41,2026-04-08,4,False,0.38,False,53,70,Medium (35-65),High (65-100)
PO003813,2026-02-26,V05,Bengaluru,False,0.93,knit,sweatshirt,207,Mysuru,Tier-3,Prepaid,normal,1,1,5,2,3,24,24,2026-03-22,0,False,0.358,True,35,45,Low (0-35),Medium (35-65)
PO004265,2026-02-26,V08,Ludhiana,False,0.84,woven,denim-jacket,173,Kochi,Tier-2,COD,normal,2,2,3,2,1,35,32,2026-03-30,-3,False,0.316,False,46,69,Medium (35-65),High (65-100)
PO004372,2026-02-26,V03,Tirupur,False,0.85,knit,hoodie,192,Tiruchirappalli,Tier-3,Prepaid,normal,0,1,4,2,1,24,27,2026-03-25,3,False,0.304,True,39,38,Medium (35-65),Medium (35-65)
PO004441,2026-02-26,V04,Tirupur,False,0.9,knit,sweatshirt,50,Lucknow,Tier-2,COD,normal,1,0,1,1,1,22,25,2026-03-23,3,False,0.275,False,31,47,Low (0-35),Medium (35-65)
PO004578,2026-02-26,V01,Tirupur,False,0.92,knit,henley,81,Jaipur,Tier-2,Prepaid,normal,3,1,2,2,3,22,31,2026-03-29,9,True,0.325,True,41,43,Medium (35-65),Medium (35-65)
PO004809,2026-02-26,V03,Tirupur,False,0.85,knit,hoodie,203,Nagpur,Tier-3,COD,normal,5,0,1,2,2,24,28,2026-03-26,4,False,0.33,True,42,62,Medium (35-65),Medium (35-65)
PO000885,2026-02-27,V08,Ludhiana,False,0.84,woven,chinos,204,Indore,Tier-2,COD,normal,3,1,2,3,1,35,37,2026-04-05,2,False,0.275,False,47,63,Medium (35-65),Medium (35-65)
PO001058,2026-02-27,V02,Tirupur,False,0.88,knit,t-shirt,235,Jaipur,Tier-2,COD,normal,0,0,0,2,1,22,23,2026-03-22,1,False,0.275,False,31,47,Low (0-35),Medium (35-65)
PO001418,2026-02-27,V03,Tirupur,False,0.85,knit,henley,61,Nagpur,Tier-3,Prepaid,normal,4,0,1,2,2,24,23,2026-03-22,-1,False,0.264,True,40,40,Medium (35-65),Medium (35-65)
PO001636,2026-02-27,V06,Bengaluru,False,0.89,woven,denim-jacket,285,Hyderabad,Tier-1,COD,normal,6,2,1,3,3,34,33,2026-04-01,-1,False,0.325,False,40,60,Medium (35-65),Medium (35-65)
PO001656,2026-02-27,V02,Tirupur,False,0.88,knit,t-shirt,130,Jaipur,Tier-2,Prepaid,normal,6,0,2,1,1,22,30,2026-03-29,8,True,0.275,False,35,25,Low (0-35),Low (0-35)
PO003650,2026-02-27,V03,Tirupur,False,0.85,knit,henley,138,Ahmedabad,Tier-2,Prepaid,normal,5,5,1,2,3,22,26,2026-03-25,4,False,0.26,False,49,43,Medium (35-65),Medium (35-65)
PO003786,2026-02-27,V07,Ludhiana,False,0.87,knit,sweatshirt,299,Chennai,Tier-1,COD,normal,6,4,1,0,1,21,25,2026-03-24,4,False,0.275,True,18,37,Low (0-35),Medium (35-65)
PO004321,2026-02-27,V01,Tirupur,False,0.92,knit,sweatshirt,255,Mumbai,Tier-1,COD,normal,2,1,1,2,1,21,22,2026-03-21,1,False,0.275,False,26,40,Low (0-35),Medium (35-65)
PO004448,2026-02-27,V02,Tirupur,False,0.88,knit,t-shirt,215,Lucknow,Tier-2,COD,normal,1,1,2,1,1,22,24,2026-03-23,2,False,0.275,False,31,47,Low (0-35),Medium (35-65)
PO004471,2026-02-27,V07,Ludhiana,False,0.87,knit,polo,50,Pune,Tier-2,Prepaid,normal,1,2,2,3,3,22,22,2026-03-21,0,False,0.26,False,21,32,Low (0-35),Low (0-35)
PO004541,2026-02-27,V03,Tirupur,False,0.85,knit,sweatshirt,50,Nagpur,Tier-3,COD,normal,1,1,0,2,3,24,31,2026-03-30,7,True,0.487,False,42,72,Medium (35-65),High (65-100)
PO000163,2026-02-28,V05,Bengaluru,False,0.93,knit,henley,178,Kolkata,Tier-1,COD,normal,3,3,5,1,2,21,23,2026-03-23,2,False,0.316,False,27,43,Low (0-35),Medium (35-65)
PO000237,2026-02-28,V03,Tirupur,False,0.85,knit,polo,50,Hyderabad,Tier-1,COD,normal,5,1,2,2,1,21,21,2026-03-21,0,False,0.275,False,32,40,Low (0-35),Medium (35-65)
PO000621,2026-02-28,V01,Tirupur,False,0.92,knit,sweatshirt,201,Lucknow,Tier-2,COD,normal,8,2,3,2,1,22,27,2026-03-27,5,False,0.316,False,42,61,Medium (35-65),Medium (35-65)
PO000623,2026-02-28,V01,Tirupur,False,0.92,knit,polo,124,Bhubaneswar,Tier-3,COD,normal,4,1,1,2,1,24,22,2026-03-22,-2,False,0.33,True,42,62,Medium (35-65),Medium (35-65)
PO001547,2026-02-28,V03,Tirupur,False,0.85,woven,shirt,298,Raipur,Tier-3,Prepaid,normal,1,1,8,1,2,37,43,2026-04-12,6,True,0.38,False,51,51,Medium (35-65),Medium (35-65)
PO002371,2026-02-28,V08,Ludhiana,False,0.84,woven,trouser,186,Indore,Tier-2,COD,normal,1,10,3,2,2,35,37,2026-04-06,2,False,0.316,False,54,69,Medium (35-65),High (65-100)
PO002422,2026-02-28,V01,Tirupur,False,0.92,knit,polo,262,Bengaluru,Tier-1,Prepaid,normal,6,0,3,2,2,21,25,2026-03-25,4,False,0.253,False,35,24,Low (0-35),Low (0-35)
PO002549,2026-02-28,V01,Tirupur,False,0.92,knit,sweatshirt,148,Kolkata,Tier-1,Prepaid,normal,3,2,3,0,1,21,24,2026-03-24,3,False,0.253,False,35,24,Low (0-35),Low (0-35)
PO002568,2026-02-28,V01,Tirupur,False,0.92,woven,denim-jacket,123,Madurai,Tier-3,COD,normal,1,2,0,1,1,37,45,2026-04-14,8,True,0.413,False,48,67,Medium (35-65),High (65-100)
PO002989,2026-02-28,V02,Tirupur,False,0.88,knit,polo,277,Hyderabad,Tier-1,COD,normal,7,3,2,1,2,21,27,2026-03-27,6,True,0.344,False,32,40,Low (0-35),Medium (35-65)
PO003194,2026-02-28,V03,Tirupur,False,0.85,woven,shirt,440,Mumbai,Tier-1,COD,normal,7,2,4,1,2,34,41,2026-04-10,7,True,0.395,True,57,59,Medium (35-65),Medium (35-65)
PO003204,2026-02-28,V02,Tirupur,False,0.88,knit,henley,177,Raipur,Tier-3,COD,normal,2,9,4,0,1,24,26,2026-03-26,2,False,0.38,True,49,68,Medium (35-65),High (65-100)
PO003943,2026-02-28,V05,Bengaluru,False,0.93,knit,henley,163,Lucknow,Tier-2,Prepaid,normal,6,7,1,0,1,22,24,2026-03-24,2,False,0.22,False,33,22,Low (0-35),Low (0-35)
PO004418,2026-02-28,V02,Tirupur,False,0.88,knit,t-shirt,133,Vadodara,Tier-2,Prepaid,normal,3,1,4,5,1,22,25,2026-03-25,3,False,0.304,False,43,53,Medium (35-65),Medium (35-65)
PO000028,2026-03-01,V07,Ludhiana,False,0.87,knit,sweatshirt,146,Kochi,Tier-2,Prepaid,normal,6,0,5,1,1,22,25,2026-03-26,3,False,0.253,True,26,28,Low (0-35),Low (0-35)
PO000642,2026-03-01,V10,Delhi NCR,False,0.82,woven,trouser,137,Bhubaneswar,Tier-3,COD,normal,1,2,2,2,1,37,37,2026-04-07,0,False,0.33,False,46,70,Medium (35-65),High (65-100)
PO000705,2026-03-01,V05,Bengaluru,False,0.93,knit,t-shirt,233,Indore,Tier-2,COD,normal,1,1,1,1,1,22,24,2026-03-25,2,False,0.275,False,21,44,Low (0-35),Medium (35-65)
PO000751,2026-03-01,V01,Tirupur,False,0.92,knit,sweatshirt,63,Ahmedabad,Tier-2,Prepaid,normal,3,1,1,0,1,22,27,2026-03-28,5,False,0.22,False,35,25,Low (0-35),Low (0-35)
PO001072,2026-03-01,V01,Tirupur,False,0.92,knit,henley,50,Kolkata,Tier-1,Prepaid,normal,12,1,9,2,3,21,27,2026-03-28,6,True,0.373,True,41,42,Medium (35-65),Medium (35-65)
PO001387,2026-03-01,V05,Bengaluru,False,0.93,woven,denim-jacket,204,Hyderabad,Tier-1,Prepaid,normal,1,4,3,0,2,34,37,2026-04-07,3,False,0.253,False,31,26,Low (0-35),Low (0-35)
PO002095,2026-03-01,V09,Delhi NCR,False,0.86,woven,shirt,261,Delhi,Tier-1,COD,normal,2,3,3,1,1,34,32,2026-04-02,-2,False,0.316,False,29,48,Low (0-35),Medium (35-65)
PO002860,2026-03-01,V02,Tirupur,False,0.88,knit,henley,211,Lucknow,Tier-2,COD,normal,1,1,4,0,3,22,27,2026-03-28,5,False,0.373,True,42,71,Medium (35-65),High (65-100)
PO002990,2026-03-01,V01,Tirupur,False,0.92,knit,henley,208,Indore,Tier-2,Prepaid,normal,0,1,0,1,1,22,28,2026-03-29,6,True,0.275,True,29,25,Low (0-35),Low (0-35)
PO003275,2026-03-01,V02,Tirupur,False,0.88,knit,t-shirt,301,Mysuru,Tier-3,Prepaid,normal,7,1,4,1,1,24,28,2026-03-29,4,False,0.304,False,45,46,Medium (35-65),Medium (35-65)
PO003795,2026-03-01,V07,Ludhiana,False,0.87,knit,sweatshirt,183,Vadodara,Tier-2,COD,normal,3,7,1,1,2,22,28,2026-03-29,6,True,0.344,True,31,44,Low (0-35),Medium (35-65)
PO004563,2026-03-01,V06,Bengaluru,False,0.89,knit,polo,161,Coimbatore,Tier-2,COD,normal,1,2,5,0,3,22,25,2026-03-26,3,False,0.373,False,32,60,Low (0-35),Medium (35-65)
PO004798,2026-03-01,V01,Tirupur,False,0.92,knit,henley,115,Dehradun,Tier-3,COD,normal,1,1,2,2,2,24,25,2026-03-26,1,False,0.33,False,36,54,Medium (35-65),Medium (35-65)
PO000018,2026-03-02,V08,Ludhiana,False,0.84,knit,hoodie,306,Delhi,Tier-1,Prepaid,normal,4,1,1,2,2,21,21,2026-03-23,0,False,0.22,False,28,21,Low (0-35),Low (0-35)
PO000102,2026-03-02,V05,Bengaluru,False,0.93,knit,t-shirt,231,Kolkata,Tier-1,Prepaid,normal,15,1,3,2,3,21,26,2026-03-28,5,False,0.299,True,31,31,Low (0-35),Low (0-35)
PO000240,2026-03-02,V02,Tirupur,False,0.88,woven,overshirt,195,Lucknow,Tier-2,Prepaid,normal,5,0,1,1,1,35,43,2026-04-14,8,True,0.275,False,47,38,Medium (35-65),Medium (35-65)
PO000244,2026-03-02,V02,Tirupur,False,0.88,knit,henley,276,Jaipur,Tier-2,Prepaid,normal,1,2,1,1,1,22,27,2026-03-29,5,False,0.22,False,29,25,Low (0-35),Low (0-35)
PO000854,2026-03-02,V09,Delhi NCR,False,0.86,woven,trouser,177,Delhi,Tier-1,Prepaid,normal,1,3,2,0,1,34,39,2026-04-10,5,False,0.22,False,22,20,Low (0-35),Low (0-35)
PO001239,2026-03-02,V01,Tirupur,False,0.92,knit,hoodie,168,Bhubaneswar,Tier-3,COD,normal,5,1,3,2,3,24,33,2026-04-04,9,True,0.56,False,53,78,Medium (35-65),High (65-100)
PO001634,2026-03-02,V05,Bengaluru,False,0.93,knit,sweatshirt,154,Tiruchirappalli,Tier-3,COD,normal,0,3,5,3,2,24,25,2026-03-27,1,False,0.38,True,31,57,Low (0-35),Medium (35-65)
PO001803,2026-03-02,V02,Tirupur,False,0.88,knit,t-shirt,232,Indore,Tier-2,Prepaid,normal,4,1,1,3,2,22,27,2026-03-29,5,False,0.22,True,35,25,Low (0-35),Low (0-35)
PO001871,2026-03-02,V09,Delhi NCR,False,0.86,woven,trouser,278,Nagpur,Tier-3,COD,normal,5,4,1,2,1,37,38,2026-04-09,1,False,0.33,True,40,64,Medium (35-65),Medium (35-65)
PO002829,2026-03-02,V01,Tirupur,False,0.92,knit,sweatshirt,187,Kochi,Tier-2,Prepaid,normal,15,1,1,1,3,22,26,2026-03-28,4,False,0.26,False,41,43,Medium (35-65),Medium (35-65)
PO004156,2026-03-02,V08,Ludhiana,False,0.84,woven,trouser,362,Chennai,Tier-1,Prepaid,normal,1,1,3,4,1,34,32,2026-04-03,-2,False,0.304,False,50,54,Medium (35-65),Medium (35-65)
PO004927,2026-03-02,V02,Tirupur,False,0.88,knit,henley,172,Indore,Tier-2,Prepaid,normal,2,2,1,1,2,22,26,2026-03-28,4,False,0.22,True,29,25,Low (0-35),Low (0-35)
PO000541,2026-03-03,V02,Tirupur,False,0.88,knit,hoodie,113,Nagpur,Tier-3,COD,normal,1,1,1,3,2,24,25,2026-03-28,1,False,0.33,False,36,54,Medium (35-65),Medium (35-65)
PO001123,2026-03-03,V06,Bengaluru,False,0.89,knit,sweatshirt,345,Jaipur,Tier-2,COD,normal,1,6,1,1,1,22,25,2026-03-28,3,False,0.275,False,29,44,Low (0-35),Medium (35-65)
PO002016,2026-03-03,V02,Tirupur,False,0.88,woven,trouser,240,Kochi,Tier-2,COD,normal,0,2,1,1,3,35,44,2026-04-16,9,True,0.406,False,49,70,Medium (35-65),High (65-100)
PO002185,2026-03-03,V08,Ludhiana,False,0.84,knit,hoodie,169,Kochi,Tier-2,Prepaid,normal,4,1,1,0,2,22,26,2026-03-29,4,False,0.22,False,33,28,Low (0-35),Low (0-35)
PO002306,2026-03-03,V01,Tirupur,False,0.92,knit,sweatshirt,50,Pune,Tier-2,COD,normal,3,8,1,1,2,22,30,2026-04-02,8,True,0.344,True,45,55,Medium (35-65),Medium (35-65)
PO002674,2026-03-03,V02,Tirupur,False,0.88,knit,hoodie,276,Vadodara,Tier-2,Prepaid,normal,3,2,1,0,1,22,23,2026-03-26,1,False,0.22,False,35,25,Low (0-35),Low (0-35)
PO004019,2026-03-03,V02,Tirupur,False,0.88,knit,hoodie,146,Mysuru,Tier-3,COD,normal,1,1,1,1,2,24,27,2026-03-30,3,False,0.33,False,36,54,Medium (35-65),Medium (35-65)
PO004118,2026-03-03,V06,Bengaluru,False,0.89,knit,hoodie,199,Pune,Tier-2,COD,normal,1,3,1,1,1,22,25,2026-03-28,3,False,0.275,True,21,44,Low (0-35),Medium (35-65)
PO004724,2026-03-03,V10,Delhi NCR,False,0.82,woven,trouser,274,Kochi,Tier-2,COD,normal,3,6,1,2,1,35,33,2026-04-05,-2,False,0.275,True,55,63,Medium (35-65),Medium (35-65)
PO004923,2026-03-03,V05,Bengaluru,False,0.93,woven,chinos,50,Hyderabad,Tier-1,Prepaid,normal,0,4,3,3,1,34,40,2026-04-12,6,True,0.316,False,31,26,Low (0-35),Low (0-35)
PO004964,2026-03-03,V08,Ludhiana,False,0.84,woven,trouser,50,Dehradun,Tier-3,COD,normal,4,9,1,5,2,37,47,2026-04-19,10,True,0.495,True,63,91,Medium (35-65),High (65-100)
PO000967,2026-03-04,V07,Ludhiana,False,0.87,woven,chinos,149,Kolkata,Tier-1,COD,normal,0,1,6,1,1,34,30,2026-04-03,-4,False,0.316,False,29,48,Low (0-35),Medium (35-65)
PO001056,2026-03-04,V01,Tirupur,False,0.92,knit,hoodie,261,Madurai,Tier-3,COD,normal,4,0,2,3,1,24,27,2026-03-31,3,False,0.33,False,42,62,Medium (35-65),Medium (35-65)
PO001226,2026-03-04,V01,Tirupur,False,0.92,knit,henley,139,Bhubaneswar,Tier-3,Prepaid,normal,7,0,2,1,1,24,30,2026-04-03,6,True,0.33,False,40,40,Medium (35-65),Medium (35-65)
PO002449,2026-03-04,V07,Ludhiana,False,0.87,knit,henley,129,Mysuru,Tier-3,Prepaid,normal,1,1,3,2,2,24,25,2026-03-29,1,False,0.304,False,25,35,Low (0-35),Low (0-35)
PO002847,2026-03-04,V01,Tirupur,False,0.92,knit,henley,145,Surat,Tier-2,COD,normal,15,0,2,1,1,22,32,2026-04-05,10,True,0.344,False,37,47,Medium (35-65),Medium (35-65)
PO003825,2026-03-04,V09,Delhi NCR,False,0.86,knit,henley,273,Surat,Tier-2,COD,normal,1,1,1,6,2,22,22,2026-03-26,0,False,0.33,False,20,58,Low (0-35),Medium (35-65)
PO004021,2026-03-04,V01,Tirupur,False,0.92,knit,henley,333,Ahmedabad,Tier-2,COD,normal,1,1,10,5,1,22,23,2026-03-27,1,False,0.38,True,39,67,Medium (35-65),High (65-100)
PO004465,2026-03-04,V03,Tirupur,False,0.85,knit,sweatshirt,90,Vadodara,Tier-2,COD,normal,1,0,6,0,2,22,25,2026-03-29,3,False,0.316,False,36,53,Medium (35-65),Medium (35-65)
PO004516,2026-03-04,V05,Bengaluru,False,0.93,woven,shirt,107,Delhi,Tier-1,Prepaid,normal,2,3,1,3,2,34,35,2026-04-08,1,False,0.22,False,26,20,Low (0-35),Low (0-35)
PO004988,2026-03-04,V01,Tirupur,False,0.92,knit,polo,244,Lucknow,Tier-2,COD,normal,1,4,1,0,1,22,26,2026-03-30,4,False,0.275,False,31,47,Low (0-35),Medium (35-65)
PO001093,2026-03-05,V02,Tirupur,False,0.88,knit,henley,122,Kolkata,Tier-1,COD,normal,2,0,2,0,1,21,20,2026-03-25,-1,False,0.275,False,26,40,Low (0-35),Medium (35-65)
PO001573,2026-03-05,V01,Tirupur,False,0.92,woven,overshirt,382,Lucknow,Tier-2,Prepaid,normal,4,2,1,1,1,35,37,2026-04-11,2,False,0.22,True,55,38,Medium (35-65),Medium (35-65)
PO002554,2026-03-05,V01,Tirupur,False,0.92,knit,henley,378,Delhi,Tier-1,COD,normal,1,1,1,0,3,21,26,2026-03-31,5,False,0.325,False,40,58,Medium (35-65),Medium (35-65)
PO003276,2026-03-05,V05,Bengaluru,False,0.93,knit,polo,147,Kolkata,Tier-1,COD,normal,2,1,1,0,1,21,23,2026-03-28,2,False,0.275,False,16,37,Low (0-35),Medium (35-65)
PO003347,2026-03-05,V06,Bengaluru,False,0.89,knit,polo,50,Chandigarh,Tier-2,COD,normal,4,0,1,0,1,22,27,2026-04-01,5,False,0.275,False,27,44,Low (0-35),Medium (35-65)
PO004164,2026-03-05,V07,Ludhiana,False,0.87,knit,sweatshirt,149,Delhi,Tier-1,COD,normal,5,0,1,1,2,21,28,2026-04-02,7,True,0.344,True,18,37,Low (0-35),Medium (35-65)
PO000588,2026-03-06,V05,Bengaluru,False,0.93,knit,hoodie,219,Mumbai,Tier-1,Prepaid,normal,9,0,1,3,1,21,23,2026-03-29,2,False,0.22,True,20,15,Low (0-35),Low (0-35)
PO000599,2026-03-06,V01,Tirupur,False,0.92,knit,t-shirt,260,Ahmedabad,Tier-2,COD,normal,1,4,1,1,2,22,23,2026-03-29,1,False,0.275,False,31,47,Low (0-35),Medium (35-65)
PO000722,2026-03-06,V03,Tirupur,False,0.85,woven,denim-jacket,248,Ahmedabad,Tier-2,COD,normal,1,1,2,1,1,35,43,2026-04-18,8,True,0.344,False,43,60,Medium (35-65),Medium (35-65)
PO002455,2026-03-06,V04,Tirupur,False,0.9,knit,sweatshirt,230,Ranchi,Tier-3,COD,normal,5,3,1,3,1,24,28,2026-04-03,4,False,0.33,True,42,62,Medium (35-65),Medium (35-65)
PO002848,2026-03-06,V07,Ludhiana,False,0.87,knit,polo,311,Kochi,Tier-2,Prepaid,normal,0,1,2,3,2,22,23,2026-03-29,1,False,0.22,False,15,22,Low (0-35),Low (0-35)
PO003719,2026-03-06,V06,Bengaluru,False,0.89,knit,sweatshirt,232,Bhubaneswar,Tier-3,Prepaid,normal,1,6,1,1,1,24,26,2026-04-01,2,False,0.264,True,32,29,Low (0-35),Low (0-35)
PO004142,2026-03-06,V06,Bengaluru,False,0.89,knit,henley,176,Kochi,Tier-2,Prepaid,normal,8,5,2,1,3,22,24,2026-03-30,2,False,0.26,False,39,32,Medium (35-65),Low (0-35)
PO004906,2026-03-06,V09,Delhi NCR,False,0.86,woven,overshirt,214,Delhi,Tier-1,COD,normal,3,3,1,0,1,34,29,2026-04-04,-5,False,0.275,False,30,42,Low (0-35),Medium (35-65)
PO000293,2026-03-07,V05,Bengaluru,False,0.93,knit,sweatshirt,202,Hyderabad,Tier-1,COD,normal,1,0,0,2,1,21,21,2026-03-28,0,False,0.275,True,16,37,Low (0-35),Medium (35-65)
PO001245,2026-03-07,V02,Tirupur,False,0.88,knit,t-shirt,143,Surat,Tier-2,Prepaid,normal,2,1,3,1,3,22,23,2026-03-30,1,False,0.299,False,40,49,Medium (35-65),Medium (35-65)
PO001533,2026-03-07,V01,Tirupur,False,0.92,knit,polo,160,Vijayawada,Tier-3,COD,normal,5,4,0,5,3,24,35,2026-04-11,11,True,0.584,False,51,86,Medium (35-65),High (65-100)
PO002366,2026-03-07,V04,Tirupur,False,0.9,woven,chinos,167,Hyderabad,Tier-1,COD,normal,3,1,1,2,1,34,49,2026-04-25,15,True,0.344,False,44,53,Medium (35-65),Medium (35-65)
PO002667,2026-03-07,V07,Ludhiana,False,0.87,woven,shirt,117,Delhi,Tier-1,COD,normal,1,2,0,2,1,34,33,2026-04-09,-1,False,0.275,False,24,42,Low (0-35),Medium (35-65)
PO003554,2026-03-07,V06,Bengaluru,False,0.89,knit,t-shirt,262,Madurai,Tier-3,Prepaid,normal,1,0,1,0,1,24,28,2026-04-04,4,False,0.264,False,24,29,Low (0-35),Low (0-35)
PO003982,2026-03-07,V08,Ludhiana,False,0.84,woven,chinos,277,Chennai,Tier-1,Prepaid,normal,4,6,1,5,2,34,40,2026-04-16,6,True,0.33,False,51,48,Medium (35-65),Medium (35-65)
PO004443,2026-03-07,V01,Tirupur,False,0.92,knit,sweatshirt,308,Madurai,Tier-3,Prepaid,normal,3,0,2,0,3,24,33,2026-04-09,9,True,0.389,False,46,50,Medium (35-65),Medium (35-65)
PO004993,2026-03-07,V01,Tirupur,False,0.92,knit,polo,197,Hyderabad,Tier-1,COD,normal,1,0,1,6,1,21,24,2026-03-31,3,False,0.33,False,29,54,Low (0-35),Medium (35-65)
PO000095,2026-03-08,V05,Bengaluru,False,0.93,knit,t-shirt,87,Kochi,Tier-2,Prepaid,normal,9,0,1,1,2,22,27,2026-04-04,5,False,0.22,False,25,22,Low (0-35),Low (0-35)
PO000295,2026-03-08,V05,Bengaluru,False,0.93,knit,t-shirt,114,Delhi,Tier-1,COD,normal,1,1,0,1,1,21,17,2026-03-25,-4,False,0.275,False,16,37,Low (0-35),Medium (35-65)
PO001074,2026-03-08,V02,Tirupur,False,0.88,knit,t-shirt,378,Madurai,Tier-3,COD,normal,2,0,0,3,3,24,30,2026-04-07,6,True,0.487,True,50,72,Medium (35-65),High (65-100)
PO001158,2026-03-08,V02,Tirupur,False,0.88,knit,t-shirt,193,Lucknow,Tier-2,Prepaid,normal,10,3,1,3,2,22,28,2026-04-05,6,True,0.275,True,35,25,Low (0-35),Low (0-35)
PO001666,2026-03-08,V02,Tirupur,False,0.88,knit,sweatshirt,122,Kochi,Tier-2,COD,normal,0,1,2,1,1,22,22,2026-03-30,0,False,0.275,False,31,47,Low (0-35),Medium (35-65)
PO002291,2026-03-08,V05,Bengaluru,False,0.93,knit,polo,126,Vijayawada,Tier-3,COD,normal,1,1,2,0,2,24,25,2026-04-02,1,False,0.33,False,26,51,Low (0-35),Medium (35-65)
PO002789,2026-03-08,V10,Delhi NCR,False,0.82,woven,trouser,283,Vijayawada,Tier-3,Prepaid,normal,3,1,1,4,1,37,40,2026-04-17,3,False,0.317,False,53,62,Medium (35-65),Medium (35-65)
PO002998,2026-03-08,V02,Tirupur,False,0.88,knit,sweatshirt,195,Madurai,Tier-3,COD,normal,5,0,2,3,1,24,23,2026-03-31,-1,False,0.33,False,42,62,Medium (35-65),Medium (35-65)
PO003154,2026-03-08,V04,Tirupur,False,0.9,knit,t-shirt,133,Lucknow,Tier-2,COD,normal,1,1,1,2,1,22,24,2026-04-01,2,False,0.275,True,31,47,Low (0-35),Medium (35-65)
PO004120,2026-03-08,V06,Bengaluru,False,0.89,woven,trouser,241,Chennai,Tier-1,Prepaid,normal,3,1,1,1,1,34,35,2026-04-12,1,False,0.22,False,32,20,Low (0-35),Low (0-35)
PO004530,2026-03-08,V01,Tirupur,False,0.92,woven,trouser,197,Mumbai,Tier-1,COD,normal,7,6,1,3,3,34,42,2026-04-19,8,True,0.406,True,58,63,Medium (35-65),Medium (35-65)
PO004952,2026-03-08,V05,Bengaluru,False,0.93,knit,henley,191,Hyderabad,Tier-1,Prepaid,normal,3,6,1,3,2,21,22,2026-03-30,1,False,0.22,False,28,15,Low (0-35),Low (0-35)
PO000765,2026-03-09,V05,Bengaluru,False,0.93,knit,t-shirt,135,Indore,Tier-2,Prepaid,normal,1,1,0,1,1,22,22,2026-03-31,0,False,0.22,True,19,22,Low (0-35),Low (0-35)
PO000766,2026-03-09,V03,Tirupur,False,0.85,woven,shirt,325,Chandigarh,Tier-2,Prepaid,normal,4,1,3,2,1,35,34,2026-04-12,-1,False,0.253,False,52,44,Medium (35-65),Medium (35-65)
PO001079,2026-03-09,V04,Tirupur,False,0.9,knit,t-shirt,143,Bengaluru,Tier-1,Prepaid,normal,2,0,1,1,1,21,24,2026-04-02,3,False,0.22,False,24,18,Low (0-35),Low (0-35)
PO001096,2026-03-09,V01,Tirupur,False,0.92,knit,hoodie,66,Jaipur,Tier-2,Prepaid,normal,1,1,4,1,1,22,25,2026-04-03,3,False,0.253,False,34,31,Low (0-35),Low (0-35)
PO001497,2026-03-09,V02,Tirupur,False,0.88,knit,henley,139,Ahmedabad,Tier-2,Prepaid,normal,1,3,1,1,3,22,28,2026-04-06,6,True,0.325,True,35,35,Low (0-35),Low (0-35)
PO001898,2026-03-09,V01,Tirupur,False,0.92,woven,shirt,259,Indore,Tier-2,COD,normal,1,6,0,3,1,35,30,2026-04-08,-5,False,0.275,True,51,60,Medium (35-65),Medium (35-65)
PO002302,2026-03-09,V05,Bengaluru,False,0.93,woven,trouser,247,Mumbai,Tier-1,COD,normal,8,7,3,1,1,34,35,2026-04-13,1,False,0.316,False,47,56,Medium (35-65),Medium (35-65)
PO002418,2026-03-09,V04,Tirupur,False,0.9,knit,henley,244,Jaipur,Tier-2,COD,normal,2,1,0,2,1,22,30,2026-04-08,8,True,0.344,False,31,47,Low (0-35),Medium (35-65)
PO002938,2026-03-09,V02,Tirupur,False,0.88,knit,polo,163,Jaipur,Tier-2,Prepaid,normal,1,0,0,2,1,22,23,2026-04-01,1,False,0.22,False,29,25,Low (0-35),Low (0-35)
PO002969,2026-03-09,V01,Tirupur,False,0.92,knit,t-shirt,127,Ahmedabad,Tier-2,COD,normal,2,5,3,2,2,22,31,2026-04-09,9,True,0.395,False,44,61,Medium (35-65),Medium (35-65)
PO003094,2026-03-09,V04,Tirupur,False,0.9,knit,henley,199,Lucknow,Tier-2,COD,normal,2,3,1,2,2,22,28,2026-04-06,6,True,0.344,False,31,47,Low (0-35),Medium (35-65)
PO004204,2026-03-09,V03,Tirupur,False,0.85,knit,henley,138,Chennai,Tier-1,Prepaid,normal,2,1,2,4,1,21,27,2026-04-05,6,True,0.33,False,27,32,Low (0-35),Low (0-35)
PO004646,2026-03-09,V01,Tirupur,False,0.92,knit,hoodie,120,Jodhpur,Tier-3,COD,normal,2,7,1,2,1,24,29,2026-04-07,5,False,0.33,False,44,62,Medium (35-65),Medium (35-65)
PO000446,2026-03-10,V09,Delhi NCR,False,0.86,woven,trouser,244,Delhi,Tier-1,COD,normal,0,2,5,1,2,34,29,2026-04-08,-5,False,0.316,True,29,48,Low (0-35),Medium (35-65)
PO000496,2026-03-10,V01,Tirupur,False,0.92,woven,denim-jacket,165,Ahmedabad,Tier-2,COD,normal,6,1,1,2,1,35,32,2026-04-11,-3,False,0.275,False,49,60,Medium (35-65),Medium (35-65)
PO001065,2026-03-10,V05,Bengaluru,False,0.93,woven,trouser,264,Kolkata,Tier-1,COD,normal,1,1,2,1,2,34,37,2026-04-16,3,False,0.275,False,28,42,Low (0-35),Medium (35-65)
PO001910,2026-03-10,V01,Tirupur,False,0.92,knit,hoodie,219,Coimbatore,Tier-2,COD,normal,1,1,1,1,3,22,24,2026-04-03,2,False,0.325,False,37,57,Medium (35-65),Medium (35-65)
PO002945,2026-03-10,V08,Ludhiana,False,0.84,woven,shirt,140,Surat,Tier-2,COD,normal,4,2,1,5,3,35,42,2026-04-21,7,True,0.487,False,56,87,Medium (35-65),High (65-100)
PO003105,2026-03-10,V05,Bengaluru,False,0.93,woven,denim-jacket,197,Chandigarh,Tier-2,Prepaid,normal,2,2,1,1,1,35,38,2026-04-17,3,False,0.22,False,31,27,Low (0-35),Low (0-35)
PO003551,2026-03-10,V02,Tirupur,False,0.88,woven,shirt,235,Vijayawada,Tier-3,Prepaid,normal,1,0,1,2,3,37,38,2026-04-17,1,False,0.312,False,52,55,Medium (35-65),Medium (35-65)
PO004099,2026-03-10,V01,Tirupur,False,0.92,knit,sweatshirt,105,Guwahati,Tier-3,Prepaid,normal,1,1,10,2,1,24,27,2026-04-06,3,False,0.304,True,39,38,Medium (35-65),Medium (35-65)
PO004675,2026-03-10,V04,Tirupur,False,0.9,knit,hoodie,204,Chennai,Tier-1,COD,normal,6,0,1,2,1,21,26,2026-04-05,5,False,0.275,True,32,40,Low (0-35),Medium (35-65)
PO000083,2026-03-11,V04,Tirupur,False,0.9,knit,sweatshirt,264,Hyderabad,Tier-1,Prepaid,normal,2,2,0,2,2,21,23,2026-04-03,2,False,0.22,False,24,18,Low (0-35),Low (0-35)
PO000624,2026-03-11,V09,Delhi NCR,False,0.86,knit,hoodie,136,Kolkata,Tier-1,Prepaid,normal,2,2,1,1,2,21,27,2026-04-07,6,True,0.275,False,10,15,Low (0-35),Low (0-35)
PO000652,2026-03-11,V02,Tirupur,False,0.88,knit,polo,157,Nagpur,Tier-3,Prepaid,normal,1,1,1,0,2,24,29,2026-04-09,5,False,0.264,False,34,32,Low (0-35),Low (0-35)
PO000820,2026-03-11,V11,Tirupur,True,0.75,knit,polo,275,Bhubaneswar,Tier-3,COD,normal,3,2,1,2,1,24,26,2026-04-06,2,False,0.38,False,92,87,High (65-100),High (65-100)
PO001762,2026-03-11,V02,Tirupur,False,0.88,knit,sweatshirt,221,Hyderabad,Tier-1,COD,normal,1,1,0,2,1,21,21,2026-04-01,0,False,0.275,False,26,40,Low (0-35),Medium (35-65)
PO002190,2026-03-11,V01,Tirupur,False,0.92,knit,sweatshirt,136,Kolkata,Tier-1,COD,normal,6,0,1,1,1,21,25,2026-04-05,4,False,0.275,False,32,40,Low (0-35),Medium (35-65)
PO003064,2026-03-11,V03,Tirupur,False,0.85,woven,shirt,215,Chennai,Tier-1,COD,normal,2,0,2,1,2,34,36,2026-04-16,2,False,0.275,False,38,45,Medium (35-65),Medium (35-65)
PO003209,2026-03-11,V05,Bengaluru,False,0.93,knit,t-shirt,328,Mumbai,Tier-1,Prepaid,normal,1,2,3,1,3,21,24,2026-04-04,3,False,0.299,False,25,31,Low (0-35),Low (0-35)
PO003639,2026-03-11,V09,Delhi NCR,False,0.86,knit,sweatshirt,182,Lucknow,Tier-2,Prepaid,normal,2,0,1,1,1,22,24,2026-04-04,2,False,0.22,True,15,22,Low (0-35),Low (0-35)
PO003740,2026-03-11,V05,Bengaluru,False,0.93,knit,hoodie,338,Dehradun,Tier-3,COD,normal,4,3,2,2,3,24,30,2026-04-10,6,True,0.487,True,38,61,Medium (35-65),Medium (35-65)
PO003946,2026-03-11,V01,Tirupur,False,0.92,knit,sweatshirt,105,Madurai,Tier-3,COD,normal,1,2,4,0,2,24,31,2026-04-11,7,True,0.474,True,41,68,Medium (35-65),High (65-100)
PO004392,2026-03-11,V01,Tirupur,False,0.92,knit,t-shirt,180,Kochi,Tier-2,COD,normal,1,0,1,2,2,22,20,2026-03-31,-2,False,0.275,False,31,47,Low (0-35),Medium (35-65)
PO004696,2026-03-11,V02,Tirupur,False,0.88,knit,henley,250,Kochi,Tier-2,Prepaid,normal,8,1,2,1,1,22,26,2026-04-06,4,False,0.22,True,35,25,Low (0-35),Low (0-35)
PO000354,2026-03-12,V01,Tirupur,False,0.92,knit,sweatshirt,160,Hyderabad,Tier-1,Prepaid,normal,5,2,7,3,1,21,28,2026-04-09,7,True,0.316,True,35,24,Low (0-35),Low (0-35)
PO000935,2026-03-12,V03,Tirupur,False,0.85,knit,t-shirt,191,Coimbatore,Tier-2,COD,normal,1,3,0,1,3,22,27,2026-04-08,5,False,0.325,True,37,57,Medium (35-65),Medium (35-65)
PO001012,2026-03-12,V02,Tirupur,False,0.88,knit,henley,185,Nagpur,Tier-3,Prepaid,normal,15,1,3,3,1,24,33,2026-04-14,9,True,0.38,False,45,46,Medium (35-65),Medium (35-65)
PO001199,2026-03-12,V01,Tirupur,False,0.92,knit,polo,121,Guwahati,Tier-3,Prepaid,normal,3,1,1,4,2,24,28,2026-04-09,4,False,0.317,False,43,54,Medium (35-65),Medium (35-65)
PO001409,2026-03-12,V06,Bengaluru,False,0.89,knit,sweatshirt,233,Mumbai,Tier-1,COD,normal,1,0,0,3,2,21,25,2026-04-06,4,False,0.275,True,16,37,Low (0-35),Medium (35-65)
PO003179,2026-03-12,V03,Tirupur,False,0.85,knit,polo,85,Guwahati,Tier-3,Prepaid,normal,1,1,5,2,2,24,24,2026-04-05,0,False,0.304,False,39,38,Medium (35-65),Medium (35-65)
PO003303,2026-03-12,V04,Tirupur,False,0.9,woven,shirt,296,Chennai,Tier-1,Prepaid,normal,1,1,7,3,1,34,39,2026-04-20,5,False,0.253,False,41,37,Medium (35-65),Medium (35-65)
PO003470,2026-03-12,V05,Bengaluru,False,0.93,knit,henley,187,Delhi,Tier-1,COD,normal,0,1,0,2,1,21,23,2026-04-04,2,False,0.275,False,16,37,Low (0-35),Medium (35-65)
PO003657,2026-03-12,V05,Bengaluru,False,0.93,knit,sweatshirt,173,Nagpur,Tier-3,COD,normal,1,0,1,1,1,24,21,2026-04-02,-3,False,0.33,False,26,51,Low (0-35),Medium (35-65)
PO003953,2026-03-12,V01,Tirupur,False,0.92,woven,chinos,217,Mysuru,Tier-3,COD,normal,10,4,1,1,2,37,40,2026-04-21,3,False,0.33,False,54,67,Medium (35-65),High (65-100)
PO004133,2026-03-12,V05,Bengaluru,False,0.93,knit,sweatshirt,347,Raipur,Tier-3,COD,normal,1,0,2,1,3,24,23,2026-04-04,-1,False,0.389,False,32,61,Low (0-35),Medium (35-65)
PO004707,2026-03-12,V01,Tirupur,False,0.92,woven,chinos,155,Mumbai,Tier-1,Prepaid,normal,1,16,2,1,1,34,39,2026-04-20,5,False,0.22,False,44,31,Medium (35-65),Low (0-35)
PO004982,2026-03-12,V05,Bengaluru,False,0.93,knit,polo,188,Dehradun,Tier-3,COD,normal,1,1,0,1,3,24,29,2026-04-10,5,False,0.389,False,32,61,Low (0-35),Medium (35-65)
PO000166,2026-03-13,V04,Tirupur,False,0.9,knit,henley,50,Indore,Tier-2,Prepaid,normal,2,3,0,2,3,22,25,2026-04-07,3,False,0.26,False,35,35,Low (0-35),Low (0-35)
PO000292,2026-03-13,V02,Tirupur,False,0.88,knit,t-shirt,181,Chandigarh,Tier-2,COD,normal,3,0,1,0,3,22,27,2026-04-09,5,False,0.325,False,43,65,Medium (35-65),Medium (35-65)
PO000462,2026-03-13,V08,Ludhiana,False,0.84,woven,denim-jacket,251,Kolkata,Tier-1,Prepaid,normal,2,0,1,4,1,34,35,2026-04-17,1,False,0.264,False,37,40,Medium (35-65),Medium (35-65)
PO000554,2026-03-13,V05,Bengaluru,False,0.93,knit,henley,143,Ranchi,Tier-3,COD,normal,2,1,1,1,1,24,25,2026-04-07,1,False,0.33,True,26,51,Low (0-35),Medium (35-65)
PO000943,2026-03-13,V05,Bengaluru,False,0.93,knit,henley,239,Chandigarh,Tier-2,COD,normal,4,1,2,2,2,22,25,2026-04-07,3,False,0.275,True,27,44,Low (0-35),Medium (35-65)
PO001553,2026-03-13,V02,Tirupur,False,0.88,knit,polo,50,Lucknow,Tier-2,COD,normal,7,1,7,2,1,22,26,2026-04-08,4,False,0.316,False,42,61,Medium (35-65),Medium (35-65)
PO001598,2026-03-13,V05,Bengaluru,False,0.93,knit,polo,50,Vadodara,Tier-2,COD,normal,6,3,2,1,2,22,27,2026-04-09,5,False,0.275,False,27,44,Low (0-35),Medium (35-65)
PO001865,2026-03-13,V02,Tirupur,False,0.88,knit,hoodie,123,Delhi,Tier-1,COD,normal,1,1,2,4,2,21,27,2026-04-09,6,True,0.412,False,29,54,Low (0-35),Medium (35-65)
PO002980,2026-03-13,V01,Tirupur,False,0.92,knit,polo,118,Vijayawada,Tier-3,COD,normal,1,1,3,3,1,24,27,2026-04-09,3,False,0.38,False,41,68,Medium (35-65),High (65-100)
PO003250,2026-03-13,V11,Tirupur,True,0.75,knit,polo,333,Pune,Tier-2,COD,normal,11,2,2,5,1,22,37,2026-04-19,15,True,0.474,False,90,94,High (65-100),High (65-100)
PO003476,2026-03-13,V07,Ludhiana,False,0.87,woven,overshirt,145,Lucknow,Tier-2,Prepaid,normal,3,2,1,0,1,35,37,2026-04-19,2,False,0.22,False,33,27,Low (0-35),Low (0-35)
PO003766,2026-03-13,V06,Bengaluru,False,0.89,knit,polo,225,Mumbai,Tier-1,Prepaid,normal,1,2,1,0,2,21,23,2026-04-05,2,False,0.22,False,14,15,Low (0-35),Low (0-35)
PO003804,2026-03-13,V01,Tirupur,False,0.92,woven,overshirt,243,Pune,Tier-2,COD,normal,1,1,0,2,2,35,37,2026-04-19,2,False,0.275,False,43,60,Medium (35-65),Medium (35-65)
PO004371,2026-03-13,V01,Tirupur,False,0.92,woven,chinos,238,Guwahati,Tier-3,COD,normal,0,20,1,0,1,37,46,2026-04-28,9,True,0.413,False,56,67,Medium (35-65),High (65-100)
PO004428,2026-03-13,V01,Tirupur,False,0.92,knit,sweatshirt,226,Hyderabad,Tier-1,Prepaid,normal,1,3,0,0,1,21,25,2026-04-07,4,False,0.22,False,24,18,Low (0-35),Low (0-35)
PO000069,2026-03-14,V01,Tirupur,False,0.92,knit,polo,185,Mumbai,Tier-1,Prepaid,normal,1,0,1,2,1,21,24,2026-04-07,3,False,0.22,False,24,18,Low (0-35),Low (0-35)
PO000167,2026-03-14,V05,Bengaluru,False,0.93,woven,chinos,140,Bhubaneswar,Tier-3,COD,normal,1,13,1,1,3,37,39,2026-04-22,2,False,0.389,True,52,74,Medium (35-65),High (65-100)
PO000315,2026-03-14,V01,Tirupur,False,0.92,knit,polo,334,Kolkata,Tier-1,COD,normal,9,0,1,0,1,21,25,2026-04-08,4,False,0.275,True,32,40,Low (0-35),Medium (35-65)
PO000567,2026-03-14,V07,Ludhiana,False,0.87,knit,hoodie,184,Vadodara,Tier-2,COD,normal,1,1,1,2,1,22,24,2026-04-07,2,False,0.275,False,17,44,Low (0-35),Medium (35-65)
PO000772,2026-03-14,V01,Tirupur,False,0.92,knit,polo,178,Lucknow,Tier-2,COD,normal,2,0,3,0,2,22,25,2026-04-08,3,False,0.316,False,36,53,Medium (35-65),Medium (35-65)
PO001324,2026-03-14,V04,Tirupur,False,0.9,knit,polo,171,Nagpur,Tier-3,Prepaid,normal,0,5,3,1,3,24,28,2026-04-11,4,False,0.358,False,53,56,Medium (35-65),Medium (35-65)
PO001368,2026-03-14,V02,Tirupur,False,0.88,knit,henley,225,Indore,Tier-2,Prepaid,normal,0,1,1,1,3,22,27,2026-04-10,5,False,0.26,False,35,35,Low (0-35),Low (0-35)
PO001866,2026-03-14,V08,Ludhiana,False,0.84,woven,overshirt,65,Mumbai,Tier-1,Prepaid,normal,3,5,1,1,1,34,40,2026-04-23,6,True,0.275,False,48,34,Medium (35-65),Low (0-35)
PO001917,2026-03-14,V09,Delhi NCR,False,0.86,knit,henley,135,Jodhpur,Tier-3,Prepaid,normal,9,1,1,1,1,24,31,2026-04-14,7,True,0.33,False,26,29,Low (0-35),Low (0-35)
PO001971,2026-03-14,V09,Delhi NCR,False,0.86,woven,denim-jacket,148,Indore,Tier-2,Prepaid,normal,3,6,2,3,1,35,43,2026-04-26,8,True,0.275,True,41,35,Medium (35-65),Low (0-35)
PO002067,2026-03-14,V01,Tirupur,False,0.92,woven,shirt,87,Dehradun,Tier-3,COD,normal,5,2,1,1,1,37,37,2026-04-20,0,False,0.33,True,54,67,Medium (35-65),High (65-100)
PO003042,2026-03-14,V05,Bengaluru,False,0.93,knit,sweatshirt,50,Pune,Tier-2,COD,normal,2,1,0,1,1,22,21,2026-04-04,-1,False,0.275,False,21,44,Low (0-35),Medium (35-65)
PO003092,2026-03-14,V05,Bengaluru,False,0.93,woven,overshirt,123,Hyderabad,Tier-1,Prepaid,normal,2,4,0,1,1,34,33,2026-04-16,-1,False,0.22,False,26,20,Low (0-35),Low (0-35)
PO003163,2026-03-14,V02,Tirupur,False,0.88,knit,henley,193,Indore,Tier-2,COD,normal,1,1,5,0,1,22,28,2026-04-11,6,True,0.395,False,36,53,Medium (35-65),Medium (35-65)
PO003673,2026-03-14,V01,Tirupur,False,0.92,knit,sweatshirt,108,Mysuru,Tier-3,COD,normal,1,1,0,1,1,24,29,2026-04-12,5,False,0.33,False,36,54,Medium (35-65),Medium (35-65)
PO004349,2026-03-14,V10,Delhi NCR,False,0.82,woven,trouser,242,Guwahati,Tier-3,COD,normal,2,13,0,3,1,37,33,2026-04-16,-4,False,0.33,False,54,70,Medium (35-65),High (65-100)
PO004520,2026-03-14,V03,Tirupur,False,0.85,woven,trouser,258,Kolkata,Tier-1,COD,normal,5,4,0,1,3,34,43,2026-04-26,9,True,0.406,False,50,63,Medium (35-65),Medium (35-65)
PO000075,2026-03-15,V03,Tirupur,False,0.85,woven,trouser,101,Surat,Tier-2,Prepaid,normal,8,6,1,1,1,35,41,2026-04-25,6,True,0.275,True,55,38,Medium (35-65),Medium (35-65)
PO000732,2026-03-15,V01,Tirupur,False,0.92,knit,hoodie,97,Chennai,Tier-1,Prepaid,normal,3,1,2,1,3,21,25,2026-04-09,4,False,0.26,False,36,28,Medium (35-65),Low (0-35)
PO001351,2026-03-15,V05,Bengaluru,False,0.93,woven,trouser,236,Mumbai,Tier-1,COD,normal,1,3,3,1,2,34,35,2026-04-19,1,False,0.316,False,33,48,Low (0-35),Medium (35-65)
PO001537,2026-03-15,V04,Tirupur,False,0.9,knit,henley,154,Pune,Tier-2,COD,normal,1,1,1,4,2,22,26,2026-04-10,4,False,0.33,False,34,61,Low (0-35),Medium (35-65)
PO001701,2026-03-15,V05,Bengaluru,False,0.93,knit,hoodie,406,Chandigarh,Tier-2,COD,normal,2,1,1,5,2,22,20,2026-04-04,-2,False,0.33,True,32,58,Low (0-35),Medium (35-65)
PO001972,2026-03-15,V07,Ludhiana,False,0.87,knit,henley,199,Patna,Tier-3,Prepaid,normal,3,2,1,2,1,24,27,2026-04-11,3,False,0.264,True,26,29,Low (0-35),Low (0-35)
PO002027,2026-03-15,V01,Tirupur,False,0.92,knit,henley,233,Kochi,Tier-2,COD,normal,1,3,3,2,1,22,27,2026-04-11,5,False,0.316,False,36,53,Medium (35-65),Medium (35-65)
PO002438,2026-03-15,V03,Tirupur,False,0.85,knit,sweatshirt,243,Madurai,Tier-3,COD,normal,1,12,1,1,1,24,30,2026-04-14,6,True,0.413,False,44,62,Medium (35-65),Medium (35-65)
PO002705,2026-03-15,V02,Tirupur,False,0.88,woven,chinos,113,Indore,Tier-2,Prepaid,normal,1,6,1,3,2,35,41,2026-04-25,6,True,0.275,False,49,38,Medium (35-65),Medium (35-65)
PO003297,2026-03-15,V02,Tirupur,False,0.88,knit,henley,301,Chennai,Tier-1,COD,normal,1,1,2,1,1,21,21,2026-04-05,0,False,0.275,True,26,40,Low (0-35),Medium (35-65)
PO004095,2026-03-15,V07,Ludhiana,False,0.87,knit,polo,137,Kochi,Tier-2,COD,normal,3,1,5,2,2,22,27,2026-04-11,5,False,0.316,False,28,50,Low (0-35),Medium (35-65)
PO004169,2026-03-15,V08,Ludhiana,False,0.84,knit,sweatshirt,84,Pune,Tier-2,COD,normal,2,2,3,2,2,22,21,2026-04-05,-1,False,0.316,True,34,56,Low (0-35),Medium (35-65)
PO004410,2026-03-15,V01,Tirupur,False,0.92,knit,polo,289,Bhubaneswar,Tier-3,COD,normal,1,1,2,2,1,24,26,2026-04-10,2,False,0.33,True,36,54,Medium (35-65),Medium (35-65)
PO000218,2026-03-16,V08,Ludhiana,False,0.84,knit,henley,190,Mysuru,Tier-3,Prepaid,normal,1,6,1,5,2,24,21,2026-04-06,-3,False,0.317,False,43,57,Medium (35-65),Medium (35-65)
PO000948,2026-03-16,V01,Tirupur,False,0.92,knit,hoodie,152,Indore,Tier-2,COD,normal,0,3,0,2,1,22,26,2026-04-11,4,False,0.275,False,31,47,Low (0-35),Medium (35-65)
PO001987,2026-03-16,V01,Tirupur,False,0.92,knit,henley,203,Hyderabad,Tier-1,Prepaid,normal,2,2,6,3,3,21,26,2026-04-11,5,False,0.299,False,35,34,Low (0-35),Low (0-35)
PO003073,2026-03-16,V03,Tirupur,False,0.85,knit,henley,194,Vijayawada,Tier-3,COD,normal,1,0,1,2,1,24,31,2026-04-16,7,True,0.413,True,36,54,Medium (35-65),Medium (35-65)
PO003089,2026-03-16,V08,Ludhiana,False,0.84,woven,chinos,247,Indore,Tier-2,Prepaid,normal,2,6,4,2,2,35,35,2026-04-20,0,False,0.253,False,52,47,Medium (35-65),Medium (35-65)
PO004013,2026-03-16,V01,Tirupur,False,0.92,woven,overshirt,159,Kochi,Tier-2,COD,normal,12,2,1,2,1,35,33,2026-04-18,-2,False,0.275,False,49,60,Medium (35-65),Medium (35-65)
PO000394,2026-03-17,V01,Tirupur,False,0.92,knit,henley,303,Hyderabad,Tier-1,COD,normal,2,0,4,2,1,21,28,2026-04-14,7,True,0.395,False,31,46,Low (0-35),Medium (35-65)
PO000442,2026-03-17,V02,Tirupur,False,0.88,knit,polo,399,Patna,Tier-3,Prepaid,normal,2,1,10,1,2,24,27,2026-04-13,3,False,0.304,False,47,46,Medium (35-65),Medium (35-65)
PO001161,2026-03-17,V01,Tirupur,False,0.92,woven,denim-jacket,111,Vadodara,Tier-2,COD,normal,3,1,1,0,1,35,39,2026-04-25,4,False,0.275,False,49,60,Medium (35-65),Medium (35-65)
PO002722,2026-03-17,V02,Tirupur,False,0.88,woven,shirt,272,Coimbatore,Tier-2,Prepaid,normal,12,9,4,1,1,35,42,2026-04-28,7,True,0.316,True,60,51,Medium (35-65),Medium (35-65)
PO003051,2026-03-17,V05,Bengaluru,False,0.93,knit,hoodie,202,Jaipur,Tier-2,COD,normal,4,1,1,1,3,22,27,2026-04-13,5,False,0.325,False,33,54,Low (0-35),Medium (35-65)
PO003811,2026-03-17,V02,Tirupur,False,0.88,knit,hoodie,194,Raipur,Tier-3,COD,normal,2,1,2,1,3,24,30,2026-04-16,6,True,0.487,True,42,72,Medium (35-65),High (65-100)
PO004994,2026-03-17,V02,Tirupur,False,0.88,knit,hoodie,160,Lucknow,Tier-2,COD,normal,2,1,0,0,2,22,28,2026-04-14,6,True,0.344,False,31,47,Low (0-35),Medium (35-65)
PO000125,2026-03-18,V02,Tirupur,False,0.88,woven,shirt,141,Ahmedabad,Tier-2,COD,normal,1,3,3,1,3,35,40,2026-04-27,5,False,0.373,False,54,76,Medium (35-65),High (65-100)
PO000278,2026-03-18,V03,Tirupur,False,0.85,knit,polo,279,Dehradun,Tier-3,COD,normal,1,1,1,1,1,24,27,2026-04-14,3,False,0.33,False,36,54,Medium (35-65),Medium (35-65)
PO000429,2026-03-18,V07,Ludhiana,False,0.87,knit,henley,149,Coimbatore,Tier-2,Prepaid,normal,2,3,0,3,1,22,21,2026-04-08,-1,False,0.22,False,15,22,Low (0-35),Low (0-35)
PO000517,2026-03-18,V04,Tirupur,False,0.9,knit,hoodie,216,Chennai,Tier-1,COD,normal,1,3,2,2,3,21,26,2026-04-13,5,False,0.325,True,32,50,Low (0-35),Medium (35-65)
PO000630,2026-03-18,V05,Bengaluru,False,0.93,knit,t-shirt,156,Hyderabad,Tier-1,COD,normal,3,1,1,2,2,21,22,2026-04-09,1,False,0.275,False,22,37,Low (0-35),Medium (35-65)
PO001580,2026-03-18,V10,Delhi NCR,False,0.82,woven,denim-jacket,354,Kolkata,Tier-1,COD,normal,2,1,2,3,2,34,34,2026-04-21,0,False,0.275,True,44,56,Medium (35-65),Medium (35-65)
PO001664,2026-03-18,V12,Bengaluru,True,0.78,woven,chinos,138,Raipur,Tier-3,Prepaid,normal,12,3,1,1,2,37,59,2026-05-16,22,True,0.38,True,82,65,High (65-100),Medium (35-65)
PO001804,2026-03-18,V02,Tirupur,False,0.88,knit,t-shirt,191,Bhubaneswar,Tier-3,COD,normal,1,0,1,1,1,24,26,2026-04-13,2,False,0.33,False,36,54,Medium (35-65),Medium (35-65)
PO002319,2026-03-18,V05,Bengaluru,False,0.93,knit,hoodie,326,Vadodara,Tier-2,Prepaid,normal,5,1,1,1,1,22,23,2026-04-10,1,False,0.22,False,25,22,Low (0-35),Low (0-35)
PO002782,2026-03-18,V09,Delhi NCR,False,0.86,woven,overshirt,116,Bengaluru,Tier-1,COD,normal,4,4,1,1,2,34,38,2026-04-25,4,False,0.275,False,30,42,Low (0-35),Medium (35-65)
PO004030,2026-03-18,V02,Tirupur,False,0.88,knit,polo,121,Jodhpur,Tier-3,Prepaid,normal,7,1,1,0,1,24,28,2026-04-15,4,False,0.264,True,40,40,Medium (35-65),Medium (35-65)
PO004031,2026-03-18,V06,Bengaluru,False,0.89,knit,polo,121,Delhi,Tier-1,Prepaid,normal,3,2,1,1,3,21,23,2026-04-10,2,False,0.26,False,26,25,Low (0-35),Low (0-35)
PO004173,2026-03-18,V08,Ludhiana,False,0.84,woven,overshirt,146,Ranchi,Tier-3,COD,normal,0,2,0,3,1,37,42,2026-04-29,5,False,0.33,True,46,70,Medium (35-65),High (65-100)
PO000392,2026-03-19,V04,Tirupur,False,0.9,woven,chinos,56,Hyderabad,Tier-1,Prepaid,normal,1,5,0,3,1,34,38,2026-04-26,4,False,0.22,False,44,31,Medium (35-65),Low (0-35)
PO000881,2026-03-19,V03,Tirupur,False,0.85,woven,chinos,62,Madurai,Tier-3,Prepaid,normal,1,1,1,2,3,37,46,2026-05-04,9,True,0.389,False,52,55,Medium (35-65),Medium (35-65)
PO001464,2026-03-19,V01,Tirupur,False,0.92,woven,trouser,265,Dehradun,Tier-3,COD,normal,6,1,1,1,1,37,36,2026-04-24,-1,False,0.33,False,54,67,Medium (35-65),High (65-100)
PO002121,2026-03-19,V10,Delhi NCR,False,0.82,woven,trouser,260,Guwahati,Tier-3,COD,normal,6,5,3,2,2,37,42,2026-04-30,5,False,0.38,True,65,83,Medium (35-65),High (65-100)
PO002834,2026-03-19,V01,Tirupur,False,0.92,knit,henley,148,Jaipur,Tier-2,Prepaid,normal,7,2,1,1,1,22,25,2026-04-13,3,False,0.22,False,35,25,Low (0-35),Low (0-35)
PO003109,2026-03-19,V08,Ludhiana,False,0.84,woven,chinos,220,Mumbai,Tier-1,COD,normal,1,0,2,1,1,34,32,2026-04-20,-2,False,0.275,False,36,48,Medium (35-65),Medium (35-65)
PO003392,2026-03-19,V02,Tirupur,False,0.88,woven,trouser,139,Indore,Tier-2,Prepaid,normal,11,3,1,0,2,35,40,2026-04-28,5,False,0.22,False,47,38,Medium (35-65),Medium (35-65)
PO003608,2026-03-19,V05,Bengaluru,False,0.93,knit,polo,310,Mumbai,Tier-1,Prepaid,normal,2,4,1,2,1,21,20,2026-04-08,-1,False,0.22,False,14,15,Low (0-35),Low (0-35)
PO003609,2026-03-19,V03,Tirupur,False,0.85,knit,sweatshirt,301,Bhubaneswar,Tier-3,COD,normal,1,5,3,1,1,24,28,2026-04-16,4,False,0.38,False,49,68,Medium (35-65),High (65-100)
PO004416,2026-03-19,V10,Delhi NCR,False,0.82,knit,sweatshirt,167,Mysuru,Tier-3,Prepaid,normal,10,0,1,3,2,24,30,2026-04-18,6,True,0.33,True,38,35,Medium (35-65),Low (0-35)
PO004458,2026-03-19,V01,Tirupur,False,0.92,knit,hoodie,111,Chennai,Tier-1,Prepaid,normal,2,2,2,1,2,21,21,2026-04-09,0,False,0.22,False,24,18,Low (0-35),Low (0-35)
PO000367,2026-03-20,V01,Tirupur,False,0.92,knit,t-shirt,84,Jodhpur,Tier-3,COD,normal,1,1,2,1,2,24,27,2026-04-16,3,False,0.33,False,36,54,Medium (35-65),Medium (35-65)
PO001471,2026-03-20,V01,Tirupur,False,0.92,knit,sweatshirt,221,Kochi,Tier-2,Prepaid,normal,2,0,3,1,1,22,24,2026-04-13,2,False,0.253,True,34,31,Low (0-35),Low (0-35)
PO002268,2026-03-20,V02,Tirupur,False,0.88,knit,hoodie,122,Ahmedabad,Tier-2,Prepaid,normal,5,1,1,0,1,22,26,2026-04-15,4,False,0.22,False,35,25,Low (0-35),Low (0-35)
PO002289,2026-03-20,V01,Tirupur,False,0.92,knit,sweatshirt,241,Pune,Tier-2,Prepaid,normal,4,0,2,2,2,22,30,2026-04-19,8,True,0.275,False,35,25,Low (0-35),Low (0-35)
PO002441,2026-03-20,V02,Tirupur,False,0.88,knit,henley,94,Nagpur,Tier-3,Prepaid,normal,1,1,4,2,1,24,26,2026-04-15,2,False,0.304,False,39,38,Medium (35-65),Medium (35-65)
PO002454,2026-03-20,V02,Tirupur,False,0.88,knit,henley,172,Bhubaneswar,Tier-3,COD,normal,2,5,1,1,1,24,29,2026-04-18,5,False,0.33,True,44,62,Medium (35-65),Medium (35-65)
PO002584,2026-03-20,V05,Bengaluru,False,0.93,knit,polo,178,Ahmedabad,Tier-2,Prepaid,normal,12,3,7,2,1,22,27,2026-04-16,5,False,0.253,True,30,28,Low (0-35),Low (0-35)
PO002815,2026-03-20,V02,Tirupur,False,0.88,knit,henley,243,Delhi,Tier-1,Prepaid,normal,9,5,0,1,2,21,22,2026-04-11,1,False,0.22,False,38,18,Medium (35-65),Low (0-35)
PO003850,2026-03-20,V10,Delhi NCR,False,0.82,woven,denim-jacket,147,Lucknow,Tier-2,COD,normal,0,20,2,3,1,35,39,2026-04-28,4,False,0.275,False,49,63,Medium (35-65),Medium (35-65)
PO000353,2026-03-21,V01,Tirupur,False,0.92,knit,henley,212,Ahmedabad,Tier-2,COD,normal,3,0,1,1,1,22,24,2026-04-14,2,False,0.275,False,37,47,Medium (35-65),Medium (35-65)
PO000755,2026-03-21,V01,Tirupur,False,0.92,knit,henley,59,Delhi,Tier-1,COD,normal,4,2,2,1,3,21,26,2026-04-16,5,False,0.325,False,38,50,Medium (35-65),Medium (35-65)
PO000933,2026-03-21,V07,Ludhiana,False,0.87,knit,polo,146,Chandigarh,Tier-2,COD,normal,1,1,0,2,1,22,20,2026-04-10,-2,False,0.275,False,17,44,Low (0-35),Medium (35-65)
PO001286,2026-03-21,V02,Tirupur,False,0.88,knit,polo,165,Raipur,Tier-3,Prepaid,normal,3,1,0,0,2,24,28,2026-04-18,4,False,0.264,False,40,40,Medium (35-65),Medium (35-65)
PO001319,2026-03-21,V09,Delhi NCR,False,0.86,woven,chinos,132,Kolkata,Tier-1,COD,normal,2,3,2,0,2,34,40,2026-04-30,6,True,0.344,False,24,42,Low (0-35),Medium (35-65)
PO001655,2026-03-21,V06,Bengaluru,False,0.89,knit,t-shirt,191,Jaipur,Tier-2,COD,normal,1,1,1,1,1,22,19,2026-04-09,-3,False,0.275,False,21,44,Low (0-35),Medium (35-65)
PO001805,2026-03-21,V06,Bengaluru,False,0.89,knit,polo,194,Mysuru,Tier-3,COD,normal,2,1,1,3,2,24,28,2026-04-18,4,False,0.33,False,26,51,Low (0-35),Medium (35-65)
PO002295,2026-03-21,V10,Delhi NCR,False,0.82,woven,trouser,200,Tiruchirappalli,Tier-3,COD,normal,1,1,7,3,1,37,37,2026-04-27,0,False,0.38,False,51,76,Medium (35-65),High (65-100)
PO002902,2026-03-21,V01,Tirupur,False,0.92,knit,henley,251,Patna,Tier-3,COD,normal,1,0,1,2,1,24,26,2026-04-16,2,False,0.33,False,36,54,Medium (35-65),Medium (35-65)
PO003190,2026-03-21,V05,Bengaluru,False,0.93,knit,hoodie,134,Patna,Tier-3,COD,normal,1,1,4,3,2,24,27,2026-04-17,3,False,0.38,False,31,57,Low (0-35),Medium (35-65)
PO003753,2026-03-21,V05,Bengaluru,False,0.93,knit,henley,111,Jaipur,Tier-2,Prepaid,normal,1,1,2,2,1,22,25,2026-04-15,3,False,0.22,False,19,22,Low (0-35),Low (0-35)
PO004212,2026-03-21,V06,Bengaluru,False,0.89,knit,polo,293,Kolkata,Tier-1,COD,normal,4,0,2,3,1,21,23,2026-04-13,2,False,0.275,False,22,37,Low (0-35),Medium (35-65)
PO004552,2026-03-21,V03,Tirupur,False,0.85,knit,polo,316,Ranchi,Tier-3,Prepaid,normal,6,2,1,2,3,24,27,2026-04-17,3,False,0.312,False,46,50,Medium (35-65),Medium (35-65)
PO004622,2026-03-21,V01,Tirupur,False,0.92,woven,denim-jacket,174,Kolkata,Tier-1,Prepaid,normal,2,1,1,3,1,34,41,2026-05-01,7,True,0.275,False,36,23,Medium (35-65),Low (0-35)
PO004837,2026-03-21,V02,Tirupur,False,0.88,knit,sweatshirt,192,Madurai,Tier-3,Prepaid,normal,2,1,7,2,3,24,30,2026-04-20,6,True,0.448,False,45,56,Medium (35-65),Medium (35-65)
PO000287,2026-03-22,V10,Delhi NCR,False,0.82,knit,t-shirt,282,Kolkata,Tier-1,Prepaid,normal,4,0,3,2,2,21,24,2026-04-15,3,False,0.253,False,33,27,Low (0-35),Low (0-35)
PO000786,2026-03-22,V02,Tirupur,False,0.88,knit,henley,167,Pune,Tier-2,Prepaid,normal,1,4,2,0,3,22,22,2026-04-13,0,False,0.26,False,35,35,Low (0-35),Low (0-35)
PO001040,2026-03-22,V03,Tirupur,False,0.85,knit,t-shirt,249,Vadodara,Tier-2,COD,normal,4,0,2,1,2,22,24,2026-04-15,2,False,0.275,False,37,47,Medium (35-65),Medium (35-65)
PO001106,2026-03-22,V03,Tirupur,False,0.85,knit,t-shirt,238,Jodhpur,Tier-3,Prepaid,normal,4,10,1,1,2,24,34,2026-04-25,10,True,0.33,True,48,40,Medium (35-65),Medium (35-65)
PO001755,2026-03-22,V06,Bengaluru,False,0.89,woven,overshirt,98,Chennai,Tier-1,Prepaid,normal,11,1,1,0,2,34,38,2026-04-29,4,False,0.22,False,32,20,Low (0-35),Low (0-35)
PO001802,2026-03-22,V04,Tirupur,False,0.9,knit,polo,146,Hyderabad,Tier-1,Prepaid,normal,2,0,1,2,2,21,22,2026-04-13,1,False,0.22,False,24,18,Low (0-35),Low (0-35)
PO001918,2026-03-22,V01,Tirupur,False,0.92,woven,chinos,72,Jodhpur,Tier-3,COD,normal,1,3,1,1,1,37,43,2026-05-04,6,True,0.413,True,48,67,Medium (35-65),High (65-100)
PO002208,2026-03-22,V11,Tirupur,True,0.75,knit,sweatshirt,210,Delhi,Tier-1,Prepaid,normal,9,5,1,10,1,21,33,2026-04-24,12,True,0.379,False,91,65,High (65-100),Medium (35-65)
PO003202,2026-03-22,V06,Bengaluru,False,0.89,woven,shirt,117,Indore,Tier-2,COD,normal,5,4,1,2,3,35,37,2026-04-28,2,False,0.325,False,45,67,Medium (35-65),High (65-100)
PO003658,2026-03-22,V07,Ludhiana,False,0.87,knit,hoodie,95,Kolkata,Tier-1,Prepaid,normal,1,2,2,1,1,21,19,2026-04-10,-2,False,0.22,False,10,15,Low (0-35),Low (0-35)
PO003750,2026-03-22,V05,Bengaluru,False,0.93,knit,t-shirt,247,Pune,Tier-2,Prepaid,normal,2,2,2,0,1,22,20,2026-04-11,-2,False,0.22,True,19,22,Low (0-35),Low (0-35)
PO004076,2026-03-22,V02,Tirupur,False,0.88,woven,overshirt,210,Chandigarh,Tier-2,COD,normal,1,3,1,2,1,35,36,2026-04-27,1,False,0.275,True,43,60,Medium (35-65),Medium (35-65)
PO004288,2026-03-22,V01,Tirupur,False,0.92,knit,polo,184,Indore,Tier-2,COD,normal,2,0,1,0,1,22,22,2026-04-13,0,False,0.275,False,31,47,Low (0-35),Medium (35-65)
PO004351,2026-03-22,V09,Delhi NCR,False,0.86,woven,overshirt,198,Coimbatore,Tier-2,COD,normal,7,8,1,3,2,35,33,2026-04-24,-2,False,0.275,False,43,57,Medium (35-65),Medium (35-65)
PO000236,2026-03-23,V06,Bengaluru,False,0.89,woven,trouser,212,Bengaluru,Tier-1,Prepaid,normal,2,14,2,0,1,34,36,2026-04-28,2,False,0.22,True,34,20,Low (0-35),Low (0-35)
PO001085,2026-03-23,V02,Tirupur,False,0.88,knit,polo,178,Vadodara,Tier-2,COD,normal,1,1,4,2,3,22,25,2026-04-17,3,False,0.373,True,42,71,Medium (35-65),High (65-100)
PO001115,2026-03-23,V01,Tirupur,False,0.92,woven,shirt,225,Kolkata,Tier-1,Prepaid,normal,2,1,2,1,3,34,33,2026-04-25,-1,False,0.26,False,42,41,Medium (35-65),Medium (35-65)
PO001447,2026-03-23,V02,Tirupur,False,0.88,knit,t-shirt,216,Vadodara,Tier-2,COD,normal,1,5,1,2,3,22,26,2026-04-18,4,False,0.325,False,45,65,Medium (35-65),Medium (35-65)
PO001975,2026-03-23,V01,Tirupur,False,0.92,knit,sweatshirt,236,Nagpur,Tier-3,Prepaid,normal,2,2,1,1,1,24,28,2026-04-20,4,False,0.264,False,34,32,Low (0-35),Low (0-35)
PO002168,2026-03-23,V06,Bengaluru,False,0.89,knit,t-shirt,224,Vadodara,Tier-2,Prepaid,normal,3,1,2,0,1,22,24,2026-04-16,2,False,0.22,True,25,22,Low (0-35),Low (0-35)
PO002574,2026-03-23,V02,Tirupur,False,0.88,knit,sweatshirt,115,Mumbai,Tier-1,COD,normal,3,1,1,3,1,21,24,2026-04-16,3,False,0.275,True,32,40,Low (0-35),Medium (35-65)
PO003310,2026-03-23,V04,Tirupur,False,0.9,knit,hoodie,159,Ranchi,Tier-3,COD,normal,10,4,1,3,1,24,33,2026-04-25,9,True,0.413,True,42,62,Medium (35-65),Medium (35-65)
PO003702,2026-03-23,V07,Ludhiana,False,0.87,woven,chinos,353,Dehradun,Tier-3,COD,normal,1,1,2,3,3,37,35,2026-04-27,-2,False,0.389,False,48,74,Medium (35-65),High (65-100)
PO003872,2026-03-23,V01,Tirupur,False,0.92,knit,polo,271,Raipur,Tier-3,Prepaid,normal,2,0,3,0,3,24,26,2026-04-18,2,False,0.358,False,45,56,Medium (35-65),Medium (35-65)
PO004096,2026-03-23,V01,Tirupur,False,0.92,knit,henley,157,Bengaluru,Tier-1,COD,normal,2,1,1,1,2,21,21,2026-04-13,0,False,0.275,False,26,40,Low (0-35),Medium (35-65)
PO004203,2026-03-23,V05,Bengaluru,False,0.93,knit,hoodie,115,Nagpur,Tier-3,Prepaid,normal,4,0,1,1,1,24,23,2026-04-15,-1,False,0.264,False,30,29,Low (0-35),Low (0-35)
PO004551,2026-03-23,V05,Bengaluru,False,0.93,knit,hoodie,135,Madurai,Tier-3,Prepaid,normal,1,1,1,0,1,24,21,2026-04-13,-3,False,0.264,False,24,29,Low (0-35),Low (0-35)
PO000587,2026-03-24,V05,Bengaluru,False,0.93,knit,hoodie,130,Guwahati,Tier-3,Prepaid,normal,2,0,2,0,1,24,25,2026-04-18,1,False,0.264,True,24,29,Low (0-35),Low (0-35)
PO001196,2026-03-24,V04,Tirupur,False,0.9,woven,denim-jacket,192,Chennai,Tier-1,Prepaid,normal,2,2,3,3,2,34,31,2026-04-24,-3,False,0.253,False,41,37,Medium (35-65),Medium (35-65)
PO001833,2026-03-24,V07,Ludhiana,False,0.87,knit,hoodie,138,Hyderabad,Tier-1,COD,normal,1,0,1,1,1,21,20,2026-04-13,-1,False,0.275,False,12,37,Low (0-35),Medium (35-65)
PO002014,2026-03-24,V05,Bengaluru,False,0.93,woven,shirt,139,Vijayawada,Tier-3,COD,normal,14,4,0,2,2,37,41,2026-05-04,4,False,0.33,False,44,64,Medium (35-65),Medium (35-65)
PO002871,2026-03-24,V04,Tirupur,False,0.9,knit,sweatshirt,171,Jodhpur,Tier-3,Prepaid,normal,1,4,1,1,2,24,24,2026-04-17,0,False,0.264,False,34,32,Low (0-35),Low (0-35)
PO003718,2026-03-24,V01,Tirupur,False,0.92,knit,sweatshirt,122,Delhi,Tier-1,COD,normal,0,1,3,2,1,21,24,2026-04-17,3,False,0.316,True,31,46,Low (0-35),Medium (35-65)
PO003801,2026-03-24,V04,Tirupur,False,0.9,knit,henley,74,Ranchi,Tier-3,COD,normal,3,1,0,0,3,24,29,2026-04-22,5,False,0.389,True,48,72,Medium (35-65),High (65-100)
PO003880,2026-03-24,V04,Tirupur,False,0.9,knit,hoodie,233,Guwahati,Tier-3,COD,normal,4,10,1,2,1,24,32,2026-04-25,8,True,0.413,True,50,62,Medium (35-65),Medium (35-65)
PO004446,2026-03-24,V04,Tirupur,False,0.9,knit,sweatshirt,270,Jaipur,Tier-2,Prepaid,normal,1,0,2,1,1,22,25,2026-04-18,3,False,0.22,False,29,25,Low (0-35),Low (0-35)
PO004546,2026-03-24,V01,Tirupur,False,0.92,woven,denim-jacket,229,Surat,Tier-2,Prepaid,normal,3,8,2,0,2,35,37,2026-04-30,2,False,0.22,False,55,38,Medium (35-65),Medium (35-65)
PO000007,2026-03-25,V07,Ludhiana,False,0.87,woven,overshirt,469,Kolkata,Tier-1,Prepaid,normal,1,2,1,0,1,34,32,2026-04-26,-2,False,0.22,True,30,20,Low (0-35),Low (0-35)
PO000055,2026-03-25,V03,Tirupur,False,0.85,knit,sweatshirt,274,Vadodara,Tier-2,COD,normal,6,2,1,0,1,22,24,2026-04-18,2,False,0.275,False,37,47,Medium (35-65),Medium (35-65)
PO000672,2026-03-25,V03,Tirupur,False,0.85,woven,denim-jacket,406,Jaipur,Tier-2,COD,normal,3,5,3,2,1,35,39,2026-05-03,4,False,0.316,False,70,73,High (65-100),High (65-100)
PO001371,2026-03-25,V05,Bengaluru,False,0.93,knit,polo,297,Ranchi,Tier-3,COD,normal,3,0,1,2,2,24,28,2026-04-22,4,False,0.33,True,32,51,Low (0-35),Medium (35-65)
PO001935,2026-03-25,V08,Ludhiana,False,0.84,woven,denim-jacket,50,Vadodara,Tier-2,COD,normal,3,4,0,6,3,35,39,2026-05-03,4,False,0.389,False,56,87,Medium (35-65),High (65-100)
PO002209,2026-03-25,V05,Bengaluru,False,0.93,knit,t-shirt,309,Jodhpur,Tier-3,Prepaid,normal,2,1,3,1,2,24,27,2026-04-21,3,False,0.304,True,29,35,Low (0-35),Low (0-35)
PO002284,2026-03-25,V08,Ludhiana,False,0.84,woven,trouser,218,Chennai,Tier-1,COD,normal,7,3,2,3,2,34,28,2026-04-22,-6,False,0.275,False,42,56,Medium (35-65),Medium (35-65)
PO002540,2026-03-25,V06,Bengaluru,False,0.89,knit,hoodie,311,Patna,Tier-3,COD,normal,4,5,3,0,1,24,23,2026-04-17,-1,False,0.38,False,45,65,Medium (35-65),Medium (35-65)
PO003157,2026-03-25,V06,Bengaluru,False,0.89,knit,sweatshirt,144,Vijayawada,Tier-3,Prepaid,normal,1,1,1,2,2,24,28,2026-04-22,4,False,0.264,False,24,29,Low (0-35),Low (0-35)
PO003329,2026-03-25,V06,Bengaluru,False,0.89,knit,sweatshirt,260,Indore,Tier-2,Prepaid,normal,4,0,0,0,3,22,25,2026-04-19,3,False,0.26,False,31,32,Low (0-35),Low (0-35)
PO003569,2026-03-25,V01,Tirupur,False,0.92,knit,hoodie,259,Lucknow,Tier-2,COD,normal,3,1,5,3,1,22,26,2026-04-20,4,False,0.316,False,42,61,Medium (35-65),Medium (35-65)
PO003643,2026-03-25,V07,Ludhiana,False,0.87,knit,sweatshirt,193,Kolkata,Tier-1,Prepaid,normal,2,0,1,2,2,21,20,2026-04-14,-1,False,0.22,False,10,15,Low (0-35),Low (0-35)
PO003762,2026-03-25,V06,Bengaluru,False,0.89,woven,overshirt,50,Raipur,Tier-3,Prepaid,normal,1,1,1,1,1,37,38,2026-05-02,1,False,0.264,False,36,34,Medium (35-65),Low (0-35)
PO004726,2026-03-25,V05,Bengaluru,False,0.93,knit,t-shirt,310,Chennai,Tier-1,Prepaid,normal,1,0,2,0,2,21,19,2026-04-13,-2,False,0.22,False,14,15,Low (0-35),Low (0-35)
PO004991,2026-03-25,V09,Delhi NCR,False,0.86,woven,denim-jacket,134,Tiruchirappalli,Tier-3,COD,normal,4,2,0,1,1,37,37,2026-05-01,0,False,0.33,False,40,64,Medium (35-65),Medium (35-65)
PO000118,2026-03-26,V02,Tirupur,False,0.88,woven,chinos,210,Coimbatore,Tier-2,COD,normal,1,16,6,3,2,35,41,2026-05-06,6,True,0.395,True,56,66,Medium (35-65),High (65-100)
PO001100,2026-03-26,V05,Bengaluru,False,0.93,knit,t-shirt,235,Guwahati,Tier-3,COD,normal,3,1,7,3,2,24,22,2026-04-17,-2,False,0.38,False,37,57,Medium (35-65),Medium (35-65)
PO001302,2026-03-26,V01,Tirupur,False,0.92,knit,hoodie,129,Indore,Tier-2,Prepaid,normal,0,0,0,4,2,22,28,2026-04-23,6,True,0.33,True,32,39,Low (0-35),Medium (35-65)
PO001679,2026-03-26,V02,Tirupur,False,0.88,knit,henley,488,Mumbai,Tier-1,Prepaid,normal,5,3,1,1,1,21,28,2026-04-23,7,True,0.275,False,38,18,Medium (35-65),Low (0-35)
PO001788,2026-03-26,V02,Tirupur,False,0.88,woven,denim-jacket,203,Bengaluru,Tier-1,Prepaid,normal,4,6,2,1,1,34,37,2026-05-02,3,False,0.22,False,50,31,Medium (35-65),Low (0-35)
PO002515,2026-03-26,V07,Ludhiana,False,0.87,knit,hoodie,275,Pune,Tier-2,Prepaid,normal,2,0,4,0,1,22,21,2026-04-16,-1,False,0.253,False,20,28,Low (0-35),Low (0-35)
PO004497,2026-03-26,V05,Bengaluru,False,0.93,woven,denim-jacket,384,Jaipur,Tier-2,Prepaid,normal,3,5,0,2,3,35,38,2026-05-03,3,False,0.26,True,59,45,Medium (35-65),Medium (35-65)
PO004638,2026-03-26,V07,Ludhiana,False,0.87,knit,polo,297,Jodhpur,Tier-3,Prepaid,normal,3,6,5,2,2,24,29,2026-04-24,5,False,0.304,False,39,35,Medium (35-65),Low (0-35)
PO004712,2026-03-26,V08,Ludhiana,False,0.84,woven,trouser,350,Raipur,Tier-3,COD,normal,0,2,2,3,1,37,41,2026-05-06,4,False,0.33,False,46,70,Medium (35-65),High (65-100)
PO004957,2026-03-26,V02,Tirupur,False,0.88,knit,henley,211,Bhubaneswar,Tier-3,Prepaid,normal,1,0,2,2,2,24,27,2026-04-22,3,False,0.264,False,34,32,Low (0-35),Low (0-35)
PO001283,2026-03-27,V02,Tirupur,False,0.88,knit,hoodie,176,Indore,Tier-2,COD,normal,3,1,1,1,2,22,27,2026-04-23,5,False,0.275,False,37,47,Medium (35-65),Medium (35-65)
PO002136,2026-03-27,V03,Tirupur,False,0.85,knit,sweatshirt,273,Chennai,Tier-1,Prepaid,normal,2,1,1,1,3,21,26,2026-04-22,5,False,0.26,False,30,28,Low (0-35),Low (0-35)
PO002899,2026-03-27,V10,Delhi NCR,False,0.82,woven,chinos,263,Lucknow,Tier-2,COD,normal,2,2,2,3,3,35,32,2026-04-28,-3,False,0.325,False,47,73,Medium (35-65),High (65-100)
PO003332,2026-03-27,V03,Tirupur,False,0.85,woven,shirt,271,Kolkata,Tier-1,Prepaid,normal,1,3,2,2,1,34,36,2026-05-02,2,False,0.22,False,36,23,Medium (35-65),Low (0-35)
PO003757,2026-03-27,V01,Tirupur,False,0.92,woven,overshirt,50,Vadodara,Tier-2,Prepaid,normal,1,5,2,0,1,35,35,2026-05-01,0,False,0.22,False,49,38,Medium (35-65),Medium (35-65)
PO004859,2026-03-27,V09,Delhi NCR,False,0.86,woven,trouser,245,Dehradun,Tier-3,COD,normal,7,3,3,1,1,37,38,2026-05-04,1,False,0.38,False,45,70,Medium (35-65),High (65-100)
PO000374,2026-03-28,V01,Tirupur,False,0.92,knit,sweatshirt,112,Surat,Tier-2,COD,normal,0,1,2,1,1,22,23,2026-04-20,1,False,0.275,False,31,47,Low (0-35),Medium (35-65)
PO001098,2026-03-28,V03,Tirupur,False,0.85,knit,sweatshirt,94,Tiruchirappalli,Tier-3,COD,normal,0,0,9,0,1,24,30,2026-04-27,6,True,0.474,False,41,68,Medium (35-65),High (65-100)
PO001200,2026-03-28,V03,Tirupur,False,0.85,knit,hoodie,273,Jaipur,Tier-2,COD,normal,1,2,2,1,2,22,25,2026-04-22,3,False,0.275,False,31,47,Low (0-35),Medium (35-65)
PO001491,2026-03-28,V05,Bengaluru,False,0.93,knit,polo,249,Madurai,Tier-3,Prepaid,normal,5,3,4,0,1,24,25,2026-04-22,1,False,0.304,False,35,35,Low (0-35),Low (0-35)
PO001611,2026-03-28,V01,Tirupur,False,0.92,knit,polo,144,Delhi,Tier-1,COD,normal,1,0,2,1,1,21,24,2026-04-21,3,False,0.275,False,26,40,Low (0-35),Medium (35-65)
PO001840,2026-03-28,V01,Tirupur,False,0.92,woven,trouser,261,Vijayawada,Tier-3,Prepaid,normal,1,2,1,2,3,37,36,2026-05-03,-1,False,0.312,False,52,55,Medium (35-65),Medium (35-65)
PO001845,2026-03-28,V01,Tirupur,False,0.92,knit,hoodie,264,Delhi,Tier-1,COD,normal,3,1,1,2,2,21,23,2026-04-20,2,False,0.275,False,32,40,Low (0-35),Medium (35-65)
PO001927,2026-03-28,V06,Bengaluru,False,0.89,woven,shirt,304,Hyderabad,Tier-1,COD,normal,1,7,1,1,2,34,35,2026-05-02,1,False,0.275,False,36,42,Medium (35-65),Medium (35-65)
PO001952,2026-03-28,V02,Tirupur,False,0.88,knit,hoodie,276,Nagpur,Tier-3,COD,normal,1,4,1,3,1,24,28,2026-04-25,4,False,0.33,True,36,54,Medium (35-65),Medium (35-65)
PO002648,2026-03-28,V06,Bengaluru,False,0.89,knit,sweatshirt,136,Pune,Tier-2,COD,normal,5,0,7,3,2,22,29,2026-04-26,7,True,0.395,False,32,50,Low (0-35),Medium (35-65)
PO003001,2026-03-28,V03,Tirupur,False,0.85,knit,hoodie,265,Kochi,Tier-2,COD,normal,1,0,2,5,2,22,24,2026-04-21,2,False,0.33,False,34,61,Low (0-35),Medium (35-65)
PO003586,2026-03-28,V02,Tirupur,False,0.88,knit,henley,215,Lucknow,Tier-2,COD,normal,7,2,1,3,2,22,25,2026-04-22,3,False,0.275,False,37,47,Medium (35-65),Medium (35-65)
PO003641,2026-03-28,V07,Ludhiana,False,0.87,woven,chinos,356,Bhubaneswar,Tier-3,Prepaid,normal,2,2,2,0,2,37,38,2026-05-05,1,False,0.264,True,40,42,Medium (35-65),Medium (35-65)
PO003932,2026-03-28,V05,Bengaluru,False,0.93,knit,hoodie,125,Nagpur,Tier-3,Prepaid,normal,0,9,3,1,1,24,24,2026-04-21,0,False,0.304,False,37,35,Medium (35-65),Low (0-35)
PO003971,2026-03-28,V01,Tirupur,False,0.92,woven,shirt,311,Ranchi,Tier-3,COD,normal,3,3,1,0,2,37,45,2026-05-12,8,True,0.413,False,54,67,Medium (35-65),High (65-100)
PO004491,2026-03-28,V04,Tirupur,False,0.9,knit,henley,174,Mysuru,Tier-3,COD,normal,2,5,1,2,3,24,27,2026-04-24,3,False,0.389,False,50,72,Medium (35-65),High (65-100)
PO000550,2026-03-29,V03,Tirupur,False,0.85,knit,hoodie,328,Indore,Tier-2,COD,normal,6,4,4,5,1,22,30,2026-04-28,8,True,0.474,True,45,75,Medium (35-65),High (65-100)
PO000908,2026-03-29,V02,Tirupur,False,0.88,knit,t-shirt,129,Dehradun,Tier-3,Prepaid,normal,1,5,1,3,1,24,25,2026-04-23,1,False,0.264,False,42,40,Medium (35-65),Medium (35-65)
PO001415,2026-03-29,V01,Tirupur,False,0.92,knit,t-shirt,303,Pune,Tier-2,COD,normal,3,3,1,2,2,22,27,2026-04-25,5,False,0.275,False,37,47,Medium (35-65),Medium (35-65)
PO002105,2026-03-29,V02,Tirupur,False,0.88,knit,t-shirt,109,Madurai,Tier-3,Prepaid,normal,1,1,2,1,2,24,27,2026-04-25,3,False,0.264,False,34,32,Low (0-35),Low (0-35)
PO003257,2026-03-29,V08,Ludhiana,False,0.84,woven,shirt,283,Indore,Tier-2,COD,normal,1,20,0,3,3,35,41,2026-05-09,6,True,0.406,True,55,73,Medium (35-65),High (65-100)
PO003258,2026-03-29,V01,Tirupur,False,0.92,knit,henley,348,Indore,Tier-2,Prepaid,normal,1,2,10,2,1,22,27,2026-04-25,5,False,0.253,False,34,31,Low (0-35),Low (0-35)
PO003429,2026-03-29,V05,Bengaluru,False,0.93,knit,hoodie,346,Kochi,Tier-2,COD,normal,15,3,2,0,2,22,23,2026-04-21,1,False,0.275,False,27,44,Low (0-35),Medium (35-65)
PO003663,2026-03-29,V05,Bengaluru,False,0.93,knit,polo,133,Guwahati,Tier-3,Prepaid,normal,2,1,4,1,2,24,24,2026-04-22,0,False,0.304,True,29,35,Low (0-35),Low (0-35)
PO004571,2026-03-29,V03,Tirupur,False,0.85,knit,sweatshirt,167,Lucknow,Tier-2,COD,normal,1,1,1,0,3,22,22,2026-04-20,0,False,0.325,False,37,57,Medium (35-65),Medium (35-65)
PO004650,2026-03-29,V02,Tirupur,False,0.88,knit,henley,257,Chandigarh,Tier-2,Prepaid,normal,4,1,1,1,1,22,23,2026-04-21,1,False,0.22,False,35,25,Low (0-35),Low (0-35)
PO004869,2026-03-29,V03,Tirupur,False,0.85,knit,hoodie,265,Ranchi,Tier-3,Prepaid,normal,1,0,1,1,1,24,25,2026-04-23,1,False,0.264,False,34,32,Low (0-35),Low (0-35)
PO004983,2026-03-29,V01,Tirupur,False,0.92,woven,overshirt,235,Bhubaneswar,Tier-3,Prepaid,normal,1,2,1,1,3,37,45,2026-05-13,8,True,0.389,False,52,55,Medium (35-65),Medium (35-65)
PO000338,2026-03-30,V08,Ludhiana,False,0.84,knit,hoodie,274,Bengaluru,Tier-1,COD,normal,1,1,0,5,3,21,21,2026-04-20,0,False,0.389,True,33,67,Low (0-35),High (65-100)
PO000562,2026-03-30,V07,Ludhiana,False,0.87,knit,hoodie,161,Vijayawada,Tier-3,COD,normal,1,1,2,2,2,24,25,2026-04-24,1,False,0.33,False,22,51,Low (0-35),Medium (35-65)
PO000607,2026-03-30,V07,Ludhiana,False,0.87,knit,sweatshirt,407,Dehradun,Tier-3,Prepaid,normal,0,2,3,2,3,24,28,2026-04-27,4,False,0.358,False,39,45,Medium (35-65),Medium (35-65)
PO001923,2026-03-30,V01,Tirupur,False,0.92,knit,henley,271,Jaipur,Tier-2,COD,normal,5,3,3,2,2,22,25,2026-04-24,3,False,0.316,True,42,61,Medium (35-65),Medium (35-65)
PO002654,2026-03-30,V05,Bengaluru,False,0.93,knit,polo,100,Kolkata,Tier-1,Prepaid,normal,9,3,1,1,2,21,19,2026-04-18,-2,False,0.22,False,20,15,Low (0-35),Low (0-35)
PO002751,2026-03-30,V06,Bengaluru,False,0.89,woven,overshirt,152,Delhi,Tier-1,COD,normal,1,1,1,4,1,34,39,2026-05-08,5,False,0.33,True,31,56,Low (0-35),Medium (35-65)
PO003427,2026-03-30,V05,Bengaluru,False,0.93,knit,hoodie,163,Ranchi,Tier-3,Prepaid,normal,3,1,3,0,1,24,24,2026-04-23,0,False,0.304,False,35,35,Low (0-35),Low (0-35)
PO004246,2026-03-30,V10,Delhi NCR,False,0.82,woven,trouser,178,Jodhpur,Tier-3,Prepaid,normal,1,3,0,5,1,37,42,2026-05-11,5,False,0.317,False,47,62,Medium (35-65),Medium (35-65)
PO004913,2026-03-30,V03,Tirupur,False,0.85,knit,polo,131,Jaipur,Tier-2,Prepaid,normal,1,11,3,1,1,22,29,2026-04-28,7,True,0.316,False,42,39,Medium (35-65),Medium (35-65)
PO000273,2026-03-31,V05,Bengaluru,False,0.93,knit,henley,249,Raipur,Tier-3,Prepaid,normal,5,0,10,1,1,24,27,2026-04-27,3,False,0.304,False,35,35,Low (0-35),Low (0-35)
PO000762,2026-03-31,V01,Tirupur,False,0.92,knit,polo,76,Nagpur,Tier-3,Prepaid,normal,2,1,5,1,3,24,30,2026-04-30,6,True,0.448,True,45,56,Medium (35-65),Medium (35-65)
PO001124,2026-03-31,V08,Ludhiana,False,0.84,woven,overshirt,136,Delhi,Tier-1,Prepaid,normal,1,6,0,1,2,34,36,2026-05-06,2,False,0.22,False,42,34,Medium (35-65),Low (0-35)
PO002147,2026-03-31,V09,Delhi NCR,False,0.86,woven,shirt,50,Hyderabad,Tier-1,COD,normal,1,5,1,0,1,34,31,2026-05-01,-3,False,0.275,False,32,42,Low (0-35),Medium (35-65)
PO002576,2026-03-31,V01,Tirupur,False,0.92,knit,polo,162,Dehradun,Tier-3,Prepaid,normal,1,1,0,0,3,24,25,2026-04-25,1,False,0.312,True,40,50,Medium (35-65),Medium (35-65)
PO004250,2026-03-31,V01,Tirupur,False,0.92,woven,chinos,147,Bengaluru,Tier-1,COD,normal,1,1,9,2,2,34,41,2026-05-11,7,True,0.395,False,43,59,Medium (35-65),Medium (35-65)
