reviewId,review_text,rating,helpful_votes,review_date
666f2a55-5520-40cf-a6dd-3b21e82e851a,"The quality of fabric is awesome, there is no doubt. But the worst part is unavailability of required size. It is always, literally always the required size is unavailable or out of stock. As a user that makes us very irritating and frustrating. I request SNITCH to maintain stocks for S and M sizes also, so that we don't have to wait long for them to back into stock.",2,0,2026-05-20 21:38:14
3b8f7f92-09a9-4947-a1fb-03c2e60b64ca,good quality,5,0,2026-05-20 13:36:35
e77be34a-0f19-4d83-a10a-d216245afd79,bro your android app sucks.. touch won't respond..so slow. multiple time need to close and launch again. very bad and laggy experience even in high end phones,2,0,2026-05-20 12:30:38
143fadfe-9f65-4895-b59d-ecd51e6432e2,"one of the worst app can't talk to executive cz 12 people are ahead of u and u hav to wait 30 mins, also app is super slow , delivery delay are normal here u can expect 4 to 5 days delay. worst first time experience",1,0,2026-05-20 10:07:38
0add7299-bbbd-4fb2-9d32-91b983086c40,do not use the app to purchase ...there is no option of return or exchange in case of damage or size issues ..,1,0,2026-05-18 23:25:20
63c31af6-f798-472b-a9e5-3f286b3472d7,super,5,0,2026-05-18 22:26:38
eecd59bd-b57b-462e-aa27-5569aad22fa7,👍🏻👍🏻👍🏻👍🏻👍🏻,5,0,2026-05-18 21:25:58
f7ed8feb-6516-4233-a8f9-399e23efbf64,App lags very much,3,0,2026-05-18 17:23:35
b10b52c6-bcc6-4c48-a61b-cdbc645ea63b,Don't order clothes from snitch app use other platforms Customer services the worst,1,0,2026-05-18 10:40:57
1b35c15e-5b96-45e2-9f3a-2471e0738fb0,good 👍,5,0,2026-05-17 07:38:03
438eabc6-f859-4f27-83a3-734519dc98b8,good,4,0,2026-05-16 21:03:30
8fef7f82-e2e1-4924-9702-942b23053c1e,"Worst service ever. I placed my order 11 days ago, the status says it is out for delivery since a week. The customer service team is useless they just give you the same robltic replies every time. They don't even have cancel option. They don't accept their mistake that the order was lost and they just keep prolonging everything until the customer gets fed up and raises cancellation request.",1,0,2026-05-16 20:37:21
093db5e0-8a72-4fd2-9f67-7ec059ec3d39,no proper customer support,1,0,2026-05-16 18:57:55
179032f3-3673-4967-acc3-c1cce776539b,quality product within good price,5,0,2026-05-16 10:33:56
acd5d94e-bf9e-415e-804a-f510f76e54f9,your maxium cloth are madup of polyster (plastic),1,0,2026-05-16 08:21:37
b95f760f-90d1-4b07-bda8-4834c6dd6327,"don't download this apps and oder , still I didn't receive my oder ,it about 2day delay my oder . they postponed after ot doesn't receive . this online apps is likely a fraud . u can't cancel your oder at anytime. I want to cancel my oder due to there delivery delay but it cannot cancel. its a scam online product.",1,0,2026-05-15 15:05:49
7924e916-4f02-4d1b-b748-5e3a1fc996c8,quality is very good,5,0,2026-05-15 14:22:08
45f80459-436b-4a39-91ce-e0f4511cf145,good,5,0,2026-05-15 10:01:29
429286c2-345c-441e-b763-485a06f28d93,amazing product,5,0,2026-05-15 09:31:10
8ffbaa02-7b09-42c3-b1ac-bd0ae426857e,it's so good 👍,5,0,2026-05-14 22:40:20
f230c721-12d6-4178-93cb-e9b5b7cf26f4,They won't pick up your return or exchange,1,0,2026-05-14 22:31:45
10db65fb-4cf8-40f7-bfb7-944bb33c05e7,Outstanding 😍,5,0,2026-05-14 15:17:15
293d2f8d-9132-44e2-bffe-99bbee2ce423,i purchase one shirt and two perfume both quality and feel is awesome. and i will be the recurring customer for them.,5,0,2026-05-14 14:25:24
ba1fc3cc-6dba-478c-a21f-a8c6c6e32787,why the app showing only double size cloths to me,1,0,2026-05-14 12:54:50
29f08961-42ba-4e30-be11-1de0e0f125ad,Best products at reasonable prices. I haven’t looked for any other brand since I started using Snitch products two years ago.,5,2,2026-05-14 12:38:38
2f523141-a542-4ce2-9cbc-504520b0afbd,very nice 👍,5,0,2026-05-13 22:51:26
3df7ae8d-f4bf-45fd-8e48-640a33c1e3c7,no customer support. no way to report missing items or know when/ if the order will arrive. They don't mention about the delivery area being out of service while ordering only to then give zero updates about the delivery.,1,0,2026-05-13 21:32:20
b1cf7810-3215-4d0d-b78a-b8b0442388e6,nice,5,0,2026-05-13 21:18:04
bc020a7c-cfad-4097-8d1e-0d62f78ab109,"Update : 24hrs after the previous review , they refunded the amount no questions asked.thank god , but yeah unless they fix their customer support wouldn't recommend. Don't download and don't order.... You'll just loose money and be struck in an eternal loop of 48hr tickets customer care nonsense. I had ordered for 60 min delivery which they charge more and it's been 4 days now no delivery, no refund and they don't allow for cancellation.",3,2,2026-05-13 20:56:11
cae2d39a-46af-4a5b-8825-ab37364af41c,"Worst experience ever, I'm writing to express my disappointment with the service I've received from Snitch. I recently placed an order, but unfortunately, it didn't fit properly, so I initiated a return request. However, it's been 5 days, and no one has contacted me or picked up the order. Also they have worst customer support team. This app doesn't deserve a single star they are only doing fraud with the customer. It's better to use other online Shopping platforms.dont use @snitch app.",1,0,2026-05-13 12:42:24
458540c3-7d25-43d2-89d0-beed56ee982f,one of the worst customer support ever. I don't recommend using this app,1,0,2026-05-13 09:31:53
97f995ec-b931-4ee8-bb4b-e489b7a88464,super,5,0,2026-05-12 14:49:51
d748aa24-3ad8-479b-a5cd-2bfdfa0e7de5,"I ordered a shirt and recieved on 1 may but shirt is damaged and that time there in this app no option to exchange or return now after 10 days they show exchange option and this shirt for my brother he live in europ now how I exchange the shirt, This shirt is in europ Moral of the story- I think please do not order if you order first you check then receive the parcel",2,0,2026-05-12 08:48:24
fa4e0a91-83ed-43f1-aa4e-714fca53c634,super,5,0,2026-05-12 07:59:15
0980b191-0306-4367-86bc-f3ce70ca48f8,I thought Snitch is a genuine reputed brand. they sent me old used cloth clearly costing me 1200 rupees for a turtleneck sweater. Bad. Mistakenly put exchange instead of return no option to cancel and return selection at least before an hour of raising exchange.,2,0,2026-05-12 00:42:40
af758074-6cbb-4c07-926c-09533bb0239d,"Although I love their products, the problem is that clothes sizes are always out of stock. Do you all ever restock them? And the second problem is that they need to review / check clothes size charts as they're incorrect. They often turn out to be big in size. So it would be great if Snitch takes care of these things!",3,0,2026-05-11 15:20:14
e63e5723-e447-442b-ac8f-e29811e2ad63,smooth interface,5,0,2026-05-10 17:40:06
b3c38acd-d984-41b0-b93a-2756adb022d5,"This is the very first app, who ruined my expectations, like seriously the order was about to come on 7 and it's 10 already, daily it's showing a date ahead to deliver my product, again it's showing 11 , how am I supposed to believe it now ?",1,0,2026-05-10 12:56:36
54be8ff2-a52e-4ad5-aaca-94f7ec0ef725,"i think, this is the go to for men's collections",5,0,2026-05-10 00:43:19
572b1403-c32c-4044-aa66-04fb703caab1,good 👍,5,0,2026-05-09 19:28:51
f385331e-09f3-4cb7-844c-d4f5ad306fd5,Excellent Collection,5,0,2026-05-09 17:01:01
2611035a-8538-4300-8dbe-e9d40cf1b833,classic brand,5,0,2026-05-09 08:15:25
dd3cd089-6650-49eb-bed8-2e05d8b875cc,The quality of these jeans is really amazing. The fabric feels premium and the fitting is perfect. I loved the design and comfort very much. But the only problem is that size 28 is not available in most of the jeans. It seems like the brand does not make enough jeans in smaller sizes. Many good collections are also out of stock most of the time. Please restock the products soon and add more options in size 28 because many customers need it.,5,2,2026-05-08 22:21:09
f5d95032-310c-416d-84f3-6c034f449a06,Wow!!!!,5,0,2026-05-08 14:21:56
b80614e9-e6ba-44ef-a1c8-572f53033808,awsmm,5,0,2026-05-07 12:31:23
6793099b-0db7-4f07-984f-92c1de27fa96,"This brand is teasing the customers. I mean really they want to sell the products..?? No way..!! you can't get your size shirts or trousers, round the year the site shows out of stock. Total waste of time by site surfing. Not recommended. Though products are of good quality.",2,0,2026-05-06 15:04:03
52a32032-d3d5-4d46-9bb9-e8defd07c144,This is really a good brand. Their product quality is superb.,5,0,2026-05-06 14:24:26
21102f8f-7536-4aef-9ec9-0f86135c8557,"Terrible return service + Unfair charges Order #6894729: Raised a return request for a pant nearly a month ago due to sizing issue. No one has come for pickup till date. The app still says “pickup will be scheduled soon” with zero updates. To make it worse, ₹50 is charged for the return when the sizing issue is not my fault. This is poor customer service. Very disappointed.",1,2,2026-05-06 03:04:09
29f79bb1-ce12-438a-ace1-dae52eefd930,"Product not delivered, after 3 Weeks need cancel my order. Waste of time and money.",1,0,2026-05-05 17:17:15
4ffda81e-426b-4cea-b5f7-fb30225b52cf,I purchased 2 jeans and 1 shirts from this app. I receive only one product. when I complain they send me the video clip of packing list of item.but uska kya hua jo mujhe 1 product received hue. na to koi refund hui na product mile. they looted my 3000 thousand rupee without sending the product. plz don't buy from this app. totally scam from the customer. very disappointed ☹️ and also mentally harrasment ho gy enki app se.my order id is 6963106,1,0,2026-05-05 16:41:39
ea42b4a0-2fb7-4da2-b4c0-23d0a83d12ce,worst experience i have ordered one cargo pant but when it got delivered to my home address the packet was empty filled with some leafs and torn cloths. there was no return option cannot call back customer care also I have loss my money around 1600 such a bad experience it was. They don't even mention by which courier they are sending. Nothing satisfactory!!!,1,0,2026-05-04 18:18:04
67ae1a9c-d821-4e6b-8c32-4e08464805f5,This is a fraud app I don't believe in snitch when I paid for my order my payment was cancelled and they didn't reply for that and I didn't receive any order or not any refund,1,0,2026-05-04 16:09:49
19b32d2e-6214-402e-a5c3-d74314b104b8,"totally failure .... pathetic support from customer care.. they don't even care abt the customer.. just deliver product and no listening.. approaching from last 10 days but not getting solution.. really fed up with this so called brand ""SNITCH """,1,0,2026-05-04 10:59:38
fbc1ba58-03fd-4757-acc0-da4a6edc4bdb,scammers didn't deliver my product and marked it as delivered,1,0,2026-05-03 11:04:38
bd70174c-e187-4240-b999-7a751493a7e3,Worst they scam people. for the vibrant yellow order they have sent the most dulled yellow. also please improve your app. laggy desgin. The UI looks like it was made by a small kid. The website is too laggy . if you can't be able to rectify these basic mistakes remove your software developer team . I heard you guys have 8-10 in the dev team that hires good ones.,1,0,2026-05-03 03:43:51
381fa274-af85-4626-8991-c44dfe6760c1,poor app,1,0,2026-05-02 09:16:08
bb9f9519-a070-40de-a031-afd0fee3c758,"This was one of the worst delivery experiences I’ve had. After paying for a large order (about 12 items), only 3 items were delivered, 2 of which i wanted to return but it took over two weeks with agents repeatedly calling but not showing up. And the bigger issue- The remaining 9 items kept showing out for delivery daily but never arrived. After waiting weeks, the order was cancelled without my consent. No real customer support, just useless FAQs. Extremely frustrating and disappointing service.",1,4,2026-05-02 00:16:50
b3630da4-fae0-47a4-8c66-b38ebfc95a48,"claim 60 minutes delivery, but deliver it the next day... frauds",1,0,2026-05-01 12:43:04
1b623c22-d86b-4d90-806d-0e88b76afbd9,"worst ever customer care support !! firstly the team asked me to send the product to a particular address, I did bt no response of recieving the order , no refund ! straight way my money gone ! order no.6906141 get me my money back",1,0,2026-05-01 11:41:47
560f2f93-cedf-4e9f-9edf-321f51b24f9f,very very very disappointed by snitch and their team. like literally the worst customer service. I mean I just shutdown your all online servers snitch. literally.,1,0,2026-05-01 00:55:28
72ee936d-91ed-45d0-bf1c-2cc7576a568e,wow,5,0,2026-04-30 20:28:44
b2300e81-4e54-44e0-bd3c-5fe8a394a3dc,very good the best place,5,0,2026-04-30 17:50:59
0829909d-62f6-40b7-b1c1-77524c5de161,Pathetic customer care. Why there's no option to exchange with some other item only for size exchage,1,0,2026-04-29 23:18:18
e24b308d-c0ff-4a76-a9de-bc0b4ae6ab51,App is working fine. The latest products on the App doesn't look great. Did Snitch lose their clothes designer? I used to want to buy everything they posted.. now it's meh,2,0,2026-04-29 17:49:40
be2e7707-9322-4aa7-be18-57773b509fd2,Worst app ever... Order delay every time. Customer support is not helpful.,1,0,2026-04-29 11:45:32
6bedb494-345d-4eec-8789-1189212fe8a8,worst quality of colours in all snitch products.🤬 I bought 1200 shirt and quality it too low and colour go out in just 2 wash in shirt makes white spots then i have to throw the snitch 1200rs shirt in dustbins,1,0,2026-04-28 10:51:44
002f341e-d190-4dc5-a771-6541c3e9ae2e,very very bad costumer care service,1,0,2026-04-27 18:24:25
f73a070c-dc55-4ebe-b3de-6bf19c140dbf,👍,5,0,2026-04-27 15:41:32
11de439d-1553-49f7-a278-138dfd4d439d,price very high,1,0,2026-04-27 09:40:45
ef7dae96-3670-4374-8bbc-7accc1d0bae9,"“I placed an order on 14th, but it has still not been delivered. There has been no proper update or clear communication from your side. This shows a lack of responsibility and poor customer service. Extremely disappointing experience. I would not recommend ordering from Snitch unless they improve their delivery and support system.” order no 6895447",1,0,2026-04-27 09:36:40
75eb7e98-a042-42d4-8d4e-5fd43b51b528,Experience is great !,5,0,2026-04-27 05:31:51
f6a1427b-7b98-46e7-8f5d-402208bad239,Poor delivery service. very bad at Delivering on time.,1,0,2026-04-26 15:41:52
4bfbd9cf-a14f-410b-becd-0ac4230fe566,good,5,0,2026-04-26 11:37:08
fc690cd1-adaa-462c-9012-0ca129e33cb7,very bady and froude application,1,0,2026-04-25 16:15:06
3dc42728-1480-43f5-aabe-73727d46fcc3,Worst return policy. Look out people,1,0,2026-04-25 11:55:33
07d8e222-4ed2-40c0-b1d8-a7bfc95287dd,one of the worst app and service ever. i made a return and it kept showing me pickup failed. when I talked to customer care they said it will be picked up today or tomorrow. they kept saying me until the return date was closed. pathetic behaviour and service. please do not buy anything from them.,1,1,2026-04-25 02:12:17
e1678147-7c9f-4f61-aee2-0195c7c282e4,"They dispatch wrong items(colour, size, etc) and when return they vil charge money for return also, they r simply thugs.",1,0,2026-04-24 20:26:05
790de6e6-a02b-4226-806a-79df5d09a417,Posted same review 2 year ago and still seems app is too laggy app hard to see products. kaha ja rahi he funding 😐,1,0,2026-04-24 13:55:11
f0c35bab-f2e8-4891-8005-6bc375dba82e,"Third class app with third class service. I ordered a product and requested a return. No one even bothered to call me. The app just says ""return failed"" and that's it. Zero customer support, zero accountability. Do not waste your money here. Worst shopping experience ever. Ordered one product, it had issues, so I requested a return through the app. No pickup call, no update, no help. Then the app has the audacity to show ""Your return is failed"". Failed because of who? Your pathetic service.",1,1,2026-04-24 08:59:20
4c0833e2-bf58-4028-9e1c-181fe0ebb34a,it's been 5-6 days for return request but my order is still not picked up. pure frod by this brand,1,0,2026-04-23 17:52:16
6ef171a0-76f5-4870-ad8c-a46d743f8a42,Good,5,0,2026-04-23 13:28:06
5dc7b863-b0f0-44bd-900f-d860d81d2b15,Okay,4,0,2026-04-23 10:20:57
7c4dcbfc-31ed-458e-8060-33e2702434c6,"Pathetic experience. When you try to return, you will be asked to courier yourself. And the customer support is a bot that is useless. And not to forget the fact that they will invariably send a random color instead of the one you ordered. Save yourself from trouble and buy from somewhere else.",1,1,2026-04-22 19:52:58
b75be3fd-06a3-42d0-bd78-b91ec639bf3c,worthless,1,0,2026-04-22 16:25:15
b5bf7ee3-c64c-4298-8bc0-08661b6010cc,there is no option to give Zero rating. The service is PATHETIC AND CUSTOMER SUPPORT IS CLOSE TO NILL. YOU CAN PLACE AN ORDER AND HOPE YOU MAY OR MAY NOT RECEIVE IT .,1,0,2026-04-22 16:02:43
30b5131d-d396-4cad-b1f5-2e2b0d1a5505,good,3,0,2026-04-22 07:49:57
0fda4367-5d43-4276-823a-b72aa0bd471d,"Worst payment experience ever ""Paid for my order, money got deducted from my account and the app shows FAILED TRANSACTION. No order placed, no confirmation, nothing. Just my money gone into thin air. Tried contacting support — useless. This is straight up robbery. App looks fancy but the backend is a complete joke. Would give 0 stars if I could. Never trusting this app again.""",5,7,2026-04-21 16:39:20
5676a59f-6540-4443-bbdb-d3583739145e,"Great quality products and very fast service. Will definitely come back!""",4,0,2026-04-21 12:20:51
c3b85a67-6b4c-447d-9c49-692f02060dce,easy to use,4,0,2026-04-20 22:16:55
6f5a4376-b2ab-4737-8e27-338286364dbf,"""1st review on 14/04/2026"" I recently ordered 3 products, but they delivered only 2 products and out of those 2 products one product was totally different from what I ordered. And their customer care support is not quite responsive, so unfortunately I have to lodge this complaint to Consumer forum. Thank you Snitch for the sufferings !!! You literally Snitched... ""2nd review on 20/04/2026"" Finally received my 2 products out of 3 and I wasn't expecting to be too good. Quality top notch.",3,0,2026-04-20 20:30:16
730e3f05-924e-4542-8063-41550a6af278,Good,5,0,2026-04-20 18:01:49
e295668e-d0f4-43c6-9170-ecc94f463178,On Thursday pickup of clothes was done(16/04/26) and it's 20/04 today. it still shows that pickup is scheduled and will be picked up. I've contacted customer care twice. nothing works. I'll get my refund for sure but I'll never use this app after this,1,0,2026-04-20 13:31:31
ac6cf3cc-e123-43a4-83c3-abc6eb56ebb9,"I ordered 11 clothes and they delivered 10 items and marked all 11 items have been delivered, when I raised a complaint I experienced pathetic customer support and no solution for this issue, never order anything from snitch.",1,0,2026-04-20 08:22:16
df6cdf82-76c4-449d-8281-29ba7ce03d38,"This app is completely useless it’s a scam. The app clearly mentions a return policy, but they don’t follow it. Instead, they harass customers, and their backend team has the worst behavior. I had a personal experience where they cut the call without even listening to me. Even after I repeatedly requested them to arrange a pickup for my product, they kept telling me to “wait” and tried to avoid helping me as much as possible. After the return policy period expired, they don't respond. it's scam!",5,4,2026-04-19 22:03:18
60603f8b-e000-4e64-93ee-7c25dcfc9204,"I have ordered a shirt from this brand, when I want to return, they said that I have to return by myself to their warehouse which is in Bengaluru and I am in assam? I don't understand what kind of behavior is this..this is your duty to take care of your customers, I will not order from this brand again, and I will not recommend to anyone also",1,0,2026-04-19 15:46:47
e1612534-560f-4bc9-8907-655aa82f9abd,"over priced,always stock out",1,0,2026-04-18 17:08:38
e52bfee9-8fa7-453e-a5c3-e23761258396,pathetic experience no customer support delivery delayed by hours post claiming 1 hour delivery,1,0,2026-04-18 16:23:16
82ac5830-b11e-4818-8d43-0df1bda47465,nice collection,5,0,2026-04-18 15:28:10
7a6367a8-b95d-468e-bd00-963fb44e6d04,"Extremely disappointed with my first experience at Snitch. While the ordering was easy, the return process has been an absolute nightmare—easily the worst I’ve encountered across any online platform. Caution to new buyers: getting a return processed is a massive headache.Till my order not picked up even after 3 time follow up with customer care",1,0,2026-04-18 15:21:16
07036a65-31f1-4261-aa6f-442a0ff72886,"worst shopping experience,the delivery service is too bad,please don't order from snitch,ull loose ur time n patience, waiting for delivery,the coustomer support they just say we r working on it,but no actions will b taken.",1,0,2026-04-18 12:25:24
4af9685d-2c37-4d9c-b2e6-4d8bc5a153be,very nice product,5,0,2026-04-18 12:23:55
d68e5090-91d8-4797-bd50-bf25f280bd2c,They first take a prepaid order and then do not deliver it and now there is no refund option also. This is a very useless application. I will never use it and will not let anyone use it. I will request everyone not to use this applicationn.. fake application snitch,1,0,2026-04-18 10:55:43
4444177d-b312-4053-b852-391318545c97,nice collection,5,0,2026-04-18 00:55:30
1c123b46-6cf5-4de2-8001-1feab9f75a2d,"there's no option of minus rating, I rather do that, I don't understand what's the point of showing product available if you don't have in stock, i literally order 4 times from last 2 week, whatever i order it got cancelled for straight 4 times, and that's something we get to know by calling customer care, till you don't get any notification of order cancellation or anything, worse experience I ever get from any online shopping platfor.",1,7,2026-04-17 19:23:25
5140c26f-36ed-4805-a889-42b620656938,The designs are new fascinating but it gets out of stock in a short time and it takes so long to get back in the stock. I have been checking for months the product I wanted is out of stock and if it's there the size is not available. not recommended for gifting they take months to get in stock to get the size etc etc. I wanted to but as a gift and from 2 months back i have been searching for the product and I'm checking it everyday since then it's out of stock. I suggest to buy from elsewhere,1,0,2026-04-17 19:20:22
0d04b7bd-12df-4e4b-95be-00a3e8e49bce,worst app and worst services i have returned shirt 10 days ago and still not picked up and they don't even have proper chat bot i strongly ask people not to buy from Snitch they don't even have customer support team no Redressal of your query even they charge for returning your order even if size is not accurate size chart is not proper as mentioned,1,0,2026-04-17 16:13:06
3c8f0b33-cd77-448a-a995-62ec5e3006a0,"Worst experience with the service I requested return on 3rd of April they said return will happen soon then they cancelled I again requested return again theydid same thing delivery partner also said will come to pickup the return order but did not come to pickup when I called he said there is no such return order on this location the same guy I talked to one day before and now they are saying we can not accept the return request as it has been more than 10 days, while they failed to pickup retu",1,0,2026-04-17 11:25:29
44a3bd0f-1e8a-4faa-acf8-a2012e9fd946,"I writing regarding order number 6822352. I ordered two pairs of jeans, but since the size was not suitable, I requested a return. While the return was approved on April 8, 2026, the items have not yet picked up, and I have not received my refund. Could you please provide an update on when the pickup will be completed and when I can expect the refund to be processed?",1,0,2026-04-17 11:14:58
dc3ad16c-3f52-43bc-8fed-b9e32fa48456,I had ordered a white linen shirt and it's showing out for delivery from the last 3 days but I haven't got any call from the delivery partner for these 3 days and my product is still undelivered,1,0,2026-04-16 18:06:46
3f8e90cc-144b-44b2-8b97-1a2860252f9c,good,5,0,2026-04-16 15:02:56
d0b1c848-08b0-46f6-a814-23ae7f128b6f,"I returned my product on 10 April, but it still hasn’t been picked up. Additionally, I have not received any update regarding my refund. This delay is unacceptable and reflects very poorly on your service. I request you to arrange the pickup immediately and process my refund without any further delay.",1,0,2026-04-16 07:39:33
36fbbe24-ac9a-41eb-b3f6-8c17a421884a,my order did not reach me even after 5 days of delivery date. no use of talking to customer support or the delivery partner shadowfax,2,0,2026-04-15 19:28:11
7aae7fab-4584-4e04-ab0e-21f1f19fc5a3,Good 👍🍁,5,0,2026-04-15 18:48:32
752ee075-2f52-4712-bb84-b2d8b4fc6d8b,best application for meddle class,5,0,2026-04-15 10:56:16
f40f8d57-dffb-4094-8d15-b39ca03c5cad,good,5,0,2026-04-14 21:15:05
a4ff0d29-e90b-4b8b-b57a-8b03963e24b4,waste application don't anyone use these applications,1,0,2026-04-13 21:44:32
907b6f86-462c-46f7-b28b-220ae40c177b,"Return order is not collected and there is no way to reach out to them. Customer support doesn't exist. This is really pathetic from store like snitch. Loosing customer's trust, if I can't return what i bought",1,0,2026-04-13 15:05:58
339c4498-454a-4504-be32-e1a686528297,pathetic service......while opt for exchange......there person didn't came n blaming th customer.....saying ill come at my time.....I've night job I came 5 o clock and now he is saying ill not come do whatever u want.....at last you've losted an esteemed customer......pathetic brand,1,0,2026-04-13 14:43:23
7b514206-7c1d-4dd0-aa8d-ba4492e30ac8,"worst app ,i never seen before,over prize and worst clothes quality",1,1,2026-04-13 09:23:10
c4322abb-e970-4169-96a9-3038d957c30f,good,5,0,2026-04-12 08:52:36
fad93f9a-6daf-4ec7-a22d-b290cc89260b,mujhe snitch se shopping krte 2yrs ho gye bt kl maine reel m dekha ki 11th or 12th april ko discount milega bt aaj jb shopping ki tb waha bilkul bhi discount ni diya gya. m sirf itna bolna chahta hu ki aap galat information ya fake reels upload mt kiya kijiye aaj ka experience bilkul bhi acha ni tha seriously,1,0,2026-04-11 15:00:51
a66b10ab-ca62-422a-88f7-e39a54dc49f9,best,5,0,2026-04-11 11:16:41
b389f7af-afc6-461e-819f-eb54510246d0,I love all snitch products,5,0,2026-04-10 10:57:18
925b1f06-ebcf-4dc0-a88a-69dcf1091e6b,Charging fees for exchange/return. If you want go for store purchase instead app purchase.,2,0,2026-04-10 09:27:06
d6f868c7-4445-4645-8b4c-1a89bfa652f4,worest app,1,0,2026-04-09 13:07:11
a12c94cb-0ec2-41b2-b5a0-d7107acd5b31,Too Good Options to wear,5,0,2026-04-09 12:04:55
8b2c0b78-319f-41d7-8d82-b8e34c33b0e3,Nice 👍👍👍,4,0,2026-04-09 09:17:26
61ee22da-21bd-4911-ba15-64f94b68a387,good,5,0,2026-04-08 21:45:22
69b0bec4-0eab-424e-8f9f-2342d887d930,worst app no filter provided,1,0,2026-04-08 19:00:57
58e2c4bc-3486-4ea4-8662-3a5c1f16bec0,pathetic delivery services from snitch and delivery partner bluedart.......even after a prepaid order they are just saying they are taking care of the delivery issue. delivery partner didn't even tried to call me for delivery and mentioned remarks as premises closed multiple times ......I would not recommend any one to purchase anything from snitch......,1,0,2026-04-08 12:57:15
611e1d02-8933-4786-aadd-a2848ebc6409,addicted to snitch🌟,5,0,2026-04-08 11:41:13
b682532d-d453-4a1b-bd3c-7826286532cd,excellent,5,0,2026-04-08 09:49:04
6413cd38-d6d2-45c5-b514-22449d8fab84,they have now resorted to stealing people's money by keeping their returns at hold. no reply to mails nothing . you just cant contact them .and also the interface just says that the pickup will be processed with 24 to 48 hours and it has been saying that since 26 march. now they only reply on playstore and send a link which is a plain text to open which is complete mockery ......💩💩 i hope my 953 rupees will make you a unicorn company...,1,0,2026-04-07 20:49:19
1925b2df-0b65-43a0-b6e2-545fae4f2856,clothes fit well but they get worn out after a few washes.,3,1,2026-04-07 20:11:35
65528ad2-e611-47de-ba1a-7c83f13cb326,Awesome,5,0,2026-04-07 16:39:37
2f3606a4-feba-4bb3-b263-ca780b5cda4e,I ordered a jeans recently but I was delivered a third quality lower. I really felt betrayed and robbed. ...never ordering anything from Snitch again,1,0,2026-04-07 12:46:53
bcb8f134-2107-4671-aa35-f4133a8eaf19,"The Snitch app has a good variety of clothes, which I really liked. that said, the order management experience needs improvement. The orders listed in the order table don’t have any identifiers and aren’t clickable, making it difficult to distinguish between items. Because of this, I wasn’t able to confirm which item I needed to return or exchange.",4,3,2026-04-07 08:35:15
cb606210-6126-458f-8de8-1f5ed23ce4ff,pls guys they have a issue in refund,1,0,2026-04-06 21:10:41
2647a9f0-fb89-4670-9aeb-21abb46b460f,worst,1,0,2026-04-06 19:29:31
d74cd9de-921e-420d-a2a6-443abfb1dfcf,fake,1,0,2026-04-06 18:04:42
549e88e2-52a5-46c4-89a2-4454f7a3bb30,"Fraud business, order is neither getting delivered, nor getting cancelled",1,0,2026-04-06 10:40:32
e03ee665-c54b-4e51-bfff-345dac01fadf,thik,2,0,2026-04-06 10:14:59
09fcfeda-13b6-4e9e-b4bc-aa1d9d6c7cb5,"i strongly recommend don't buy products by this app because the return facility are worst. i ordered much products, qualities are good but talk about service that's horrible .",1,1,2026-04-06 01:27:43
dea9427e-01e4-4bdf-b9cd-e96c5d7661bf,Excellent 👌🏻👌🏻👌🏻👌🏻💕,5,0,2026-04-05 22:02:44
b992457c-a756-4608-bbce-d65a78963e33,nice experience,5,0,2026-04-05 17:37:06
954b7796-3f60-4589-b2f4-4ab665772f2d,inventory issue i going to buy from somewhere else may your are doing this for marketing purposes but this will going to backfire you one day because it was frustrating,1,0,2026-04-05 17:05:31
df31b82f-4732-4e4b-9b9a-c4bd02b45acf,fitting perfect,5,0,2026-04-05 10:28:43
3cdcb606-89f6-4348-999c-6a207e2fd4f6,Exilent,5,0,2026-04-04 20:26:16
caf7c81f-52ce-4fd6-9194-234a27607445,"paise ki kami nahi hai, jitne logo ne bhi install kiya hai unko",1,0,2026-04-04 19:36:21
ae1b5d6c-13ab-4ff1-9eb7-8b6c9719f73c,"Don't buy from this snitch. Extremely disappointing service. I ordered for a special occasion trusting the delivery promise, but the order was delayed and there was no proper support. Chat support kept repeating the same answer, and even the DM response looked like a bot message instead of a real resolution. It is frustrating when an app makes strong delivery promises but fails to keep them. Customer support should actually solve problems, not send automated replies again and again. Very poor.",1,1,2026-04-04 10:47:36
e5fa40c9-8c77-485f-8d46-aeaf9369b163,Nice experience,5,0,2026-04-04 07:39:16
67cc4e12-cc6d-402e-90db-3ad1f24cb354,good,5,0,2026-04-03 23:09:51
fe393368-aa94-4713-b9bc-ae835170da0c,"I had placed a order 6813525 for 2 items amounting 2284, which successfully got debited from my account. However, the order got placed only for 1 item and the tracker shows amount of 1016. I have raised a ticket for resolution, however when the 1st time experience results like this, it would become definite that we would think twice before ordering on snitch.",1,0,2026-04-03 19:21:07
06ce70ad-95f4-498a-8467-f653d4aedd9c,expensive 🫰🏻,1,0,2026-04-03 16:00:03
7f3d185a-5639-4132-bae9-02d44f71ec2d,good,5,0,2026-04-03 14:34:35
9bb4d675-3eee-411e-9fb8-f07b8a2fb6e5,good service,5,0,2026-04-03 13:13:11
24939449-9ad9-4d5e-9d9b-a55ff037343c,I have ordered a jeans from Snitch app and it didn't fit me so I requested a return for the same. They are cancelling and rescheduling the return pickup of my order without even contacting me once.  every-time when I contact them they are constantly giving me the same answer that they have escalated my issue and will fix it within the next 24-48 hours. This issue is going on for almost 8 days still my issue is pending.  Their customer service is pathetic and misleading.,1,4,2026-04-03 10:30:35
5adb13e2-4875-44db-b1fd-efafb1d5ecb8,nice clothings,5,0,2026-04-03 08:38:09
2ca5df93-60e1-40f5-814f-26a229dd8d3f,do not but from snitch they won't pick up order for return. I am waiting since 20 days. customer service is non existent just a chat bot,1,0,2026-04-03 05:36:15
8eb35f09-10f3-423c-af69-592fbea96b29,app isn't working the interface is white nothing is showing,1,0,2026-04-02 21:40:09
78806cc2-cb54-4e5d-9b1a-9796f149e1e4,best cotton collection 😁❤️,5,0,2026-04-02 13:50:26
c3946fe3-94f2-4541-a15d-b51e7e3f7500,supar,5,0,2026-04-02 13:43:04
37bbd369-ad64-49e4-9dca-d2669e04e6a7,thank you,5,0,2026-04-02 12:04:26
d0486d41-0010-43c8-b3b8-8d6daa083521,very good collection's with reasonable prices,5,0,2026-04-02 07:06:18
d1c19ff9-9f62-4b84-923e-35f8c9b24f9e,very expensive clothes try shein cheap nd best,3,0,2026-04-02 04:54:15
d9996feb-d09c-46ac-a7ea-5b48d80333a7,"very poor service of this app,very late delivery,and didn't inform you about late delivery one of the worst thingh about this app there is no customer care number you can't contact to customer care there is automatic answer by app, your queries never resolved you can't contact with customer care",1,0,2026-04-01 20:42:51
f3ae0d76-6290-4687-a6e3-c70383e88621,"For the past 5 Days, I didn't receive my refund.even after raising multiple tickets, the response from the team is not satisfying. They are just throwing concern to some other person instead of resolving.",1,0,2026-04-01 19:28:51
1d2470ac-8f94-4264-b10b-c4f1bd6f4012,"Hi, I ordered 2 perfumes on 26 March 2026 (Order no. 6766030), but I still haven’t received the delivery even after the expected date. I also raised a complaint (Ticket #TKT-456570, #TKT-750724), but there has been no proper update and the tracking status is not moving at all. I tried contacting customer support multiple times and even booked a call slot, but every time the call gets disconnected without any conversation. This is very unprofessional. This is a prepaid order, and it is not acce",1,1,2026-04-01 17:02:57
8bf9ce4b-265b-4b9e-9402-5419271ffc36,Make the sold-out clothes available again. I am waiting.,1,0,2026-04-01 12:35:41
affdf20c-0be3-4a46-8b3a-863e3bbf5e5b,love it .. one of happy family costumer I'm 🤗,5,0,2026-04-01 08:47:55
5458bcbb-974f-4059-9116-c2ce089bf4db,"Simply, unresistable style and awesome comfort. I have purchased 5 formals and two jeans. Thanks to the entire Snitch team.",5,0,2026-03-31 20:19:39
da5e937f-d79b-4d36-977e-0bb344740482,"I had purchased two products from Sneh's, which I returned. However, when the delivery person came, they took both items, but the app shows that only one product has been received. What should I do now?",1,1,2026-03-31 18:58:50
95a5f97f-d7be-4006-b73a-62e76b2962b1,nice clothes,5,0,2026-03-31 12:54:00
eccd1f13-4578-4004-acc4-ffa9e19b7895,"I have initiated a return request for Order ID 6746660, but I haven't received any updates so far. It's been quite frustrating trying to get assistance, as the Al support hasn't been helpful.",1,1,2026-03-31 11:24:23
b51ac84d-9d45-4a26-aef5-9e6fef0a3238,good,4,0,2026-03-31 10:38:11
59c2e385-a2c3-4fa5-9512-e0c15b5cd584,"The return policy is very bad. It's been almost 7 days since I applied for a return, but my parcel hasn't been picked up yet, nor have I received my money back. I request everyone not to buy anything from snitch",1,1,2026-03-31 00:05:12
d368f7ba-b981-4b91-b090-120bf15a7441,good,3,0,2026-03-30 22:51:39
93e40fca-6bf2-4be7-aa82-9a3f961a2afa,worst service i have Ever got They doesn't have any delivery partner using third party for that and they are the big liera i have ever seen scammer you are,1,0,2026-03-30 20:10:42
9e974a6c-3ddc-4b83-a189-bd696dd8e7a7,"Very irresponsive app trying to login and purchase something, still unable after 4th try..... frustrated",2,0,2026-03-30 19:24:21
02d2c2d4-9cde-43aa-a375-7d6f5d11d526,Nice 👍,5,0,2026-03-30 13:54:29
a35a4a42-8261-4f57-be0e-a2dd990ccefd,waste and coupons are not working even for first time users,1,0,2026-03-29 21:35:29
f2df6963-444e-4809-8ee4-63a2e8d3cd9d,no sizes available. change the app developer please,1,1,2026-03-29 17:01:05
a3c9dc65-8baa-45c6-805f-6c10297e7070,good support,5,0,2026-03-29 15:41:58
f2be9787-184f-493a-96fb-8a6bee107fff,worst app experience...UI is not good..no customer support option available.,2,0,2026-03-29 10:25:28
84d0f7c5-3c45-4294-afa7-20dac20023d6,good,5,0,2026-03-28 21:53:30
84d0b28d-87a8-4070-b470-536841b21520,"Nowadays I am only grabbing my outfits from SNITCH 😂, Everything perfectly matches my fit. Thanks SNITCH for keep Updating my Looks and Style 😎.",5,0,2026-03-28 18:37:55
afc9726c-1912-4358-af60-153970fbe3af,good,5,0,2026-03-28 02:54:21
c6fcd1c6-e086-4cab-9b3c-94cfb861a868,"good interface, and easy to use.",5,0,2026-03-25 15:34:14
bd416c4d-685e-44b8-92e8-ce5063024a6c,EXCELLENT 👌,4,0,2026-03-25 12:33:16
a0665ffd-77d7-4b57-b3ed-a6ffa37cf94f,nice app,5,0,2026-03-24 21:16:10
f7f63427-86a0-4b4d-a0b1-9087be95c878,In Simple words Snitch is a style statement with steal deals,5,0,2026-03-24 14:48:49
3c803c24-d594-420d-89be-a98172f5ebf2,super 👍🏻,5,0,2026-03-23 23:22:23
b7dee745-e4e2-4d9e-8947-b0797e1d2891,"I’ve been chasing you for 15 days, and it’s pathetic that I’m still waiting for a simple pickup. Your customer ""support"" is a joke—I’ve requested callbacks multiple times and received nothing but silence. It’s crystal clear you don't give a damn about your customers. This was my first time using this app, and thanks to this garbage experience, it will be my absolute last. I know you think losing one customer doesn't matter, but your incompetence is embarrassing.",1,2,2026-03-23 17:58:10
858a3b85-4dfd-47ef-a735-3cadedd1abbf,good,5,0,2026-03-23 17:51:23
295aa007-f171-498f-b115-52fcf1fcc4a8,UI on desktop and app for snitch is DISASTER images don't get zoom or pop out very bad UI design,1,0,2026-03-22 23:19:12
a5285d50-b97c-4ec8-9eb8-85ec8d74304e,Nice and trendy collections,5,0,2026-03-22 22:14:59
b4264533-3e93-4f26-854c-35324acd4838,good,4,0,2026-03-22 02:14:19
0b4ec1e3-ebe3-49d6-a261-706dfc70b994,worst service. please don't book... i ordered one pant. but delivery boy camed to my delivery adress. unjust say to her i will be there at 1 hr. but he refused to deliver my order. I called him 20 more times. and also complaint at snitch. and delivery porter also. snitch also not responding. worst service. please don't book at snitch app,1,1,2026-03-21 22:34:45
74f13bde-d403-4e93-8fa5-8d37847cf2e4,I usually doesn't give ratings but this snitch is a fraud i order a trouser for 60 minutes delivery but they didn't delivered and i raised a refund for my order there is no any updates,1,2,2026-03-21 21:06:50
39976d64-fa87-454d-bf60-f3c86bc1cfff,wrost service and froud company,1,2,2026-03-21 16:31:03
df5796e5-403d-492a-b92c-4d6c4bdb984f,The worst experience I ever had with any Fashion Brand I ordered a luxe polo t shirt for an occasion but the order didn't even reach me It was a pre-paid order. I contacted the service team multiple times through customer support but they say we will deliver it today even a delivery executive contacted me but He cut the call within a second and after I tried to reach him he didn't even answer my call around 20 times I tried to call him after I inform the customer support Even they didn't helpme,1,2,2026-03-21 16:25:33
c3f3a7fd-b5ff-4db1-aa69-51de930d2e20,too slow and not user friendly at all,1,1,2026-03-20 23:46:06
0c987b53-1415-49d0-9ec0-3b9cd7e142bf,i have ordered two shirts which are supposed to be delivered by the 13th of this month it's been a week since then I didn't get my order and customer care support is useless i didn't expect this from snitch 👎 and neither cancelling my order.,1,1,2026-03-20 11:36:36
dd6aeb87-fe9a-4195-98f1-686c62023568,good,5,0,2026-03-20 10:34:45
f923a17e-242b-4c36-a64a-18ab9d4494ca,good product,5,0,2026-03-20 06:18:35
9ae949af-d467-49d3-85d0-02765a7a6c7f,Very poor customer service. I have put a order for exchange even after 10 days nobody came for the pick up and now i can't even launch a complaint again through app. This is disappointing seriously what kind of service you are giving to customers. I am living right in middle of Banglore still you can't do deliveries. My order ID is 6637271 in case if you still want to resolve my issue. Thanks,1,2,2026-03-19 17:42:18
dad790bd-c252-4717-845c-edeed50fca1f,my first order,4,0,2026-03-19 17:00:21
767965ed-ea23-414c-b272-4152f7d76331,"Do not order from here; the service is terrible. There is no point in contacting customer service—they do not understand your issues.Hi Sir, it has now been a week since I returned my order. I have been speaking with customer service daily to explain my issue, but so far, no resolution has been found. Please process my refund.",1,0,2026-03-19 13:20:37
0d1c7f35-fc61-461e-bd28-8f19fdab70f6,best collection 😄,5,0,2026-03-18 21:11:20
aca410e3-abe6-4c93-b3b5-f070a02b1ab9,great.,5,0,2026-03-18 19:13:53
243819ac-5bff-4b61-a6f4-7ab49f73e42e,nice snich,5,0,2026-03-18 12:22:24
5ab35a34-9e9d-4ecd-aa61-6e99e7ca9ec0,good,4,0,2026-03-18 00:39:39
0594cb32-df92-47b4-ad76-ba5505600faf,I have made a purchase through your app for the first time; let's see what the clothes you send turn out to be like.,5,0,2026-03-17 19:49:56
faa9ba36-e6cd-4027-b139-1788b8941c45,Good,2,0,2026-03-17 14:33:43
a2517afb-6b44-434c-90ec-3c41a16f3d14,"""Mera Order ID 6647211 hai. Maine shirt mangayi thi par wo winter jaisa fabric hai aur mujhe quality bilkul pasand nahi aayi. Main ise return karna chahta hoon, lekin app par 2 baar return request apne aap cancel ho gayi hai. Kripya mera return pickup confirm karein.""",1,1,2026-03-17 06:05:26
5cd7a6da-0683-4ae9-97f7-e0761a1139c8,very smooth process of order placing,5,0,2026-03-16 19:28:57
7c1600a0-26b5-44de-a600-361d613305f3,worst brand overpriced quality as cheap like street wear my jeans and tees got fed in 1st wash only,1,0,2026-03-16 14:38:00
85b8b8e9-bf42-423b-bd11-a2358b62d570,good,5,0,2026-03-16 13:29:00
5e4b7968-54eb-4489-ac79-484ad2c92d09,"Easy suggestions, smooth interface, true to product images, hassle free checkout and really useful offers.",5,3,2026-03-16 01:31:23
e90cdccc-bec7-46b0-a175-220b83c045e9,A real Fashion zone,5,0,2026-03-15 15:30:08
8623c404-00b4-4517-9cda-b8469fc41918,very nice collection with value for money pricing.,5,0,2026-03-15 13:56:23
9690cd4d-8b8c-4268-88aa-b28c98e4d0fb,They are fraud. i ordered a T shirt. while ordering it said delivery in two days. and it didn't get delivered even in 10 days. Never order from their app.,1,0,2026-03-15 13:30:02
a78a71a0-360f-4926-b8be-f1c0dff050ca,order history always getting cleaned. The order history section is really a pain. Every now and then my purchase history becomes zero eventhough I have made purchases. The basic use of purchase history is to have refernce to purchase new one. Really disappointed.,1,0,2026-03-15 12:28:08
1fa4c2d1-c360-4824-a407-ee7ce3efc092,super quality,5,0,2026-03-15 11:27:56
c3d2731b-9a06-4eb3-a51a-b355106ad3d8,"the worst experience I had, I isuued the return twice for the same item which failed on its own, both the time nobody came to pick up the item and one of those time the reason that the consignee was not available (again - nobody came) and I have been on hold for more than a half hour to chat with the support exec, the timer runs out and give another timeline again, won't use this app again",1,3,2026-03-15 10:11:57
ac7662ef-8f9b-49da-b012-e206277dd84a,good,5,0,2026-03-14 22:55:12
ef9f89e4-f505-4da1-a5bf-c1c322575a43,not even worth of single star..you can't even place order.,1,0,2026-03-14 12:47:35
1adf91f7-afc8-4c13-b247-3cd76fa31c36,best,4,0,2026-03-14 10:53:44
0cca4d82-ec88-4d3b-b431-3361a9e1e7e2,Recently ordered clothes from snitch but due to fitting issues had to replace the same . Product was not picked up on day committed .They do not have full time proper call centre so that if there is issues with product recieved it's gets addressed.Time slots are provided but if we miss the call then over do the process once again.Snitch improve your after sales service which is very poor compared to any other well known brands.Will not purchased any thing from Snitch my entire life.,1,0,2026-03-14 09:50:06
b2b1a343-b481-41fd-9fb2-50a5b6cce374,worst clothing brand don't buy any thing from here neither offline nor online.,1,0,2026-03-14 07:43:08
d67a2a07-c80f-4b0d-aa64-4ad5e842792a,"The quality is okayish per the price. The 1 star is solely for the spam and annoying messaging they've been sending, EVERY DAY! I'm so sick of their lame fake Gen Z messages.",1,0,2026-03-13 18:39:17
45f3d58e-aae2-436d-9704-faba5de59778,Good options for XPlus people But Need more options and colours,5,0,2026-03-13 16:48:07
a520999e-e056-4dd6-ba69-c2e19548c053,good,5,0,2026-03-13 14:56:54
0bd94cf0-c4b3-4daf-a482-c2ae5543c334,"Doest work well ,doesn't show pics /Thumbnails ,tried everything but nothing worked.Problem is with your app and you are asking about Order ID ,are you mently fine?",1,0,2026-03-13 12:19:13
7ce57fed-d497-46e8-9de4-ad6e00e8d44f,A lot of people have written negative reviews about exchange or return process although my experience has been quite satisfactory in that case. I have received refund the same day the item was picked up many times. Although the downside I face most of the time while using the app is almost all of the items that I wish listed go out of stock very quick for my required size and and it just won't get back in the stock ever which is really frustrating.,4,7,2026-03-12 21:29:40
d26aa558-2bfc-434a-a7e8-09def7f99b4e,super,5,0,2026-03-12 21:25:28
49fa0a79-11d6-4aab-a6a3-d80fc79a5314,good Clothes,5,0,2026-03-12 16:03:23
464701da-5a5a-488e-8bfe-e4d8d9b86607,this tha best,5,0,2026-03-12 05:55:03
a7dad1a8-f4a7-44e9-8209-c14f667141bb,super quality,5,0,2026-03-11 23:59:41
68f1a01a-9261-4ee4-a36f-cf3b4142cd94,review will be stick after getting the product and see the quality,4,0,2026-03-11 20:17:49
cf15e7c3-a31c-47e4-aa79-6393141c200f,awesome stylish dress for men,4,0,2026-03-11 11:46:01
7aad05f2-3520-4b6e-bc95-a24f9917e13f,good all items,5,0,2026-03-10 22:58:05
c031d8ab-4d70-44cb-9839-02152cb108eb,Don't buy it from an application because it's your luck if they will send the correct item the first time. in my order I have ordered two jeans money has been deducted and one order is not delivered and since one month customer support we will resolve it but nothing happens.,1,0,2026-03-10 21:38:27
168e218d-a408-4001-8201-283d8be8db06,nice,4,0,2026-03-10 14:52:23
56543e7f-8da4-42e8-817c-76610ef62659,i am putting requests over request for tge return pickup but my call is not answered very bad service they provide its truely draining and gasliting dont buy from there online site these guys suck,1,1,2026-03-10 13:58:17
6da41eb1-7973-4fa0-b7d8-05ee18ce0323,stylish and look amazing 😍,4,0,2026-03-10 12:25:39
98031ee1-caec-41cc-af38-44ae56986293,"When Best collection meets best app interface, the result is an obvious 5 star rating 🌟...",5,0,2026-03-10 11:45:57
4c308257-903f-4408-bc2e-f9ca86e8786e,Nice cloth & good product,5,0,2026-03-10 08:50:46
d18347fe-d557-420c-9cea-4a5a2de7e186,"It's really good,like really really good and it's quite affordable too",5,0,2026-03-08 19:35:38
f647fb66-8b2a-40d1-882d-8ef74105fc27,super app nice design and have plus size,5,0,2026-03-08 18:31:24
75affd42-c312-467d-8376-d6678e5b26a2,nice for shopping,5,0,2026-03-08 17:50:48
26e981aa-e4b5-441d-9a16-ec0be4f6a5b2,I genuinely give 10/10 for snitch clothes. I brought so many clothes for snitch and they are good quality. I don't know why why people's are giving one star and bad reviews. Snitch is highly recommended.,5,0,2026-03-08 15:37:31
97fdaf69-3e14-4fc9-863e-ddc3b79377be,worst customer service ever. Didn't deliver my order even after 12 days and cancelled it on their own. worst app,1,0,2026-03-08 14:56:22
3296c4ec-f8a8-4073-8844-626df287f270,"Don't ever trust this app with delivery dates, everything they claim is fake. If you cont deliver don't make fake promises atleast. Will be not able to wear my birthday outfit because of you guys",1,0,2026-03-08 12:28:00
a1ff55d3-bd1e-487a-b377-116abc0bf1f6,nice 👍,5,0,2026-03-08 12:15:17
ba64cf6e-0c5a-4828-9c19-9517724cd576,"Very disappointing experience with Snitch. My return/exchange was delayed without any proper update, which feels extremely unprofessional and misleading. The service is unreliable and shows no respect for customers’ time. Because of this poor and careless handling, I will never order anything from Snitch again.",1,0,2026-03-08 10:17:53
3ff5de8b-9868-4ba9-b36c-90b12b136f1d,good quality and size,5,0,2026-03-08 08:18:59
d5f4cc33-d380-4178-a1e6-d0914a49ae5a,ok,4,0,2026-03-08 03:23:25
f670aebe-e23d-44e5-a483-e967765548be,dekhte hai,3,0,2026-03-08 01:12:25
460f414c-4f68-4eeb-a289-f603077efffd,good online shopping,5,0,2026-03-07 20:35:33
a39404c9-8d00-4eab-b890-e1ae1cd2e92c,good 🤍,5,0,2026-03-07 18:17:45
bc7f0e22-dc79-4617-98b5-e8a3eec62961,👌👌,5,0,2026-03-07 14:17:47
27a33c9b-d04c-4522-bd27-bce35651bd91,gret,5,0,2026-03-07 11:26:55
955f2e7c-9211-46c3-9ad1-326661e1a8e7,nice app and luxury COLECTION,4,0,2026-03-07 01:37:59
e08ac316-9db4-423b-9274-2679a4f61077,"this was my first time when I ordered something and to be genuine, this was the worst first time experience on this, i haven't received my order from two days from the delivery date mentioned on the app, and the customer support keeps saying the same thing every time, I had to go somewhere so I ordered a shirt and a pant, but due to their delaying, i couldn't go.",1,0,2026-03-06 20:16:52
b3b921ed-7fa8-477c-81cb-fa3efe236643,poor delivery system there team is so sick not helping at All,1,0,2026-03-06 19:16:25
95d550a7-362e-4afe-938d-23d4c9de1e05,very nice and simple app with quality wardrobe,5,0,2026-03-06 14:43:27
d1a0bbe7-6272-42e6-b2ff-1fd1192f7311,"application is poorly designed, extremely difficult to make transactions it keeps failing. UPI failed, and credit & debit cards failed. never using this again",1,0,2026-03-06 13:44:12
1ced635f-b636-408d-89a4-87f17f118e96,good,4,0,2026-03-05 21:39:05
e7ca7016-1b43-413c-8d14-8df4bbc5be09,excellent,4,0,2026-03-05 11:51:10
9bd7bc4c-48bd-4b71-8f82-c97f61b602fe,they said there is return or exchange but when the shirt delivered it was very bad now its showing no return or exchange,1,0,2026-03-04 21:16:05
357bd4fa-948f-48a0-9bc8-226ff04424d1,"""60m delivery"" is a scam. I ordered one shirt within the 60m delivery section- they took 3 days to deliver 😂😂 I had forgotten that I even ordered by then. If you're thinking you can quickly order something here for an event you want to attend, don't let SNITCH fool you. I hope my review helps you plan better.",1,0,2026-03-04 15:07:24
52ad36de-fe52-4bc2-a433-8e0ed86ecbc1,"I am very disappointed with my recent experience. I placed an order for 4 shirts under Order ID #6598085. Out of these, I would like to return 2 shirts. However, there is no option available in the app to initiate a return for the selected items.",1,0,2026-03-04 13:36:00
bfe5b410-2109-45b3-86b5-8518a9124c7c,i think they know what they are doing everything is on point the fabric the style the experience everything I waiting when you guy's will open your outlet to kolkata,5,0,2026-03-04 09:38:55
42fbf5f7-fcf8-4c6b-a554-6e2fe29cfb9a,This is the worst app I have seen and products also not good cheap quality don't buy the products on shein and also return or exchange will not available...,1,0,2026-03-04 03:42:17
e59b9b8c-5c3e-4c1a-81c8-8546917d31cc,best app for mens fashion,5,0,2026-03-04 00:27:08
bd644d60-f666-455c-a5b6-50e2209e65e4,good quality fabric,5,0,2026-03-03 18:22:03
2ffeabf7-ed78-4a52-9420-789b9f98a762,they have no customer service and you have to talk with bot that can't even understand our problem.,1,1,2026-03-03 15:28:57
6e4eedba-5a28-4a36-97f6-74fb4c2800be,good,5,0,2026-03-03 11:44:22
83f62bb4-c68f-434b-80b8-700311ac292a,"customer service auto closes the tickets without even replying on the ticket, no resolution, no response just closed. while trying to login the OTP never came only had to try a number of times. so frustrating.",1,0,2026-03-03 11:40:51
f2f4a538-fd0a-42fc-9b81-8953d5fd351d,fake promise,3,0,2026-03-03 07:53:39
83a88a91-9150-47e5-a284-1b8fcf5e782d,best app for plus size,5,0,2026-03-02 23:23:50
9167ecdf-881c-465c-8d98-e48de054b319,"I think your plus size shirts are better strip,chek, plan shirts colours combination than other normal shirts..Therefore, make normal shirts colors, strips, and checks like plus size.",5,2,2026-03-02 21:58:21
c45a5a8b-e095-453c-93c2-03021164a8ca,perfect for every kind of person,5,0,2026-03-02 16:45:21
ef04a60d-f1b7-445a-aef1-f57ff85e410a,"I have decided not to purchase from stitch and i also asked my friends and colleagues . I ordered a jeans its having a 7-day return and exchange option, but upon delivery, it has indicated that it is non-returnable. I have sent numerous emails, but the response has not been received. I intend to file a cyber crime. I have all the details with me, including the product details, which show the 7-day return option.Order ID 6599476. there is no customer care number too.",1,0,2026-03-02 16:12:51
0e253a3a-1476-4515-b9d4-73a85cca72a7,best for clothes,5,0,2026-03-02 09:23:19
6b8bbe30-3e27-4bef-bf0e-7fdd263b0c88,nice quality,5,0,2026-03-01 15:48:21
2a2f61df-9953-4163-a817-68a17052aa62,good,5,0,2026-02-27 19:24:08
41c9a388-2aea-479b-8712-f8cb031b4091,you have Nice dress for men,5,0,2026-02-26 22:14:06
29ff31d3-2e8d-4e8d-9d43-54da6066452b,They will charge you 100 rupees per product if you return items and if you get the refund you are lucky. No one is there in customer care and no one will answer if you mail them. You have an option to schedule a call with the customer care and at the time of the call you will get a message saying that we tried to reach you but were unable to connect. Return Pickup will not happen and they don't care about the customer after the purchase. Uninstalling right away. Not even one star for this app.,1,3,2026-02-26 20:13:27
9a23c6c0-dedf-4dc3-95a9-92775019c81f,"thirdclass and pathetic ,, i would like to give minus if there is an option .. first time buyer and just wanted to exchange size and they say item is not eligible for exchange ..i mean really ? dont order online they are frauds ! thier sizes are not perfect fit too loose like i orderd 32 waist trouser and it fits like 36 and they dont provide coustomer service , no proper app no proper response ... farudsters ! looting our money !",1,0,2026-02-26 19:51:26
efcfd6d1-e4b8-4e3c-acf1-6f9e1f1018bc,nice product,1,0,2026-02-26 14:43:37
6f5e5fd8-f03f-47e4-aa0e-328cc2cf5218,very annoying used to send messages every day hows ur experience nd all,1,0,2026-02-26 14:26:24
81a50b84-7b06-47a2-88c0-c8b616cd6f69,i had purchased many clothes from snitch but when product is defect after 2wash they didnt respond snitch dont have value for there regular customer from now onwards me and my family will not buy from any item from snitch will post review on social media also,1,0,2026-02-26 13:42:29
3acfa706-609a-46ca-a129-1c8219e944b2,"Good collection of dresses but very pathetic service. Sometimes not get shipped, item is not the same as the image uploaded, if return is asked the pick up partner says they are not in charge of this area and some other person would call you and which didn't happened till now.",1,0,2026-02-26 11:54:20
3bb7c8f4-5968-4946-9bd5-ae31f2dce8a8,"Products are alright however the delivery partner is doing a pathetic job. And customer support is even worse. Ordered twice and faced the same problems. they say ,""Delivery attempt failed and rescheduled"" when they don't even make any attempt to deliver, and product is delivered days/around a week from the expected delivery date. Would not shop again from this online app.",1,1,2026-02-26 09:05:38
c510fbd7-6c67-432e-b204-cf01b00c8077,okkk,5,0,2026-02-26 01:15:33
8e9850b6-89fb-47f4-b1df-98ad8589132e,location is not verifying not correct,1,0,2026-02-26 00:32:59
1011feca-2c3e-4c58-81f9-861b2748bc3c,good application good style trending colthes but need more simpler way to reach to the customer care or raise ticket,4,0,2026-02-25 20:21:25
d0d0e3f1-ada3-4882-ad1b-8aabdf4c21bb,Good collection,5,0,2026-02-25 16:39:14
b3ba01a9-547f-4d47-ac59-5efabffff484,good quality,4,0,2026-02-25 16:30:39
8708d718-64b8-4d88-bc48-1325135bd45c,"Hi user, please visit the official website. There's a fraudulent website advertised on Instagram, and I lost money due to it.",1,0,2026-02-25 09:47:40
eefca7d4-e7d3-41cf-9397-e543e511f9f0,very poor customer service delay in orders delivery agent talking rudely,1,0,2026-02-24 16:31:12
eaa45caa-cac3-402f-bffe-07a4bd55de47,good,3,0,2026-02-24 15:40:53
5e4aed34-2c4f-437e-bce0-15a5d8d6cdca,App leaks all your data to fraudsters who will then try to call and scam you saying they are from snitch,1,0,2026-02-24 14:02:47
b881059f-433a-482d-b646-6b5aada776fd,I had totally loved those collections and shopping 🛍,4,0,2026-02-24 10:53:40
896f7eda-0d33-41c8-966a-5a46ff5f2a13,good,5,0,2026-02-24 10:44:21
b33edd17-88b3-47c3-87b6-be8d28a4c37d,oo kapda thoda mehanga hai.....sasta nahi kar skte kyaa,3,0,2026-02-23 23:16:49
2fdb3e28-19c8-4fa2-85c7-e619c5445222,best,5,0,2026-02-23 22:40:15
2983a7ce-08d7-41b1-b070-a839ee5d1d36,Delaying the order from 3 days. worst service,1,0,2026-02-23 22:29:02
4db7a686-e1f0-45bd-8039-3839a84ffb22,Real Indian.,5,0,2026-02-23 17:02:26
c2463c25-0fb4-4d90-8ef5-3c61f8e3a905,"The worst experience I have ever had... they will respond to your text after many attempts, but the issue won't be resolved.. I bought a T-shirt which is larger in size than expected so I requested for return, it was approved too but the pickup person won't come instead he will call and say I'm not handling your area so I can't come(in a harsh tone) & he will drop the call. when I checked in the app, they mentioned that I was not available, so my return had been cancelled. Extremely disappointed",1,22,2026-02-23 16:37:57
b0c59f51-06c1-495b-abc4-d11b220964c0,good,5,0,2026-02-22 15:16:44
7ce96269-130b-4e20-9438-8283b32b4d5a,products and Application are good. easy checkout. deduction of Rs.100 is not expected in today's date. no other platform charges money for return.,4,0,2026-02-22 12:38:51
534c76af-d31c-4459-a7a7-6f3724f1e60c,One of the best brand for men's style.,5,0,2026-02-22 11:08:31
257347a0-5da9-4d02-9a92-18fcd8253afb,Payment declined after multiple attempts. otp triggered ive tried two different banks. page is loading too long. while surfing choices and setting them up in wishlist within minutes labeled as out of stock suprised immediately i took alternate size however at the end waste one hour!!! not recommended,1,0,2026-02-21 23:59:48
56007fea-ec0e-4401-952e-767f24445987,"worst delivery service, pain in neck third class. No commitment on time. if u plan to buy any thing they will give you 3 days time delivery and later will msg u your parcel is delayed. if they give time of 3 days consider it as 6 days. I ordered 2 times both time late delivery. Deleting the app.",1,0,2026-02-21 21:23:41
1c83ccb5-fca5-44b3-8b37-18fe38373995,"Worst experience with the Snitch. My order was cancelled without my permission, and I was forced to pay ₹270 extra when reordering because the coupon was no longer applicable. Customer support has not responded for over a week. Completely unprofessional and irresponsible service. Do not trust this app.",1,0,2026-02-21 20:13:22
5e917882-4cc8-40bd-bf0c-3dbe3f74084c,app is lagging alot,2,0,2026-02-21 14:12:50
83517a85-2856-44fe-b6d7-3ee90f304bce,nok sense cant deliver a product smoothly,1,0,2026-02-21 11:15:15
7ba7e4b6-4e70-412c-9440-c8f41b2c46bc,i ordered on 16th Feb nd expected delivery was on 18th Feb nd now I'm on 20th Feb still i haven't received my parcel and im asking for help they said your order is not delayed it's came on 20th Feb but still not received...previous one was good experience but this one not good I paid almost 3800 for the parcel which have not received why don't you have any option COD?,1,0,2026-02-20 23:15:00
c029aaa6-9e78-41b4-9bb2-76fe96b8c061,best of luck 🤞,5,0,2026-02-20 20:51:27
c5245b92-e515-4c85-8708-8ecf3765ded0,highly recommend,5,0,2026-02-20 19:03:32
58f47832-f4b2-49a6-a355-56080b54d01f,very nice,5,0,2026-02-20 18:05:48
cd8d71bb-c036-4916-9777-39de25c482b7,lots of collections.😍,5,0,2026-02-19 16:12:47
1d180f1b-3395-4330-898d-2e229d226e0d,"60 min delivery is a SCAM! they will mail that your order will be delivered in 60 mins but no correct status reflects on app, support chatbot will give standard answers like it will be delivered as expected. there is no contact# or email on app for quick support insta page also gives standard answers. when a rider is assigned, i called him to know status, he mentioned store is already closed & next day another rider was assigned who informed that he is not aware of any order. still waiting !",1,1,2026-02-19 10:56:57
012e91f8-d65e-49ee-b062-e7dc8359cf61,"worst quality cloths ever I bought ,fast colour fading ......",1,0,2026-02-19 00:37:24
874010cc-512a-46aa-89a0-1c72b7fc338a,nice 👍,5,0,2026-02-18 22:21:33
5cfe7451-c780-4924-a686-389d02d4cbff,love the quality and fit,5,0,2026-02-18 21:10:18
6e2afd06-b122-49cf-8b3b-1da6da6241c3,premium quality products,5,0,2026-02-18 16:11:45
589cd1e3-79cf-4eba-b083-d3051457fc0c,This app is not working properly. It keeps giving errors. It is very difficult to see any orders or returns. It is not even logging in properly and is running very slowly. Its product is very good but this app is very bad,3,0,2026-02-18 12:55:30
ac328c32-509a-4b12-bfb3-e315ad992607,Your items are generally fine and par with price.,5,0,2026-02-17 18:33:36
7192a806-b5e3-45a0-8d9c-0544e9c8d052,all is 👍,5,0,2026-02-17 17:45:11
244d1ccc-ccc8-4229-946b-3d69ffc77d3b,wooww,5,0,2026-02-16 22:53:53
ac240739-43ea-4cd8-8105-09d5e7b10647,very good product 😊,5,0,2026-02-16 18:01:40
926d6057-27d8-4a61-813c-205f8df3066f,"My exchange order still hasn't been picked up in the last 4 days. Your Delhivery service is saying the address is not found, which is nonsense. The order was delivered on time and to the correct address, but for pickup, you can't find my address. Please pick up my return; I've been complaining from last 4 days. please pick up my order and exchange it",1,0,2026-02-15 23:37:17
1dc28b3b-0616-416f-ac41-0facc40c51da,kapde colours don't match jeans quality very bad Jo kapda Bulaya vah aaya hi nahin dusra colour ka a Gaya,1,0,2026-02-15 18:52:56
107b6102-e4f1-42cf-a27a-312c31c6da81,osm,1,0,2026-02-15 17:04:20
c300cb3d-5123-4e2c-8ae5-8c332c2af386,Can't order anything in their new useless UI. The website and application both don't take address and are always giving errors. moreover their support is useless and can't even fix this.,1,0,2026-02-15 12:43:10
d5467ff0-d6aa-4073-aed2-36a30b17c8a9,it's Nice to order,4,0,2026-02-15 11:52:10
7b5d3d10-6529-4959-8685-9ce4635a3a33,no customer support.,1,0,2026-02-14 23:54:13
dce65259-bc6b-48d5-9fa4-5d182033a148,Worst experience because I didn't place my order at the correct timings and the customer contact didn't respond correctly.,1,0,2026-02-14 21:14:38
986cac14-f156-4893-b15e-99e20031bf82,I just love Snitch,5,0,2026-02-14 17:51:17
baf4173c-f8e6-4232-abef-543a21c39a06,superb,4,0,2026-02-14 16:37:49
d4fa3a94-b56e-4021-80d9-10c334609ec8,amazing,5,0,2026-02-14 13:55:54
2c9b4af7-d5f5-42ef-aaf3-e7cfa1878886,"worst experience ever seen regarding service. return pickup pending since 30 days and they don't want to listen my concern and not refunding my money back. I m totally frustrated towards their response. everytime they says that wait for 24 hours and we'll arrange your pickup but they didn't. please don't use this application to save your hard earned money. Because this people wouldn’t give your money back, if you want to return the items. I am deleting this app.",1,0,2026-02-13 19:38:23
1454e75b-0e69-43f7-8c73-8a7fa3c05976,Awesome 😎 Quality,4,0,2026-02-13 18:39:43
b696be34-4a57-41cc-9f84-0caedef15414,"very delay in the delivery ,realy dissapointed",1,0,2026-02-13 18:34:58
196aaafa-2f15-4ee4-94eb-25cbbf42cb72,very complicated for shopping. for every return ₹ 100 deducted. I want to exchange but size was not available. then I create return. but 100 deducted from refund.,1,0,2026-02-13 16:34:07
313d8bc1-dc2a-483c-b540-e7d8aa2773cb,superb,5,0,2026-02-13 01:11:02
b96526ca-d40e-49b3-8cea-b7f2945c1deb,the app has so many bugs. better buy from store,1,0,2026-02-12 20:41:49
464c4f15-fc27-4462-875a-1a956db00355,good quality product,4,0,2026-02-12 17:57:09
6d25a1ab-b325-463e-a89c-374eb1328eff,good,5,0,2026-02-12 09:23:06
3b733201-fec6-4c41-888d-1aa6ccf266a5,"When I went to the HSR store, Bangalore, i showed the store coupons but they refused to accept it and they said it's only for old stocks and the app sells only old stocks. When the page clearly said ""Store Coupons"". So either the app sells old stocks or the physical store does not accept the store coupons from the app.",1,0,2026-02-11 21:12:40
bdc088bf-a0d0-4cdc-9ec6-45750e24c3c6,bring back the EMI or pay later option in working.,1,0,2026-02-11 15:33:07
91edf748-b3d4-482e-b78b-017feba02906,till now i do not get back my money😡,5,0,2026-02-10 22:05:22
d3fe095c-5968-425a-846b-85b91262a71e,Good,5,0,2026-02-10 10:38:28
25ff9714-6cd2-4cd9-95ba-7fc5b0ba77e0,"Worst experience ever.Their customer support - extremely unprofessional and rude. The agents don’t listen at all, argue unnecessarily, and even disconnect calls mid-conversation. One agent falsely claimed that my issue was resolved, but when I called again to confirm, another agent said it was against their policy and admitted the previous agent had made a mistake. This clearly shows poor training, false commitments, and zero accountability. Very disappointed and would not recommend it t anyone.",1,0,2026-02-10 02:46:31
69825976-0626-4118-9bbe-c581a99535f8,Wide range of products with best quality and price,5,0,2026-02-09 15:06:40
e04df70f-6ab6-47a5-b959-6fc941a75a22,Can't even add the address...,1,0,2026-02-08 23:35:33
65fa9285-15bd-42e4-a6b2-01e33f9019d7,cod not available,1,0,2026-02-08 18:09:13
274aa355-75ec-45e8-b01f-1c31b92c29fb,I loved Snitch Brand 😎,4,0,2026-02-08 15:38:15
87f0992e-8e53-4de1-a345-5156dcd48a12,snitch has turned into like any other brand the pricing has been increased drastically,1,0,2026-02-08 08:48:05
ff7f466a-ac64-4972-afbe-c9d4232654f8,good quality,5,0,2026-02-08 08:39:02
4db12e59-13dd-4858-a6f8-8125eb92bcd8,thank you Snith for online shopping,5,0,2026-02-08 08:11:51
2110698c-c23a-4102-94d1-bc37cd7d2ac9,"Very poor experience. Orders are not picked or delivered on time, exchanges are handled badly, and customer service rarely responds properly. Refunds are the worst part—every follow-up is met with “wait 24 more hours,” which keeps repeating without any resolution. Extremely frustrating and unreliable app. Would not recommend.",1,1,2026-02-07 20:58:04
b3c9a776-2cfd-4911-a7f2-21fb90620425,This is the worst product experience I have ever experienced. I wanted a shirt for my anniversary which was on 31 Jan. My delivery date was 22 Jan but the order came on 31 Jan 8 pm after pushing multiple followups the support team is just there to say that this will be resolved in 24-48 hrs but nothing happens. The fit was not good so I returned the product on 31 Jan itself but until now it has not been picked up and same thing happens on support which was happening for my delivery.,1,0,2026-02-07 15:50:29
e6bb4f4e-f018-479e-9e64-8ed9fb4df2fd,best,5,0,2026-02-07 12:53:10
96ac69b6-fdfa-4825-84f9-74d6087aa0eb,"Very nice app, simple and reliable products are also good.",5,0,2026-02-07 10:59:49
e097a808-4a56-491d-8a37-bc87ca000442,giid,5,0,2026-02-06 21:55:14
6dee79bf-1ef6-4e13-8dec-582c05f1d62b,good,4,0,2026-02-06 09:54:44
5cb03927-22a5-4a3a-9d21-fc0da4c584e5,"I ordered a shirt and initiated a return.The delivery person picked up the shirt, but the app still shows ""picked up"".It has been 11 days, and the status has not changed. I contacted customer support several times, but they failed to provide any solution or clear response.This shows a complete lack of coordination and responsibility. after thiss review the snitch response by saying to share the order id and number in the link but where is the section to share the order id???",1,0,2026-02-05 21:53:34
6af02d07-bb47-45f7-b1dc-fe33845b0f74,super,5,0,2026-02-05 20:25:15
6dae4914-c900-4918-bb3c-174529159b3a,Awesome Shopping Experience!!,5,0,2026-02-05 15:58:32
efbd85af-a30b-4525-8217-f6ea328d8af4,not good aap,1,0,2026-02-05 08:35:52
642b5d39-87ae-4b89-afd9-16356bfa816f,good,3,0,2026-02-05 07:29:18
70887421-8291-4339-ac48-5e0bd1e321a4,"Very bad experience with Snitch. Kapde aur jute dono ki quality extremely low hai. Cheap material, poor stitching aur bilkul fake presentation. I would not recommend this brand to anyone. Complete waste of money/time.🤮",1,0,2026-02-04 22:52:29
f2fab6af-4e1c-4bb8-8d96-c32dac9e3f85,"i have an order but not delivered yet. they send a tracking link. when I click it, there no information about it",2,0,2026-02-04 22:51:05
c3df27f8-4f52-40c4-bf12-ddc9cb9b2d17,good,5,0,2026-02-04 19:45:09
2045169f-6e6c-46a9-bb21-a2e40579ad44,nice,5,0,2026-02-04 18:06:48
151242f5-6590-47fd-b6be-d26b533c98b2,good,5,0,2026-02-04 17:15:01
3b461635-1a86-480a-a26b-09bf1b673be2,good shopping app,5,0,2026-02-04 13:20:16
8c6e0068-1070-4ea3-9d6f-36117bf3b815,good clothes,5,0,2026-02-04 08:33:02
92dc9b78-2495-4426-8d04-64cab4177237,nice experience,5,0,2026-02-04 00:20:05
23411fa6-e804-4bd8-8825-63bd213a0d03,Worst Service ever . can't even exchange or return order.,1,0,2026-02-03 23:09:24
58e94973-941a-42f5-ba5a-4a90a4dfe786,App is not working. please fix it.,2,0,2026-02-03 23:09:07
9acfd9aa-337e-4ef7-84b6-a9f37883b658,good,4,0,2026-02-03 12:22:05
c5349703-70e8-473b-bafb-248da939b4d4,this is fraud i will file a case against this snitch because my refund can't credited in my account worst shopping app worst,1,0,2026-02-01 21:07:13
fb59d2aa-31bb-4896-a389-ac11803fe93d,very good collection and affordable prices,4,0,2026-02-01 17:44:56
2395537c-6170-4132-854d-503f04880ac7,great,5,0,2026-02-01 14:06:28
64d775b5-f919-4c19-b4e8-4d36a7ccb765,very nice,5,0,2026-02-01 11:54:54
24c5bc7c-642b-471a-b91d-e6ae807273ae,the app is simple and clean but the pop up ad does not close which is irritating to say the least. Deleted the app solely based on that,3,0,2026-02-01 09:43:40
75258ac2-c5e0-42d5-86c5-ce59bf15e061,well if the delivery is on time which they promise in 4 days. Then it's worth it,5,0,2026-01-31 23:37:21
8df2a899-32d3-4237-a8b0-8dee5da876ef,worst customer service ever and the returning any item is like hunting for a unicorn. they do it intentionally so that customer don't return any product the worst shopping platform ever,1,0,2026-01-31 14:59:50
a76643e6-8aa6-43bd-b978-133d4f9d47b9,There service is very pathetic. Exchange and refund services are extremely slow. By the way Thanks for resolution,4,0,2026-01-31 13:01:31
1d8e7734-0bb0-4e40-a1af-514134a31b88,Please dont buy snitch products. my shirt got tored in second wash,1,0,2026-01-31 03:11:57
b58899e0-1785-4533-9d4d-27838efbcfa6,nice 👍,5,0,2026-01-30 15:35:27
4faedb9a-f02c-4e22-b74d-4153c65c95c5,super,4,0,2026-01-30 13:44:46
6340a27b-95c5-416a-901c-8c8cf0d9eed5,very good fittingd,5,0,2026-01-29 22:59:58
0cf0f3ea-bd43-47d6-a958-38e1d98df914,best,4,0,2026-01-29 21:03:01
7ed789bf-973d-4c4b-8352-dfae7f2e2497,"very best,if there's a word.",5,0,2026-01-29 19:47:50
b777d213-165d-4827-8a1a-16e23761238b,very good product,5,0,2026-01-29 11:12:24
52a13037-d882-41dd-a606-7a6ac2362309,Disappointed on exchange due to no stock in the required size,3,0,2026-01-28 23:25:27
56717a03-6099-4e82-bd33-93a54f16ddfb,"Extremely disappointing experience. Prefer Myntra, Amazon. Return charges were deducted even though this was not clearly disclosed at the time of purchase. The refund amount received was incorrect, with no proper explanation or timely support. The exchange flow is also faulty-sizes shown as unavailable for exchange were available for fresh purchase. Customer support and grievance handling are slow and unreliable. Poor transparency, confusing app design, and bad after-sales experience overall.",1,1,2026-01-28 22:46:46
2b8649b2-2f13-4c4d-9f94-ae3e6a892751,good 😊,4,0,2026-01-28 17:29:23
ff9e2c79-b7b5-4f95-ade5-3d37d92d226b,"awesome products at the right price, especially the jeans range",5,0,2026-01-28 17:13:40
337447a8-5edf-4b42-8e35-5511ffd7e819,God app,5,0,2026-01-28 16:36:54
318c0f3f-ed75-4ed9-ae89-c1ba8c9dde3c,The whole support team and escalation team is not taking any responsibility for very poor service by Snitch not expected.,1,0,2026-01-28 15:30:10
84a83247-aa96-441c-ad09-a63c9bd92a2a,Great article,5,0,2026-01-28 10:48:46
0f5e5007-95a9-40b0-8e44-01fb0b495ed4,excellent apps,5,0,2026-01-28 00:11:15
6f2f3e80-0861-482f-be32-4d4f2ca1707e,one of the best cloting app. best products. fast service easy return policy. overall good experience nd best style app thank snitch,5,0,2026-01-27 23:47:18
7b65712f-2883-4728-9a92-cc8b18beeb75,Worst app for online Shopping. I orderd a a Black Chinos and they deliverd me a Jeans Instead. it was my First and Last Order from Snitch,1,0,2026-01-27 15:05:11
ba49c445-07d5-4a86-998a-a13d2f667d8d,good app,5,0,2026-01-27 06:16:07
6e86fae8-8074-4d6b-bec2-4386ce2391f2,exchange policy is very bad,1,0,2026-01-26 17:16:36
12e535bb-82e7-4623-ab72-fc86b1102574,Dey are totaly fraud people... Itzz been more den 15 days i hvent received my refund back.. I m keep on calling dere coustmer care. N as usual dey jst ask me to wait wait n wait. Dnt buy anything frm snitch dey are totaly fraud...,1,0,2026-01-26 13:37:50
4378640e-e5d7-4209-b39d-6bb4322c8f4e,"worst brand ever, the cloth quality is very bad, then they dont even return the item which is in the return period.",1,0,2026-01-26 11:09:01
5e8024a4-f071-41a2-a8d6-b9b3dc419109,good,5,0,2026-01-26 07:49:56
5f8930cb-288a-4da7-bd6e-a2b6c5236648,"I'm happy, I want you to be happy as well.",5,0,2026-01-25 23:30:31
482d78ea-f1ca-4cd8-ad78-1607fff1ff72,good,5,0,2026-01-25 23:23:35
7dab571e-0eb1-4509-82f7-a844b2d4803a,very nice product,5,0,2026-01-24 20:03:00
af6b10a0-b226-4398-8bd6-18fc1002ee70,"I was quite disappointed with Snitch’s pricing during the Republic Sale. A T-shirt that was priced around ₹700 earlier suddenly went up to nearly ₹1100, and then a 26% discount was applied. This doesn’t feel like a genuine sale. I didn’t expect this kind of pricing strategy from Snitch. Transparency matters, especially for loyal customers.",2,0,2026-01-24 12:41:43
622fd7a4-72a0-4d5f-9c0e-58641a47e3e7,"I had the worst service experience. The return process is hectic, and my item hasn't been picked up even after a week of giving return order. I wouldn't recommend wasting your money here. If the dress doesn't fit, the money is gone – there's no return option. Even after raising a complaint, there's no action taken.",1,1,2026-01-24 11:04:40
74d6c848-5975-4aff-a7af-31a5da12e5b9,"looks good, fashion updated and reasonable price.",4,0,2026-01-23 18:30:39
b94d2132-db58-4416-9744-70660a7be1e5,"order id : 6368016 return requested since 5 days, still not pick up the products, pathetic service when you return the products",1,0,2026-01-23 14:56:57
d10cb863-ace7-4cae-9fb4-fddbc90d81d2,The SNITCH service was poor🔥🔥 1)Slow delevry. 2)It takes about week. 3)There is no time limit for delay as to when it will arrive. 4)The exchange period is over until delivery is received. 5)Customer support was not to get. responding. Thankyou....,2,0,2026-01-23 12:11:52
e165e861-42c8-4341-a12c-2555dd36338f,extremely disappointed with delivery service...delayed product delivery,1,0,2026-01-23 10:49:25
3a06c7d3-e767-4063-b037-6d186bb5fead,worrest service frod app The T-shirt I bought has not been returned until today. It has been ten days since I put the return off. Why are people being cheated by putting any kind of fake app in the Play Store owner's app if they are taking action? 😡,1,0,2026-01-23 09:16:41
53ce48d8-3703-46f9-bf8b-c423b8007de5,India's no.1 fashion brand for men,5,0,2026-01-23 01:22:26
5b20b82f-ee45-4d44-b2d6-205a56ac25c2,iam very happy now because my size is not available in branded shop now a days. if I got also prise is to high no offer in other shops but now SNITCH save my money I got my perfect fit and stylish 😎 very happy now tq for SNITCH and last ome thing pls focus in plus size denims and designer plain shirts iam waiting,5,0,2026-01-22 12:44:02
abba1ff6-ea61-4351-9e68-9aceb9ccde46,you are very nice in cloths but have cant continue you emi prosess with old customers,4,0,2026-01-22 10:39:16
10840808-9739-4df3-8dff-4873af5ac2fc,super,5,0,2026-01-21 21:30:40
d3454ac9-3cb4-4f3d-9ca8-65b4a11a8b20,"I’m really disappointed with Snitch's delivery partner. They use a ""missed call"" tactic where they barely ring and then mark the delivery as failed. Good luck trying to call the driver back because they never answer. ​A normal delivery takes over a week, and exchanges are a nightmare sometimes taking up to 20 days. This makes the brand completely unreliable for weddings or events. Honestly, the clothes aren't even unique enough to justify this much stress.",1,0,2026-01-21 16:01:56
71acd5f7-d462-4c53-a623-4b4191faa7b2,❤️,5,0,2026-01-21 12:58:00
478bc63f-7d9a-4932-9e91-2df530eb4449,very best,5,0,2026-01-21 09:57:35
0c6c2d09-35e7-487e-8192-bb77f3fd58d8,Snitch very nice clothes 😀😀,5,0,2026-01-20 23:00:58
cb7a71ac-b2d1-4f21-87d2-811d851c23d8,"Worst customer service, Trying to return my order since 4 weeks and every customer agent is giving false commitment that I have rescheduled your pickup, your order will be picked within next 48 hours. and after that ticket status is showing resolved. I have raised more than 5 tickets within a month but still my order is not picked yet. literally I am frustrated... ..",1,1,2026-01-20 22:07:20
d41fb4de-4f72-4a32-a59f-99cadd9053a7,very good....,5,0,2026-01-20 20:21:54
d6eb79cd-526b-4a7f-8ccd-f81eaed03698,V.good but the server is slow max of the time,4,0,2026-01-20 20:02:00
1acb0963-4a8f-43ca-a2cd-363795a041da,"Order No 6217232 ordered 2 jeans online store, after buying 1 from online store and 1 from offline store. What did I received in the package is chanya choli women wear. Its been more than 25days and still issue not resolved yet from snitch team. Raised multiple tickets still here im getting frustrated and losing my patience. Being a user of Levi's and wrangler for so many years finally I started to trust Home grown brand and the overall online shopping experience is disappointing.",1,0,2026-01-20 15:35:57
88f3f807-7e22-458b-93ba-1bb313ab0b17,best,5,0,2026-01-20 03:57:58
743c571c-adb3-4b17-9766-4464f71b871d,"so good. a bit expensive, but according to the material, too good",5,0,2026-01-19 15:17:10
b4983c94-35a6-4a11-9122-f4e62eb3bbdd,Good experience,5,0,2026-01-19 13:42:25
4c19ca37-0719-4a6d-8f77-9b23e4baa787,"This is my first-ever review, and it had to be for Snitch. I’m shocked to see almost every review reporting the same issue, return pickups never happen. Despite raising multiple tickets, speaking directly to the pickup agent, and sharing my location repeatedly, no one shows up. It’s been over 10 days. This is not a one-off issue but a clear pattern of inefficiency and ignorance. Feels less like Snitch and more like ScamSnitch.",1,0,2026-01-18 21:08:25
fd55faeb-cd33-4e80-b842-5dba8a97bbc7,when I order a shirt in sale time with coupan in coupan it show no return so that they send me tare shirt with too much of damage,1,0,2026-01-18 18:43:09
83298f76-b932-4a9b-b3c8-519808133c73,good shark tank,5,0,2026-01-18 12:45:42
eb4c4759-e319-4822-b1ef-32f2c42a7f12,very pathetic and poor service. First they delivered the product so late and its more than 10days they are not coming to pickup the order when I schedule it for return.,1,0,2026-01-18 08:59:57
85d9cbb9-fd12-49ce-855b-f880cb9d34c6,"All my wishlist and cart items vanish after network drops. This app is just trash, ig it's designed to be a PWA with regular updates and bug fixes and needs login every 5-7days.",2,0,2026-01-17 22:56:05
443c683f-bbe1-41fd-a710-e4a80db38d87,"Fraud- #Snitch Dissatisfaction with the service i have received regarding my recent order. Order Number: 5959201, ordered in november 2025 Nobody has come to deliver my order and now my order has been cancelled without my consent. A refund has been initiated, but i do not have received. I emailed to snitch but no reply. after a long time i received refund in january 2026 after chasing too much. if no suffiecient time, i lose my money.",1,0,2026-01-17 20:07:42
936c88bd-0ca5-433e-95e7-a1a5872ad550,nice,1,0,2026-01-17 17:34:33
7a45256e-693c-4c83-8f55-992760e46c53,Horrible experience buying clothes online....no proper return mechanism...adding to the misery is the low quality of the clothes....would suggest others to try better options rather than this so called brand,1,0,2026-01-17 13:17:39
a0aaf4c8-f7c8-436b-9319-c51513015a36,Style Suggestions,5,0,2026-01-17 12:46:08
53d54c1d-7d57-4f3a-9cc5-ac45870e6572,my favt brand,4,0,2026-01-17 11:09:47
b9b85be8-6572-4041-a61f-43a72aef1cc0,so cute,5,0,2026-01-17 09:18:33
1655e70e-cdde-4e7c-b7fc-9f4c1fd5cd8c,"address not found,pincode not found,state not found what is this ?? Are you guys want to deliver it or not or just mocking us.",1,0,2026-01-16 21:00:14
67723702-bd7e-4852-9665-7b62918635c8,best quality,5,0,2026-01-16 20:19:18
6540ae23-6271-40d9-9b08-3b1f7adb021b,just scamed me ordered a sweater gave me an old worn polo shirt with very dirty collar and refused to pickup that shirt don't order from here,1,0,2026-01-16 17:10:57
acb71070-2a9e-44c8-a79c-c7dd789ad2f6,good,4,0,2026-01-16 14:42:05
25c7ae96-9b3e-466f-a853-8edfb4ef213d,good for mobile but worst for tabs,3,0,2026-01-15 23:13:56
d9814dd9-bd93-4353-985b-63ad8c0a3e86,worst app,1,0,2026-01-15 18:36:26
3b467968-ab72-4687-93c7-ddd2eea952b8,"They are scaming in the name of exchange and return , if you are buying something , please dont expect return or exchange .Every time you will call customer care they will not listen to you, nothing is not sync on this app, at one time they will say refund is initiated next they will say your exchange got cancelled , so please dont buy on snitch app,",1,0,2026-01-15 16:05:30
e3fac3e0-8b96-4f05-a4ad-fb0fdf02e734,poor quality product,1,0,2026-01-14 15:15:09
3bad2581-9bc4-4378-b0f6-f8c27f8a2fd0,please start some referral program for this,5,0,2026-01-14 13:21:26
0fa82588-ec63-4131-aeb1-70b4291646d9,Best Brand Ever!! My Husband Loves Snitch And Only Wears Snitch Shirts. I Love To Gifting Him Shirts From Snitch And Thank You For Making Really Best Quality Shirts.,5,0,2026-01-14 02:33:54
85efcb75-a521-4f27-a0ef-5b71242a9245,"one thing is the app lags too much and takes very much time to load and moreover recommendations should be improved, and we can't order directly before adding it to our bag like in flipkart or amazon we can do it simply without adding the product to bag. otherwise it's good",3,0,2026-01-13 23:05:22
5ea4df1b-eb0c-4f88-ac5b-e66e749155c6,"Please don't buy any product from this Brand. If you are still ready to dare then get ready for being harassed by customer care. Low quality over sized products, moreover they charge 50 rupees on return and reaching out customer care is an achievement. They refund you on returned items after minimum 45 days. I shared my personal experience.",1,0,2026-01-13 09:30:51
cf86ba91-fffd-49a2-a9ea-db436e7441c5,ye jo chhapri chap ad banate ho na uske wajah se maine shopping band kiya hai tumhare brand ka uper se itna mehnga bhi hai ad banao luxury type,1,0,2026-01-12 20:54:52
2b45c9a7-ae47-4920-9e6e-6a4a7a6827e5,Best App for online shopping,5,0,2026-01-12 19:51:43
ca572247-8ef4-4bbd-ab5c-4e2e1a92bf51,"placed my order on the 8th. On the 10th, the status was wrongly updated as “customer refused delivery,” which is completely false and misleading. Snitch’s delivery partner, Blue Dart, did not make a single call or send any message to me. There was absolutely no attempt to contact me before marking the order as refused. Today, when I checked the application, I found that my order had been cancelled unilaterally without my consent or prior intimation. Cancelling an order without any call, message,",1,0,2026-01-12 18:51:27
1f5a2123-b8e0-4f3b-87fa-5e28280e123e,👍,4,0,2026-01-11 23:20:26
731ecf25-ea1e-4b2b-bf18-53be497c8a58,Best,5,0,2026-01-11 17:06:52
a7f5ca77-0ab3-4c5a-b3dc-6d3f33bdabb9,"I was delivered wrong item. while returning the product, they are charging money from me for returning. upon reaching the customer care, they are simply denying to raise a service ticket too and asking me reach again later. Even the customer care representative rudely disconnected the call. They are mentioning to follow their SOP which Customer couldn't find.",1,0,2026-01-11 14:14:13
0b649e3e-1a37-4a08-bcd2-4e74a8c36238,"continue as it is. this is best what you have got. amazon, flipkart, and now myntra too have created a heck of shopping experience it's become a trauma. you have got it all perfect don't change.",5,3,2026-01-11 13:56:49
ad986777-4224-4623-80f9-9cfcc6f52b65,good quality,5,0,2026-01-11 08:43:19
2076e64c-a1c3-47c6-8846-71dc289342c2,best brand for Men,5,0,2026-01-10 22:59:50
84d420eb-c397-4a60-b9c5-d15581e32599,Best product,5,0,2026-01-10 16:00:42
8c4e7f83-655c-470f-a50b-863ae5d1d37e,"order delayed 10 days repetitively and not delivered despite fake promises from customer service without any action, and their reply to this is also low effort bot behaviour, the link provided just takes me to their shtty app page again where i am already complaining for two weeks",1,0,2026-01-10 12:03:32
14a58ed9-820d-4aac-8937-b6b733aedc3e,All good,5,0,2026-01-10 00:34:25
656e031d-bb67-4090-be65-59b914ace20f,best of all time,5,0,2026-01-09 21:08:54
75f3eaa4-b23a-43c3-840c-697f71867255,"Ek Number Kale Ghatiya Customer service hai, ek baar order agaya matlab jo aya so aya returns/exchange ke naam pe sirf chuna lagate ye log i suggest u just delete this third-party app thank you 👍🏻",1,0,2026-01-09 20:15:46
f028f1d4-81c1-413e-849b-583002379e7b,Excellent,4,0,2026-01-09 19:15:07
e178646a-7b31-4ae7-a743-9843b1ecd60b,great,5,0,2026-01-09 17:38:57
3b889bee-a98b-454f-bc87-6ccd25280056,there are not exchanging it wasted my 3000rs,1,0,2026-01-09 14:29:54
18133bb0-66d0-4c8e-89a9-4a83796bf37d,I really love the materials and fashion,5,0,2026-01-09 11:12:52
cfdb9be6-1bda-47e4-9d0d-467a6844c7fd,great,5,0,2026-01-09 09:45:37
28b53e01-317a-4a64-8db8-ecb601653573,Best,5,0,2026-01-08 16:39:17
d2350783-54b6-4e8d-b3e0-866bc62d5f48,outstanding,5,0,2026-01-08 13:37:24
e33de559-59a5-4de8-8122-d00e17e7b268,It's very bad not to buy again from snitch and recommend to all that not buy from these types of platform,1,0,2026-01-08 13:06:02
5c509fc3-4c85-447c-a090-aa97f88f28fd,I can't even put address worst app with so many glitches and change your name from snitch to glitch because this app is useless i can't order anything because i can't put my address on this app,1,0,2026-01-08 08:09:58
5e0c07f8-bafe-4cee-85bf-5b98e0f20a63,wow,5,0,2026-01-08 08:05:05
f34d02bf-57fd-4bd5-92b6-64ba4aa89e99,The products of snitch are top notch and now they have introduced 60 mins delivery. I love this fast delivery concept.,5,0,2026-01-08 01:20:16
32b71eb6-7562-4cb7-a355-2742215927b5,nice,5,0,2026-01-07 21:10:40
a61966f6-8175-4106-bd29-a6ae0f6e2bdc,super 👍,5,0,2026-01-07 19:32:31
b06e3ac7-b2d9-4fdf-85c1-f1026201681c,NYC AND EASY TO RETURN EXCHANGE,5,0,2026-01-07 19:05:28
0c0ff0fe-14b9-4362-8371-8ccfed9989f3,don't buy from snitch I ordered shirt and I opt for quick delivery but they didn't fulfill the quick delivery also they charged 49 for quick delivery fee worst experience this is my first & last time experience with snitch,1,0,2026-01-07 18:30:04
9739f8e0-3961-490b-a71e-09148a0be210,"I had a terrible experience with this app - no contact support option, and the clothes' colors looked way off from the images. Wouldn't recommend buying from it. ""They're refusing to accept the return, saying the images didn't match the product My order number. 6265290",1,0,2026-01-07 12:47:31
d7f0918a-8dc6-4fc0-8f87-b4ce5cc9a212,"⚠️WORST APP!!!!!!!!!! This app is not saving my address, i switched on my location but it is not working .Worst app don't download...😡🤬🤬🤬🤬🤬🤬🤬🤬🤬🤬🤬🤬🤬🤬",1,0,2026-01-06 15:09:46
60818513-c6ea-428c-9ea5-0a4ede6a2d86,don't buy any product product quality is very cheap and colour are fead in 5 days one of the worst dicigen in my life to buy product worst cloth in the world..🤮🤮🤮,1,0,2026-01-06 14:04:04
802df5e1-8622-4c9b-9ff6-4d1bd34ee441,"pathetic app and delivery service, order has been delayed for 3 days from the scheduled date,no customer care support and the delivery partners keep lieing about the consignee not being available, looking forward to receive my order and ending ties with this hopeless app",1,0,2026-01-06 11:53:40
ef3c643c-be42-4ef9-811b-4932cd1023b2,"can't find my orders, it says you haven't ordered anything yet though I baught more than 5 clothes. you don't even provide a way to address these issues in app",1,0,2026-01-06 11:47:49
0102b937-084d-4ec7-89f0-a29b24631ffc,good 👍,4,0,2026-01-06 09:43:38
215386a5-c31f-42c4-953f-e95daec690a7,"Overall Best Experience with snitch,the fabric is better and comfortable,easy to order",4,0,2026-01-06 06:58:30
d091896c-c647-438b-8512-274cc0b676f0,🤍i love it's,5,0,2026-01-05 21:49:06
83548a9c-704a-4e97-8a14-7e736ed70f9b,great 👍🏻,4,0,2026-01-05 18:37:33
413a336f-7253-4c3b-8f5c-9c07d05ebe7a,prices are more fo some less price,3,0,2026-01-05 17:19:54
0349a6d0-9d38-4d10-83be-a9dc9944b6cd,my order was about to be delivered on 31st but habe not received it till the 5th the delivery agent updated a comment stating i was not available and reschedule the delivery i did not receive any call or text about the delivery attempted when i try to connect the support he did not Even check what i was trying to check just copy pasted the response and closed the chat worst support when u van text us to buy products why cant you inform about the delivery the agent name is vishal,1,0,2026-01-05 15:49:45
f7387d6f-97bc-49c2-8d74-3a52bcd97923,bhut hi gahtiya app hh ..yaha se kabhi kuch mat order karna mera bhai log personal experience h mene ek shirt order Kiya 1250 ka or wo kahi or dilvered kr diya gya bina mere opt share kiye bina or costumer care par baat karne pr ye log fraud kr rhe h ..or bta rhe ki mene otp diya h.. costumer care service ekdm ghatiya h..pls koi bhi yaha se order na kre agr kare bhi to mera suggestion yahi ki first payment na kare..,1,0,2026-01-05 11:43:36
3ee1620a-0240-4e8f-bd3e-302970ca1810,"worst experience. I bought shirt worth 1000 from it . shirt size was too big so I use return policy, they excepted it .. but then they never try to reach me .. and suddenly they says your refund is cancel due to we r unable to reach u .. but they never try to reach me. 1000 ka nuksan krwaya mcc ne",1,0,2026-01-04 19:27:13
5e17979e-f070-4da7-b3c6-629e0290d785,awesome clothing 👑,5,0,2026-01-04 06:25:58
15fc981e-e28e-4cf6-9f7a-fd6f0210e118,ilvsnitch,5,0,2026-01-04 01:23:46
d43805f7-3f8e-49c2-a6fc-7ae914470924,According to me all the features are working smoothly but the processing speed is slow which make me irritate. 2nd That couple code place need to select again and again' if we make back button,5,0,2026-01-03 23:10:09
6b522132-6321-43db-ac58-5741b7fed088,nice collection,5,0,2026-01-03 22:47:39
7706029d-11da-438b-bdeb-7af7f6823233,good,5,0,2026-01-03 19:23:22
e43ecb81-81d8-43ac-861c-8cb55a353b25,pathetic experience its been almost 15 days since i ordered and its still not delivered each day they say tgat order will arrive tomm. but there tomm never comes.,1,0,2026-01-03 18:06:29
9272d16c-45d2-494d-9f38-87bdaaf44f36,worst app ever I have used . I will never use this app in my life.,1,0,2026-01-03 13:26:26
979fd10c-234e-4ec0-8e75-1b05edd58a78,very good quality extra soft primium clothes,5,0,2026-01-03 12:36:42
c753ff7a-502e-44ee-9be1-2fdb07bede81,🔥👌,5,0,2026-01-03 11:19:52
4f39fe45-8bf0-42db-81a2-49fb92f516e0,Nice 💕,5,0,2026-01-02 21:48:12
59eab097-62b7-4b10-b489-601bf5a88009,good,5,0,2026-01-02 13:13:17
02dff88f-f69a-46a7-97c8-2c98019adfab,Easy Navigation and superb collections,5,0,2026-01-02 10:44:53
371197ca-c273-4ae7-b107-d5eb2517bbfb,great,5,0,2026-01-02 09:12:29
b6ae48ea-4d64-4a38-a554-c79b18fd050e,Rich Experience,5,0,2026-01-01 18:06:24
bd64cc8c-755f-4d02-a743-22567d33860a,good product brand,4,0,2026-01-01 15:26:51
3609b014-e03b-458f-b3f3-a74bdbe8b8ab,Best Collection.,5,0,2026-01-01 11:41:35
9e5d7f0a-e769-4b89-b301-e65bfdd09ba1,excellent products styles and design,5,0,2026-01-01 07:56:10
53c487eb-aebd-470d-9f38-c23e0d680783,easy to way,5,0,2025-12-31 23:27:55
db0792d9-6305-425e-bec4-8a9218e46d0f,price,1,0,2025-12-31 16:05:04
622f8733-287f-49af-af37-40cb7905afcc,love 😍,5,0,2025-12-31 14:44:29
98536553-7b43-4680-84da-fb7a6f49eb79,badiya,5,0,2025-12-31 11:19:40
240ad463-3d01-45ef-ad7a-be5e47460be2,excellent,5,0,2025-12-31 09:21:51
3f409d4f-6acc-4820-852b-1599bbd7c4d1,bad waste of money,1,0,2025-12-30 23:43:45
ff1686bd-73b2-49b8-848e-d5d13a55ca3a,star service and good quality,5,0,2025-12-30 19:00:25
65c811db-7700-4647-afe1-197287f5fe00,This company provides number 1 product with very good fitting.,5,0,2025-12-30 18:39:12
73a45e29-bfba-4297-ab50-6af1def69a21,"Very disappointing exchange experience. I placed an exchange request on the Snitch app, and the replacement product has been delayed for more than 5 days. The expected delivery date keeps getting pushed again and again without any clear update. The product quality may be good, but the exchange and logistics process needs serious improvement.",1,0,2025-12-30 17:02:08
b54b864a-acb4-40e5-921d-d61686680279,nice,5,0,2025-12-29 20:44:26
936bd89d-8fa7-4889-aaec-bb8851385403,snitch not just clothes it's a emotional 😭😭,5,0,2025-12-29 16:38:27
c900d078-a11a-47d2-b9ae-83e1a5db746f,worst experience with exchange services,1,0,2025-12-29 16:20:09
d54213f9-a5d0-430d-87d0-b994079ee30a,snitch quick delivery boy bhot rude h kisi bhi location pe phoch kr khud bulate h vrna khte hai cancel kr do koi snitch quick mat kro,1,0,2025-12-29 13:31:25
200157db-4d37-4c5c-88d2-7928b280590f,smooth experience 👌,4,0,2025-12-29 11:30:49
5d8dc7f3-f2c8-413a-b672-db963f72ed19,super,5,0,2025-12-28 16:40:18
a233831a-4787-4c02-8951-668d85ec4bfa,"The app is too slow , order processing also not ok just faking",1,0,2025-12-28 15:58:26
aa549714-ad22-4a43-b644-ace125c8cbb5,snitch is phenomenal,3,0,2025-12-28 13:39:45
8154d587-f6e5-4edd-a74e-6ce7cbefcd81,nice,4,0,2025-12-28 12:15:13
b2c8bc01-e227-4cee-95fd-94df6a70fa60,first time order I hope received best quality ☺️ i review again 19th December 2025 I am happy ☺️,5,0,2025-12-28 11:00:29
7c442b92-2f4b-41e5-8c88-4217556ee03f,👍,5,0,2025-12-27 23:00:52
3a0c675b-0902-421e-b541-e471ef4f8934,"App is a mess ,it won't keep u logged in, super laggy,links won't open in the app, the search won't function as it should be and the prices are at the extreme for an Indian brand. They consider themselves as premium and expensive brand and they are not able to provide sufficient stock for products, the quality is also not as expected and the liked products vanish from ur wishlist once it's stock out they are extensively showing ads in other platforms, after clickin that it won't even show produt",1,2,2025-12-27 21:43:03
977e19a4-8be5-438a-b619-73791cd60823,easy to purchase of the product,5,0,2025-12-27 18:31:51
d46466df-40af-4e57-8789-fb145b0bf98d,fake application and fraud I purchased jeans and they delivered me a piece of cloth and they don't take calls or provide you a customer service and pickup is not collected because they want jeans for return but you have only a piece of cloth and they can't accept returns.. basically it's a fraud please don't buy anything or install this app...,1,0,2025-12-26 20:58:13
b6b6a1dd-d193-4d9c-b265-1401fec8cad7,smooth application for searching choices..,5,0,2025-12-26 18:14:13
79af883f-ba67-4e75-bebe-aaf7733249d9,Every update resets my wishlist and order history. It’s the worst user experience I’ve had—I'm tired of losing all my saved data every time the app refreshes.,2,0,2025-12-26 13:04:03
08ce13cd-1f60-41f5-ae92-c27809393001,zero star from my side Address section sucks no option for manual address very frustating,1,0,2025-12-26 10:16:19
c381f98f-b80f-475e-804a-d1493178eadd,excellent,5,0,2025-12-25 23:38:18
a24fc79e-99cf-4fc7-b6dc-63be12e7d575,I like most of the things but one thing which stopping me purchase from snitch they should've add review feature of customer like other online application platform provide. so user can get idea of product they are looking how it will be looking after purchasing in real.,2,0,2025-12-25 23:20:41
425e84d2-203b-4a5d-ab18-8d87074fc3a1,damn good clothes and good app,5,0,2025-12-25 20:24:12
710e3fdb-2c71-48f4-a5f8-a920d108c881,nice outfit,5,0,2025-12-25 15:28:53
b8391c8d-513e-4ac9-b0ef-d9b55761cdf7,good products and quality,5,0,2025-12-25 13:01:55
5d17ed1b-7a1a-4e52-9fcd-a875ac69974a,superb collection,5,0,2025-12-24 13:54:26
bc31c7bb-86cb-4e2b-9ca5-efca39b9fce9,gud products,5,0,2025-12-24 13:23:47
7788386a-17ea-4432-b11f-ce5071e3a53e,very poor customer care service order didn't deliver on time in case of 60 minutes delivery took 3 days but didn't deliver yet if it is not possible to deliver in 60 minutes please remove 60 minutes delivery from the system,1,0,2025-12-24 12:35:26
c37886db-f828-45ce-abc2-7a172dcb08f8,Excellent,5,0,2025-12-24 00:25:56
f96993e5-6404-4314-a6ad-1a933a08bdad,super,5,0,2025-12-24 00:17:47
d38427cd-7e2f-48fc-94c8-5cf0c9cf0ed3,"Very poor app experience and extremely disappointing customer service. Payment was deducted twice for a single order placed on 13 December. Although the product was returned and refund for one payment was received, the first payment is still pending even after 10 days. Ticket raised (TKT-818986) and multiple follow-ups made, with repeated false assurances of a 24-hour refund. This is unacceptable and reflects extremely poor service standards. Worst experience so far.",1,0,2025-12-23 22:19:36
1c3f63c9-0f07-4b1c-9d9d-774cfcea0322,"I will never accept this. I am extremely frustrated with Snitch’s delivery process. Their communication is poor, their promises are not kept, and the entire experience has been unacceptable. This level of service shows complete negligence and a lack of accountability.",1,0,2025-12-23 20:46:16
56814ca3-67bd-4f68-bd30-8cb2ad5fe175,nice,5,0,2025-12-23 18:54:47
8c8d4ec7-1337-43ea-b03f-9af6f4341a48,"I ordered two items but received only one, despite both being marked as delivered. Customer support provided an unclear delivery video and closed the complaint without resolution. This highlights serious failures in logistics and accountability. If I had the time, I would formally file a case over this matter. As a repeat customer, this experience is unacceptable, and I would not recommend the service until these issues are resolved.",1,1,2025-12-23 14:51:52
9cff3d05-a40f-43e6-977e-8001f08ca47e,Best app for shopping,5,0,2025-12-23 14:17:24
82f38f03-1c12-47d5-8541-8173124c4f72,"Recently, My favourite",5,0,2025-12-23 08:59:04
84593576-cdc4-463c-afa9-819430b4731f,good,5,0,2025-12-22 22:23:30
3fddcd69-603e-4421-872c-260aa7ca2631,"Not even deserve a single star, Pathetic, Terrible, disgusted service..Extremely disappointing service! My package has been lying for 12days, and there’s still no sign of delivery. Every single day, they make fake promises saying, “It will be delivered today”, but nothing happens. When I called, they blamed staff shortage for the delay — but that doesn’t excuse the lack of accountability or false assurances. If you can’t deliver, at least be honest. Totally unreliable and irrelevant services.",1,0,2025-12-22 20:03:14
54fbce02-3b92-412a-83ae-6897e516b8b4,They took my Refund Product on Dec 1 .It took more than 18 day's still i did not get my Refund Amount. Worst experience I have proofs of screenshot everything. Agent Just say i will go though the issue but don't works. Don't ever Buy from this App,1,0,2025-12-22 14:23:24
1e81c5c7-fe01-4a81-a2de-d53c81221879,Terrible delivery service experience.,1,0,2025-12-22 13:19:33
bd2fd2da-fa4f-4a0f-9517-3615525f17fc,I have ordered two shirts and three jeans it was delivered three days back and it was not showing delivery update I have to return the products.. customer support service is not working worst experience,3,0,2025-12-22 13:09:07
96d112c2-f223-4cfa-9dd2-4ff27587ccb4,awesome Quality,5,0,2025-12-22 11:16:30
816a00f0-f9a1-46f5-b362-90a5f6c58410,loved it's fabric,5,0,2025-12-21 22:47:45
edbe4162-8482-4212-b255-20499f1a3183,supper,5,0,2025-12-21 21:32:00
e8efc90c-381d-4c93-8d3e-096f922d18a4,App logs you out automatically and doesn't let you log back in. It is full of glitches with order status not updating timely. They don't even have adequate customer support and create hurdles in returning the order,1,0,2025-12-21 14:02:44
3f6193bb-b309-4e99-baba-4bbf05aefbe8,easy to checkout,5,0,2025-12-21 13:05:59
b1950eef-57e1-45ac-b0ec-2a0e5b4e4fed,"worst customer support, very bad, they act like they are only company in this world who is selling fashion, and take forever to respond, iam unable to change my email, this is worst experience",1,0,2025-12-20 13:39:08
563ac15d-0347-4e3a-9b75-b55e381486eb,"this is a good brand , I am happy with snitch 🪻",4,0,2025-12-20 11:48:28
8146069d-dd79-46e8-8d25-d208052f7fd6,"I purchased a pair of trousers from SNITCH, after just one regular wash, the stitching started coming apart. Its shows poor & low stitching quality and manufacturing. After noticing this defect, I contacted SNITCH customer care twice to report this issue but still I have not received any solution. There was no proper guidance or sense of responsibility shown by the support team.",1,0,2025-12-20 11:02:23
5d359499-4781-4f9b-be4c-6b5554efebd9,"Worst experience ever. After 30 days, there is still no pickup or exchange despite multiple follow-ups. Customer support is useless and does not care about resolving issues. Completely unprofessional service. Avoid this company.Customer care does not resolve issues. Waste of time and money Completely unprofessional service. Think twice before ordering.Despite multiple follow-ups, there has been no resolution or clear communication. I even don't feel to give 1 rating to snitch on my side only 0",1,0,2025-12-20 10:44:25
76501102-7c40-4cce-97f0-ea285eb45244,good,5,0,2025-12-19 22:08:59
7a2a5550-63c8-4b0d-851a-8e9307f6ef93,Products of Snitch no doubt are very good. But the customer support is very pathetic. Do not buy from the snitch app. Better to buy directly from the store or Myntra. But do not buy from the Snitch app. Already more than a month but not received exchanged product nor refund. Customer support is very very poor.,1,0,2025-12-19 20:01:34
cbd44aac-5379-4ad2-b5a3-cbf76b59298d,i like your quality and design,5,0,2025-12-19 17:08:32
0b4255b7-c955-4233-81e4-feae608ccad5,I love it something I was looking for since long,5,0,2025-12-19 13:56:05
026220d3-b270-4309-b8e4-db489736d061,I would not even rate a single star for this app I am really facing bad experience from this app of (refund) Without anything information they will refund to the wallet If we try ordering the other product it say that this order will not be delivered to this pincode,4,0,2025-12-19 12:36:24
b8001158-ae7f-4201-8a7e-87b88de54dc7,good,3,0,2025-12-19 11:33:29
718e8a9b-ad21-4e75-b9ed-828f9a440be0,"Order # -6147656 I placed this order in Bangalore it's been 10days and now delivery guys calls and says he is in Bihar for delivery, Why Bihar im in Bangalore Please call me we need to discuss this if you can't deliver please refund the amount I'll order from elsewhere.",1,0,2025-12-19 10:19:48
bcbb2b3b-dd79-4d3f-a3dc-01a6f23a7469,"Fraud Company, they do not refund the amount at all. I returned a cargo but they refuse to refund and instead keep asking for my bank account statement. they refuse to share the refund id but keep insisting that they have refunded. please do not buy anything from them or else you will be stuck in an infinite loop with their customer service. This is by far the worst online platform in India. this app should be taken off play store not sure how they managed a 4.4 rating.",1,1,2025-12-19 00:29:03
95b15dee-57b6-4e0b-bd74-c2884d1c6fa7,Product quality is very good 👍🏻,5,0,2025-12-18 21:43:06
76517ef2-8e23-4d81-ac7c-0bb8a3d6be0c,do not buy anything online in this app because if delivery failed they don't refund your money and cod is not applicable in this app fraudster,1,0,2025-12-18 17:11:29
31b8bccd-01e3-42ba-811e-013b03be9e87,Gajab ❤️ Shirt is very nice 🙂,5,0,2025-12-18 14:53:22
a3d24f8e-5741-4240-bb77-141c7797998b,Great App for superb clothing experience,5,0,2025-12-18 14:17:00
8c0504f0-1a3b-4912-8975-a1163873a95f,I orders a polo t shirt on 28 November it is 17th December rn and the order has not been delivered yet this was my first order from snitch no support from the app no customer care very bad experience and very Disappointed,1,0,2025-12-17 23:30:05
5ad7f75e-0b62-4634-899d-2e2bd432b99f,nicely snitch,5,0,2025-12-17 21:57:44
64227618-4e0a-40a4-90f5-a133f45236b6,Worst after sale service. Placed exchange 3 days ago but no one arrives for pickup and now it shows it's cancelled.,1,0,2025-12-17 21:28:15
4a6a5671-6d03-4e09-b7b4-e05fbc49dd78,PERFECT PLUS SIZE,5,0,2025-12-17 17:25:28
c0c4780a-85fd-4cbf-9531-05ee748dab10,Extremely Disappointing Experience Worst service and terrible product quality. The fabric and stitching are poorer than what you’d find in a local thrift store. The product looked completely different from the images shown on the website. Customer support is unresponsive and unhelpful. Definitely not worth the money. I would not recommend Snitch to anyone.,1,0,2025-12-17 16:45:38
fef67584-bb36-47f1-9429-43301eb1e6a2,best clothes in india,5,0,2025-12-17 15:38:54
44089a68-2f46-4512-bdd6-10546cb04624,"I had a very bad experience with Snitch. Order 6110015 was marked delivered even though I never shared the OTP. Order 5949271 return for a black shirt was wrongly marked as returned-cancelled. I have been calling customer service for the last 20 days with 25+ calls, but no resolution. Customer support is extremely poor and unresponsive. I will not prefer ordering Snitch shirts again through the website or app. I had a very disappointing and frustrating experience with Snitch",1,1,2025-12-17 13:27:13
d9648962-31b6-46a5-98fd-aa44309acb15,"poor quality products, absolutely ridiculous customer support. Do not waste your money on such cheap apps!",1,0,2025-12-17 12:50:09
c6d7dfe9-b212-49e9-9bd5-2e09209d46ec,very good brand but price must be have low... 😇,5,0,2025-12-17 10:56:09
45a586f4-5bad-4122-b750-b54eb3eed667,"worst experience, it's been more than 15 days but the order is not shipped yet.",1,0,2025-12-17 08:54:55
0c17b25b-8306-4327-b6b4-cbe89fd7dc4a,"I raised exchange request, product picked up but didn't delivered the exchange item. it's been more then 15 days. No updates from their side.",1,0,2025-12-17 02:01:08
d49a8bbb-2a7c-4eb2-ae17-3931c19bc675,ni ce,5,0,2025-12-17 01:52:55
38e248cf-931f-40e2-ac82-70199a917d88,"The item was returned due to an unsuitable size, and the processing of this return took 15 days, despite numerous complaints. Furthermore, the return was collected, but recieved a message saying return did not align with the stated policy, which has resulted in the refund not being processed. i was shocked and this level of service is quite disappointing. worst experience and service .",1,3,2025-12-17 00:51:16
92667f4c-8096-4faa-8363-944ae7ebe00b,"Worst application. No order status updates nothing. Worst customer service. Snitch is a big fraud , they do not refund you money. They claim they have refunded but they just play with you, Very bad experience with snitch.",1,0,2025-12-17 00:05:41
281ddf2d-d3df-4553-a1e1-2c51e186b1e1,they don't refund the amount of return product,1,0,2025-12-16 20:27:14
532e4372-7533-474c-bf9c-21b182350449,not available costomer care support and i return a shirt they didn't come to receive it,1,0,2025-12-16 20:15:55
1c7de2af-9a42-4fee-8d41-4d0a2dcf0cd4,"absolutely garbage customer care, it's almost like they intend to scam with you, I ordered a product 3 months ago for a month no one came to pick the return, even after self shipping the product in their facility. which btw reached month ago, I still haven't received my refund to this date. Customer care just deliberately stalls you for your own money. No replies to the mail, my last option is consumer court! so please don't make the mistake of ordering from here.",1,0,2025-12-16 18:07:26
d1fc1055-e899-4918-8c8e-c796495205d9,poor quality,1,0,2025-12-16 14:59:25
7c542e35-9803-4227-afd3-879888a3be7c,"Worst app I have ever experienced, refund not received.",1,0,2025-12-16 14:57:13
9a718882-5718-45b5-aa8b-dc76bea4c16d,worst app and services ...no refund policy,1,0,2025-12-16 14:49:29
658b442a-3325-4a57-8ef1-d61632079e91,bad service for customers facing issues in refund,1,0,2025-12-16 12:38:42
aae6eec6-765e-4df2-a5b7-9d6b15b01afe,worst customer care service never use this app,1,0,2025-12-16 12:13:49
8e1a1ee4-e3a0-4552-8377-baf4c82cae1b,❤️,5,0,2025-12-16 12:12:45
68baed31-484c-4aee-a9fe-cc7d1e368951,"easy to use and there are best collection in shirt, there is one suggestion for team Snitch please add more variety Polo as well in your collection.",5,0,2025-12-16 04:44:39
bceaadf1-5b0d-49a6-9a26-0019664e2628,good,5,0,2025-12-15 22:46:52
589a6fba-dfe0-4bcf-a14e-35c595aadcbb,"Worst customer service. even after explaining the problem over call clearly, they are closing tickets with non related justification and without customer agreement.",1,0,2025-12-15 18:50:53
ca93ba54-cec6-4869-a761-30ddf1d99cec,Hopeless customer service and order tracking. I wanted to return my order as the shorts I ordered were too short. I placed a pickup request within the return window. No one came to pick up my order. Now the return is cancelled saying pick up failed and I can't place a new return request as the window is closed. There is no way you can contact the customer support. The app is hopeless. Avoid buying from this app as the company follows unethical practices,1,2,2025-12-15 18:18:32
9d32f4f7-5f85-401c-adfc-55bae77d7cfc,"The return pickup was delayed for several days, and the repeated follow-ups were frustrating as support kept saying it would be picked up “tomorrow.” However, the issue has finally been resolved and the pickup is completed. Snitch really needs to improve coordination and provide accurate timelines, but I appreciate that",2,0,2025-12-15 17:54:36
189a7c9f-12a6-45fe-ac59-b4ff6c0d2e0d,"The service has been very disappointing. Despite raising multiple tickets regarding my exchange order, it has still not been delivered even after 15+ days. Now, I’m not even able to connect with customer support properly. They either do not call back or disconnect the call within 1–3 seconds when I answer. Every time I managed to speak to them, I received the same response, that my order would be picked up by the evening. Later, they even asked me to deliver the product to their address myself.",1,7,2025-12-15 15:31:53
f2720fcd-745b-48b0-8262-254b7407b95a,"Best online shopping experience so far! Excellent clothing collection with a very premium feel. The quality is superb, and the branding is impressive—everything feels just perfect. I ordered three pants: one black jeans, one black trouser, and one cream (beige) trouser. All of them fit perfectly and have a very aesthetic look. you can see attention to detail in almost every aspect of their cloth. Truly impressed. Very nice, Snitch! Great work.",5,0,2025-12-15 13:06:57
4e86fc01-77a2-4152-b0d4-1564fd1eded3,"Bad Experience Request for return no pickup yet no contact, no support from snitch and no customer support very bad, irresponsible behavior",5,0,2025-12-15 09:47:17
d340d570-e70d-4cec-b7fc-ddf375b259a2,6052277 is my order no. and I have returned the product still refund not received and cannot raise complaint very frustrating app,1,0,2025-12-15 08:20:17
8d9dc487-fe0e-4247-9b5c-0d998ab8ea03,"Fast time I ordered two products from the snitch app,but one week later i received very poor quality two wrong items. The product was not returned even after multiple emails.",1,0,2025-12-14 20:39:46
09399f02-3a8f-4f87-96ff-c1440d0c69ff,"what the hell you guys are doing, order is not getting delivered but its getting marked delivered i have raised this concern 8 times nothing has been provided no refubd nothing, its looking like a scam",2,0,2025-12-14 12:17:49
e5b03a20-de0d-4886-84e1-6df8fb3cc469,Superb Collection & Smooth Functioning,5,0,2025-12-14 11:37:07
671faa0e-8a2a-405b-84c9-4b051b20d5b7,"The worst service experience I've ever had. I initiated a return for products that were not as expected 11 days ago, and the item has still not been picked up. ​Every single day, the status updates to 'Pickup Failed' and then 'Rescheduled for Tomorrow.' I even contacted the pickup agent directly to share my location, but the cycle continues. There is absolutely no resolution from the customer service team despite multiple attempts to raise the issue. Pathetic logistics and support.",1,57,2025-12-14 11:11:46
94fe5dd5-ea31-4dd6-b6c7-4e64f50c89ef,"one of the worst experience related to customer service, they don't even try to solve the issue. Don't order the product instead visit the store and get it.",1,0,2025-12-14 11:07:05
3f0abcc2-e722-49f1-bb31-94385528f281,"I placed an order (Order# 6067830) on December 1st with a promised delivery date of December 5th. I still haven't received my package. There is no option to cancel or refund, so my money is essentially stuck. Support keeps giving me false promises that it will arrive ""in 48 hours"" every single day. Terrible service and zero accountability. Save your money and shop elsewhere.",1,1,2025-12-14 10:36:36
376b9ed3-c35a-4635-a495-4e7fb9b97e7a,good ok,5,0,2025-12-14 08:09:30
d709c6c4-8261-4976-a926-bd266cde6f4d,good service,5,0,2025-12-14 07:53:42
1911a625-e318-4c44-8c5c-a68267f50143,"nice experience too good collection,really loving it.",4,0,2025-12-13 22:35:40
659e5b8d-2201-401e-896c-cbc88ec34eae,I'm re editing my review... i always buy Xl size shirts from this App .and it's always perfect..but this time ..the shirt i ordered became very very loose as if it's XXL... I need an exchange of it..but there is no contact no..nor any mail to reach yrll..very bad... what should I do with an oversized shirt now... material is superb soft.. colour is very good..but shirt is beyond loose... please provide a solution to this,1,0,2025-12-13 15:37:09
6e79257c-4526-44ba-bd1d-32aaf3bf6b11,"Extremely disappointing exchange service. The app’s support bot asks you to select a convenient time to speak with an agent, but regardless of the time chosen, they only call after 5:30 PM. The customer service experience has been very poor. For the past 8–9 days, the app has been showing that the dress will be picked up 'today' yet no pickup has actually happened.",1,92,2025-12-13 14:29:14
14fc74eb-aeaf-4136-973b-4f45f6a9b945,optimisation of the app is very worst,1,0,2025-12-13 13:22:46
63e911b4-f655-423d-9cd8-c2b2f8194e40,"I am giving this app 1 star primarily because the online delivery service is absolutely the worst I have ever experienced. The fulfillment and delivery process needs a major overhaul. While the products might be good, the complete lack of a reliable delivery system makes the whole experience terrible. Fix your online logistics.",1,0,2025-12-13 13:17:36
b61f3f7c-4a14-4325-b158-002fd33f2d2b,they are scamming ...they are providing wrong item,1,0,2025-12-13 12:03:47
f99e8f2e-4a67-4183-91ca-35ced2f88473,"Good style, products. keep it up.",5,0,2025-12-13 09:55:16
6d13f83e-0a09-4f42-bce2-84acc99c84d5,exchange issues,1,0,2025-12-13 09:43:47
f9139a17-21a9-4b1d-907c-21f6aced30fe,amazing product... quality and fabric is awesome..,5,0,2025-12-13 09:16:40
ce3468f2-c73a-4f63-b1c1-9d5de715cd16,Waste App. I have ordered shirts which were not a good fit for me. I've returned them. Pick up is scheduling and cancelling. now they are charging a return fee for those products. The products were good in pictures yet bad offline. Service was not at all good. Also not refunding the full amount that they've taken from me. Waste and worst service ever.,1,5,2025-12-12 22:46:16
a81fdf40-7d38-41a8-a7b0-d2b96b158d7e,"They are offering discounts, but the products are being intentionally cancelled.",1,0,2025-12-12 21:52:05
ff2270e5-c7b8-4c05-ad4d-a069ecd12ad2,horrible support.,1,0,2025-12-12 19:30:33
9284b712-2de8-4fc0-b12c-3a6832fbdffd,worst experience in my life very bad service no customer care nothing how can u guys called u a brand slikk is more better than snitch... on 27.11.25 i ordered 4 tshirts but I received only 2 and it was mentioned that I will receive pending in 2 days but today is 12.12.25 but still didn't received my product I don't know how is this possible how u guys are so irresponsible end of the i hade a very bad experience with your website and I have uninstalled my app and I told my all colleagues and my,1,0,2025-12-12 18:49:59
b3c4f395-28d6-4a5a-9b81-0b1b268fbcd0,Good.,5,0,2025-12-12 12:02:34
f2d95604-460a-4272-b7c5-babd61967608,"I’m very disappointed with this experience. My exchange order was delayed for a week, and despite multiple follow-ups, I received no SMS/email updates. The app shows wrong statuses, creates multiple exchange orders, and customer care only works via scheduled calls. Today I was finally told all exchange orders were cancelled without any notification. Please process my refund immediately and fix these issues.",1,7,2025-12-12 11:03:24
fde1c3d6-3194-4856-be89-d39d62ebc858,This is worst app they don't have to take any action for customer and convince useless app even seen.,1,0,2025-12-12 09:22:02
3d972d3e-3eaa-4111-b0cf-2acc92c4ab26,"The application's poor performance is severely detracting from the customer experience. Furthermore, my exchange process has encountered a significant delay, the original order was delivered on December 4th, and the exchange item was successfully picked up on December 5th, but the replacement order has not yet been delivered. My attempts to contact customer support have been unsuccessful due to their unavailability.",1,2,2025-12-12 03:42:38
b0ddea5f-adc1-4b1c-8eab-190eafca136d,"This is by far the worst shopping app I’ve ever used. You seriously need to optimize the app’s performance — every single page just keeps loading endlessly, especially the account section. I’m absolutely never using this app again.",1,0,2025-12-11 21:48:15
94b0a9db-d149-48cc-b8e5-9e89b1985ecb,Ye log refund nahi dete aur mujhe lagta hai hmare refund ke paise inke customers service agents khud apne account me daal lete hain..bhut bekar service hai,1,0,2025-12-11 20:51:01
536a9190-4efa-4428-b2ec-b2b67c1201f6,"worst application too late to load and misconceptions about price and refund. My one order is have returned but at the return pick up time they have received the return product but in the it showing the return was cancelled and they haven't received any product .but by my side product is already returned,and my another two product refund is also not initiated by them. Too waste customer service,they don't give proper response and I will go for the consumer help line and complaint about snitch .",1,0,2025-12-11 20:34:51
9d414057-da6d-4e61-9c98-92521d04bf09,Worthless,1,0,2025-12-11 19:15:55
33009465-1739-4c2a-9187-1645d56fb79b,worst customer service don't order online they'll never deliver,1,0,2025-12-11 16:29:17
22b7f5ee-c47b-4e15-84af-0bb479316aea,extremely very bed mre paise bhi le liye aur product bhi deliver nhi kiya na koi support kr rhe h,1,0,2025-12-11 13:18:21
f8c513c0-a40b-4ff8-ab14-1621e52d0cbe,"horrible experience.. no customer care support.. no contact number, no chat service, nothing.. they are just providing low quality cheap stuff with no way to contact when needed.. I have not recieved refund for multiple orders.. #scamalert",1,0,2025-12-11 12:35:29
35c73474-cb91-441c-9814-29b079513056,"trying to connect with customer care service but the service experience is worst and unable to connect with customer service. I don't know where my order ,from last 3 days my order status is showing it's already in my city here is the developer reply below but best part is they replied share your order id but there is no option to share my ID what kind of joke is this?",1,0,2025-12-11 12:25:10
dd3586a6-d87d-47a2-8ef6-980912f1cfb0,i have 100mbps working wifi and still this app is not loading not to mention the delay they provide once the order is placed,1,0,2025-12-11 12:17:03
49a9abc3-c6ba-4818-bcfe-d17f118c27c2,one of the worst app. I ordered a product from them. I applied for size exchange the delivery men didn't come to me and on his own he updated that I cancelled pickup.worst is snitch services and their delivery partners of shadowfax are even worst they don't pickup calls and falsely update.,1,2,2025-12-11 09:02:01
35c3c755-ba38-4384-85ca-0d81834b5380,the don't accept return at all,1,0,2025-12-10 23:49:05
5dd61229-636e-467c-aeba-a78c191f976b,Your delivery agent refused the pickup saying 'item mismatched'. I received a wrong product from Snitch and this refusal is unacceptable. I am attaching photos and videos as proof. Please arrange immediate pickup or initiate refund tired of this,1,0,2025-12-10 18:49:39
2e9407e7-3322-4fcd-a13d-73cab5837bd5,I love it snitch clothes,4,0,2025-12-10 18:41:03
598d15f6-73d0-4d9f-898d-184f5db409f5,"fraud app, before ordering form this app please note that if correct item is delivered to you then its your luck and if wrong or items are missing in your order then no one is there to help you out. I have placed an order of 3 items and 1 item is missing in my order. Following up with them for couple of days but still no resolution every time the support teams says we will resolve this in 24-48 hrs and no resolution then.",1,5,2025-12-10 16:36:09
f583470c-6bee-4b8d-957d-d6319f541e5d,good fabric worth the price 😉,5,0,2025-12-10 15:57:23
cd490249-854c-4139-958b-09dc54b4b9ba,"I have installed this because these people don't have enough infrastructure to accommodate a simple exchange and they also don't have policy to accept the same in the near by store. whenever you try contacting them in the app, they will say choose your time slot and they don't call you and just send a message stating we tried calling you . pathetic people handling the logistics atleast be punctual. it's clear that u don't respect other's time. There is no provision of zero star otherwise",1,2,2025-12-10 13:08:30
44f6d2ab-4db0-4f2b-b278-e6439c0e2526,worst app worst customer service it has been 5 days since I placed the return order but my order still hasn't been picked up the in app customer service is the worst part they scheduled a call but never called Don't order from the snitch app order from Myntra or nykaa instead,1,0,2025-12-10 12:18:31
a7ece16a-8da8-4e8c-a6b2-fc36668ad432,"full froud service... poor quality shirts...Even after returning, no refund is given, complete fraud",1,0,2025-12-10 12:11:09
518aab7b-9259-41cf-92a2-5730bf69eb81,bad experience poor quality ek baar wear karne mein fabric ka skin ajeeb ho gaya jo link contact ka apne share kiya can't find any option to mention issues only find payments or order track,1,0,2025-12-10 11:41:17
b50cb434-040b-4367-a019-ff431b5a0b5f,I have returned my product 5 days ago and the amount is not yet refunded. No contact in app to reach support. Terrible experience,1,0,2025-12-09 18:27:28
c60d36c5-f340-4fc8-b5d3-6db86514fc41,"I am really disappointed with the quality of the clothes. I purchased a pair of jeans, and within just two months the fabric around the knees became loose and the stretch completely wore out. Snitch’s clothing quality did not meet my expectations at all. The company also does not take any responsibility for their products — they only offer a 15-day exchange policy, which is very short for clothing. The prices are high, but the quality feels very low. Overall, not satisfied with the product.",1,1,2025-12-09 16:53:26
3e503526-de5d-41d2-a4a7-913862b14e01,super awesome product🤩,5,0,2025-12-09 12:00:30
7e0a95f9-5c8e-4237-8ad8-6dc6ccd3bffe,wealthy look,4,0,2025-12-09 11:35:37
33a1bdcf-f124-4931-9a77-6f0f41e5e604,location setting is very pathetic,2,0,2025-12-09 10:57:33
cca140c8-1946-4e27-bd36-3a2faf927f48,"product are good.. concerns are with operation.. 1. App is very laggy and response on click is super slow. 2. No transparency on return to refund with avg wait time more than 9 days. 3. on call or app support seems 1-2 people answering 100 of customer in return we get wait time between 15min to 1 hour, you really expect everyone to have that much time wasted?? really disappointed with service.",1,1,2025-12-09 10:16:53
467e1236-7051-4ef5-8513-8604a1dbb92b,"No proper customer support. please don't reply with contact us having the website link. Not getting any support from that link They will not exchange/return the item whenever you raise, but at last after the exchange period is over, they will update this order is not eligible for exchange/return. My first experience is worst. I'll suggest people not to buy in Snitch",1,0,2025-12-09 07:55:25
2440c16e-d55d-4534-96ca-1060019b5391,very good,5,0,2025-12-08 23:19:02
4e6a0a7e-8def-491f-a938-3f46a85cccfd,"worst cloth quality nd very bad service also. i also request for return but return also not done, really very worst clothing brand.",1,0,2025-12-08 21:36:44
665562aa-e79a-4706-91bb-3a88e48f0ba5,"My review is 100% genuine – you can fully trust me. I ordered Snitch baggy stretch trouser. Size was too big, so I returned it. Parcel reached their warehouse in 10 days, but no refund for weeks. Chat wait time 145+ mins, zero response. Only after I filed consumer forum complaint did they refund the next day. Worst experience ever. Never ordering again. Stay away! guy's I'm genuinely telling you, don't dare you order from their official app",1,1,2025-12-08 20:21:31
8b183a73-d654-4b22-8f45-8c2d8faa30e4,"Very waste of service. 3 and more days waiting for my order. Every day notification from this waste app ""your item will deliver today "". No one come and don't call me. Then your item return to office. Then next day will happen this procedure repeat.",1,0,2025-12-08 17:45:54
cb58cfde-05c6-4fd0-aa5b-35bc21c6f725,Worst quality of fabric ever seen for apparel. Without a single wash pant is full of lints. And a shirt torn only in the second wash. The shirt was also full of lints in just one use. Looks cheap after one wear. Very cheap quality both pant and shirt. I'll not buy anything from this brand again. Neither will I suggest anyone to buy.,1,2,2025-12-08 17:17:03
2d69a09a-8519-4eac-b8db-eed4f0917b43,don't order with this cheap app 0 customer support 0 customer response very ghatiya service,1,0,2025-12-08 14:46:56
16c8aa61-5f00-46d9-87c3-97a374729462,very bad service I have an exchange shirt 22 November today 8 December till I didn't receive my exchange shirt,1,0,2025-12-08 14:28:20
5e98364c-55c3-40da-b5fd-ee6ba5cb0491,"Worst experience ever. Snitch is sending used and dirty shirts. Even after exchange, they delivered the SAME DIRTY PRODUCT again. This is unacceptable. Waste of money and time. Not buying from Snitch again",1,0,2025-12-08 10:23:15
6c281eea-699d-48f6-b159-99e207821474,"many products are out of stock , they don't make 28 waist size and 30 waist size in jeans is rarely available",1,0,2025-12-08 00:25:53
9d54d6a7-6bbd-4665-bda0-fde67cb5e8d6,The worst experience ever. I ordered on 3rd Dec till 7th Dec it's not shipped yet 😞. No update on the app or by message or email. I will not shop from this app again. Clothing looks nice but delivery sucks. They need to improve on delivery updates.,1,0,2025-12-07 23:50:30
8fe0972b-4e1e-4983-b481-162f60519aa3,nice,4,0,2025-12-07 21:29:35
85ef82bf-4c85-4b0d-b84d-e57a65bfbff1,good,4,0,2025-12-07 21:24:41
c564c50b-1840-4543-96a9-19d651cc9ad5,good,4,0,2025-12-07 19:16:38
b491ebe0-3d2d-431c-9975-b8df7f72da65,good,5,0,2025-12-07 18:51:46
42dbf2ff-bfec-4c62-9c16-3100ae40dc74,don't buy clothes are good but if u return they don't give refund and zero customer care services,1,0,2025-12-07 18:41:09
65f4d7a4-8d8f-496c-890e-e0da6fb568e6,nice one,5,0,2025-12-07 14:36:31
dd9573eb-c759-47d5-b06d-72e4dc5797f3,This app is garbage... especially their customer service and refund process... delete it.,1,0,2025-12-07 14:13:10
995955c1-3a22-49f6-b7fc-3667033fd06e,❤️,5,0,2025-12-07 13:52:32
6c5db433-b137-4a4a-8f49-01f69dfb2fb1,"worst experience ordering here on snitch they are not refunding my money back of my return items no proper customer care service very bad experience worst service from snitch don't order from here order id -5954392 I hve return 2 items ,only one item refund came and one item still pending will see how many days they will take to return my money",1,0,2025-12-07 13:18:32
8bad7817-c4c6-490c-ba7a-e573b5e0d451,this is 2nd time happening with me i have tried to return my previously purchased t shirt but these ppl keep rescheduling it and no one turned up after frustrating experience i canceled my return request and used t shirt as it is the more frustrating this is now also same thing is happening i ordered one shirt but the fit and color i didn't liked it now also these ppl r rescheduling the pickup from last 3 days if same thing will continues i will be not able use it.i m deleting this app,1,0,2025-12-07 12:50:22
b5fe43cb-a2fc-4ad2-a9c3-60bf70aaf66b,"Been a long time Snitch X customer, but now it has come down to shady business tactics. Had returned a shirt under free returns quota, they deducted 140rs. without any reason. This is the second time this is happening, the shirt was ordered at full price, not any sale. That's it this is my last interaction with snitch.",1,1,2025-12-07 12:42:57
e1ae0349-d13d-4532-9ef4-12171a49cbd0,very very bad app can't have a customer service plz not buy any item form this apl,1,0,2025-12-07 11:52:15
a4be892a-ba77-48e6-8df3-ff16a715157c,"I ordered several products from the Snitch app, and many of the clothes I received were not as expected. When I requested an exchange, the pickup status kept showing “Out for pickup,” and by the end of the day it said, “Pickup cancelled because the customer rescheduled it.” This has been happening for the past few days even though I am waiting for the pickup and have not cancelled anything. It feels like a scam from their delivery agent.",1,56,2025-12-07 09:37:59
fe88c1b2-0812-47e1-b9f6-4617bd8be9e0,my order id is 6028692 i ordered last month on 29 nov black relaxed fit cargo. is there a return option even though I ordered how to change the suddenly change not eligible for the return option even 2 days back I saw the right now I can't able to see the return option. right now this is not suitable and does not fit for me how should I wear it customer support irresponsible answer,1,0,2025-12-07 00:22:49
8b08ee40-065c-4ee1-8640-9430281ec683,"my order is successful, but not delivered 👎🏻",1,0,2025-12-06 21:28:24
c5af9f40-baa5-4581-a8b5-3f6ab9906062,nice aap,5,0,2025-12-06 17:39:00
d914018f-0425-44c1-8392-f1d0c2e1858d,After 1 year of regular customer I got pathetic service,1,0,2025-12-06 17:18:17
3c9ca64c-cd2f-4f3a-86a1-751d3be0a055,Ordered online from the app and for the last 04 days they are unable to deliver the order. Never faced this issue for the previous order.,1,0,2025-12-06 17:16:22
b3817f6a-c9a2-401e-bb33-28b61f572a83,"The application interface latency, unable to place return functionality, made my entire experience a 3.8 on 10",2,0,2025-12-06 17:09:08
c3775335-7b7c-4c19-8711-b8289c472d2d,l lost my money 5K buy from snitch apps better then be young apps is too good .. scammer snitch company,1,0,2025-12-06 16:18:10
3c9c67fa-6507-438c-9fd7-5f8d9480e7cc,Quality is good..worth of Money,4,0,2025-12-06 15:32:30
b22372e2-674e-4ffe-a8f9-24d6663a208c,App is showing pickup failed even after the pick up guy took it from me and the issue is not resolved from 4 days,1,0,2025-12-06 15:05:22
6e3b1e33-5f30-4c2a-a35b-b9cd2490d019,"Your app is extremely slow and buggy. I ordered on 1st Jan and it was supposed to be delivered by 5th Jan, but it still hasn’t been dispatched. I also cancelled another order within 30 minutes, yet it’s been 6+ days and I haven’t received the refund. Another returned item was received by Snitch the next day, but refund is still pending. I even tried contacting support, but the call was cut in the middle and no callback option was available.",1,8,2025-12-06 15:00:19
882807b5-2108-49d0-b86b-758ef178d7af,do you frequently cancel orders after taking them and apologize after that. order no.- 6071831,1,0,2025-12-06 14:46:41
45fe8ec4-ecd6-49c1-9b6d-60493553fc5e,very bad experience i order two shirts and after receiving wrong size i want to exchange but they cancelled my return pickup without messaging or calling me once. no feedback from support team.,1,0,2025-12-05 21:15:53
9f27fab0-2e84-4429-b2e9-7b9811baca6b,"Don't use SNITCH application i faced no customer support, no return and refund policy at actual i face this problem during my online shopping from SNITCH. WEST OF TIME AND MONEY.",1,0,2025-12-05 21:10:06
66fdb7c8-e0bb-4dde-a398-7d07e46af484,"I'm utterly disappointed with their customer support , they have cancelled my return even after picking it up and are not providing any refund and refusing to even arrange a call with a live agent",1,0,2025-12-05 19:43:01
4b07a795-b141-4a89-8728-5360a18fe94c,worst shopping app never deliver on time,1,0,2025-12-05 19:05:19
6bad1e78-96ec-4606-ad52-7e41813a3c13,nice,5,0,2025-12-05 17:32:33
27a6692b-35ad-4859-acc5-a657c1cdb0d3,The uI of the app that makes you frustrated and the product i exchange 1 time is still the same problem don't use this app and don't buy from it,1,0,2025-12-05 15:52:49
1ac11922-2030-4090-bb4b-87b420c7d2e5,"I have placed a return request for the order Id 6046405 and I see the status as return cancelled mentioning not responding. Noone reached out to me and this seems to be a trick to drag for 7days and cancel. I am trying to contact customer support, I will update the rating in next 2 days based on how they are going to respond.",4,1,2025-12-05 12:54:29
79274cd9-c071-4941-91e4-d8f6f3552522,best,3,0,2025-12-05 12:51:05
209edcd6-5a04-40ce-8e57-4f175455932b,"I always liked Snitch and most of my clothes are from there, so I trusted the brand again and ordered 5 shirts in the Black Friday sale for my birthday on 6th December. But it has been a week, and I still haven’t received my order. I don’t want to blame the offline stores because the staff and service there are amazing, but the online shopping experience has been very disappointing. Please don’t let this spoil my birthday,Snitch online really needs improvement and the customer service is dead.",1,0,2025-12-05 12:42:05
6cbb345d-ebd3-4641-9122-f5ec77020ed1,"Quite poor services by them, it's kind of scam",1,0,2025-12-05 10:29:13
ccf2e497-d508-478f-bd71-82defc7e805a,Worst delivery experience. How can delivery get delayed by 5 days? Still waiting don't know even will I receive my order or not. Not a company to be dependent on. Not recommended. Also the application is very very slow.,1,0,2025-12-04 22:27:27
7fdb54bc-09f8-49b2-8424-75e7ad108a59,"""I'm writing to express my disappointment with the service I've received from Snitch. I recently placed an order, but unfortunately, it didn't fit properly, so I initiated an exchange request. However, it's been three days, and no one has contacted me or picked up the order. I'm having trouble reaching their customer service team, and I'm extremely dissatisfied with the lack of support it's better to use other online Shopping platforms.dont use @snitch app",1,17,2025-12-04 22:26:07
6331c296-3e9f-4004-8285-d416dcd34f2e,"Worst app, totally flawed user interface. Everytime after an update you need to login again too many updates and no output of that either. You really need to change your IT team",1,0,2025-12-04 21:03:39
d0fa3145-2557-4bad-8953-cad18ccfbccc,Good collection and value for money,5,0,2025-12-04 20:44:28
6b67583c-7c12-4e11-be98-d5efe9886584,worst application ever I have recently order a jacket and they have delivered when the fit was not appropriate i tried for returning the product but the application is showing still out for delivery and no status regarding returning the product,1,0,2025-12-04 18:50:18
a5373d55-fbb8-4ac8-99ef-631c6ac986e6,"there is not any proper customer service, very worst service i didn't get any response even I wait for 30 mins in a chat",1,0,2025-12-04 18:23:47
b03fc5af-451f-4966-b241-2d04cf5b0957,Price is little bit high but produts are awesome,4,1,2025-12-04 14:25:00
6260306f-004d-4546-b568-7a832f7669a9,very bad customer services i received wrong product but they are not exchanging. the site shows something else and the delivery executive says another thing. there's no coordination between these people and the customer gets affected in between. do not purchase anything from this brand,1,0,2025-12-04 13:47:18
ad44a73e-754e-4765-a70c-c0a5a0f692c2,worst experience,1,0,2025-12-04 13:26:50
9719af71-7625-449b-9eec-1a732f7bd764,good app,5,0,2025-12-04 11:58:54
9ecfdd20-3f87-4180-8ec6-68eda90f1e65,I regret buying from Snitch especially from this app. order was supposed to be delivered on dec 1 but it is still not delivered. There is no proper email or customer support to get the reason for delay.,1,0,2025-12-04 08:17:45
fab59f6a-3829-4b4b-9360-a06ec3b902fc,app is crashing multiple times,1,0,2025-12-04 08:16:04
c8736e2e-8bfc-45e5-b42b-1c0209983cfc,"don't buy from snitch, they charge 100 rs foy return the item, 3 rs class service",1,0,2025-12-04 07:34:20
fdc45884-d2f0-4600-b600-a2d3b0099ff6,nice styles,4,0,2025-12-03 22:14:52
d8ac8159-b68e-4557-9614-7ede8867aa93,"Your app is extremely poor. Every single time I check an order, it takes around 50–60 seconds to load. On the main screen, it doesn’t even show whether the order is Cash on Delivery or already paid. Please improve this. The app experience is very bad. The quality of the clothes is good, but you really need to work a lot on your app. It’s a very disappointing experience.",1,0,2025-12-03 22:06:11
c6413918-efbb-4e2e-ba4e-673db00f81c9,I had returned a shirt ( cost- ₹999) on snitch which got picked up but i never got the refund. They have such a poor service everytime they say you'll get refund in 2-3 working days but after almost 1 month I never received any refund.,1,0,2025-12-03 20:27:36
9722d8b0-dd07-4e6e-9115-d2b81f1385ee,"worst app , not issuing my refund even after product picked up order number - 5852038 It's been more than 15 days since pickup and i still haven't received my refund I'm exhausted complaining again and again when will i get it?!",1,0,2025-12-03 19:47:08
27305fba-2b84-451a-aea0-65000c96cfbc,"I ordered a product 2 months ago, they neither sent me my product nor they refunded my money..they sent a fake UTR..their customer service is the worst I ever seen",1,0,2025-12-03 19:25:06
07b4e980-256b-482e-82b4-5a3e9c74b328,worst app i orderd 2 t shirt just delivered one no help no proper support nothing propely to contact customer care really disappointed please have assistants to resolve ur glitches and customer queries,3,0,2025-12-03 19:05:24
d4dca9d1-ce08-47f4-b8c0-e7f8903f1917,good 👍,5,0,2025-12-03 18:25:00
c3a94471-42c6-4bd8-a0ea-2d42416a16a0,I didn't get full refund yet .. I ordered trouser from this but after few days they Said this item is not in stock so we will cancel it .. we will refund your amount.. after all of these I didn't my full refund yet .. worst coustomer care services,1,0,2025-12-03 17:41:06
d9d5751c-6642-49b1-af2b-7950962209ce,good 👍,5,0,2025-12-03 17:32:22
89e69243-93c6-45ee-9d71-b6e280e9b3a6,very very bad experience worst app i have ever seen,1,0,2025-12-03 17:30:04
73961106-8c90-4e1c-bd34-5c7f593fba59,bhut hi ghatiya app h koi bi purchase na kre. inki service bi bhut hi ghatiya h na hi ye koi customer support milta h na hi amount refund hota h,1,0,2025-12-03 15:54:05
ded1c6f9-1dd6-4037-b3ae-a628dadabc35,"I ordered a shirt from Snitch but had to return it due to size issues. The pickup was done three days ago, yet the app still hasn’t updated the return status. I also haven’t received my refund. There is no proper customer support available, which makes the experience very frustrating.",1,1,2025-12-03 15:32:33
89aaf1d9-1391-43c8-a347-7b4329348b36,"The app is extremely slow, full of bugs, and often freezes during basic use. There is no real customer support only bots repeating useless replies, and emails get no response at all. On top of that, SNITCH deducts ₹50 as return/delivery charges even when the product is returned unused and in perfect condition. No major brand charges for such returns. Calling it policy doesn’t make it fair. This whole experience is extremely disappointing and shows poor customer care. Done with Snitch. Worst ever",1,1,2025-12-03 13:50:32
c5fdd5a5-9bc0-467b-824f-5f5ac1a9fb08,worst customer support,2,0,2025-12-03 13:12:34
f0f12729-c5b7-469a-b51d-3bbbe3521e06,very bad experience the item was returned 3 days ago still the didn't refund and they are not even showing that item was returned and not responding at all very careless behaviour,1,0,2025-12-03 12:26:43
ce4d76a3-5242-4854-8887-f8062ddc68f9,poor app,2,0,2025-12-03 11:48:47
32ef5f72-1b12-46c3-97c6-3ad515d8e04c,I ordered last Friday (28-11-2025)which was 50℅ discount sale day. the order is worth of 5898 rs. the next day I ordered another order 1784. while ordering second order I deleted first order coz I was not allowing me to order secont order. so i deleted the first order items and now I got second order item I received but the first order items I did not received yet and amount (5898) is also not returned. for me I want the first ordered items within 2 days.,3,0,2025-12-03 11:12:46
eaade32e-102f-4e9b-a88a-41f02cf4578a,very slow app when you check the order it takes 2 mins to open . customer assist is not user friendly. not able to raise the ticket easily. we cannot chat with the snitch customer support team if we got any issue with the order .,1,0,2025-12-03 11:00:00
b470f016-c9b2-4167-a6d5-2b1b5b50f8d5,jo cheez dikhate hai vo same nhi aati,1,0,2025-12-03 10:59:19
2d17e291-c297-47bb-b1c6-883bc6169ee0,"APP sucks a lot. Everytime i open my orders page, items just keeps on loading endlessly. Most of the items on black Friday sale were out of stock or were not applicable for discount or only XXXL size was available. Hence, making it difficult for customer to actually benefit from the sale and the items i purchased on black friday sale were of decent quality fabric but size and dimensions felt off despite i got my sized items only.",2,1,2025-12-03 10:49:56
9d898e97-0d87-4fb0-8d93-a833841a816a,"They have very poor service, I would recommend buying snitch from Myntra instead of this app",1,0,2025-12-03 09:26:16
3283789e-3d96-4cb4-a88e-cc601f3a8e17,i had very good offline experience but online app is pathetic. don't use it ever. the return policy mentions only that 7 days returnable but when you return after receiving the order it will charge you delivery fee and after a few return it charger upto 20% processing fee on top of it. it is mentioned nowhere on the app but still they charge you,1,1,2025-12-03 02:45:31
c45a0bf5-a653-4043-afed-5855b586caa4,Best place for buying dresses,5,0,2025-12-02 23:41:18
e55eaf40-c216-49dd-9b8d-5f7d176880a6,I has ordered a shirt on 28 nov and it is not delivered yet and there is prb in snitch application it is unable to see where is my order it is a prepaid order i paid money snitch app has online order help line its cant able to fetch the order pls deliver my order or give me my money back,1,0,2025-12-02 23:03:42
58805f00-55e5-4f7e-a513-eebb360a8004,app sucks for so many reasons 1. filters dont apply properly 2. go to order and it take hours to load 3. only 2 returns are free?? if you guyes are sending defective piece-- its not our fault 4. theres no option to cancel the delivery- only can deny at the time of delivery,1,1,2025-12-02 22:44:47
8ac26991-75eb-4cf9-aa0f-cf7698ce311f,good,4,0,2025-12-02 22:36:16
416e8e2c-5d85-4bf7-a477-c2b5abc2107a,"The app’s UI is sleek and intuitive, which is a plus. However, the order‑history screen lags heavily, making navigation frustrating. Worse, pressing the back button jumps straight to the home page instead of returning to the page I was on. Hope these issues get fixed soon for a smoother overall user experience.",2,0,2025-12-02 22:04:16
f1b71a6b-2109-40d1-8615-4c6f31dc352b,Amazing clothing app all over,5,0,2025-12-02 20:29:53
b44149c9-8000-4272-9fad-1e9dbcd90a34,Worst app... takes an hour to load,1,0,2025-12-02 19:50:04
f33291f0-cf03-4c79-b5d4-c73651e51630,worest,1,0,2025-12-02 19:49:10
86233cbc-f8fd-42ac-a946-49786feead6f,the app sucks. Very slow to load . the filter dont work well and the order tab is worse . no clarity on anything. relase an update and fix all this,1,0,2025-12-02 17:31:06
d91f23ee-679f-4109-8328-ee8ca871596d,2 Return free else 50 Rs charge. on product page they mentioning 7 days free returns.,1,0,2025-12-02 17:27:52
dfc18730-def0-4b1f-a5e8-97ff4bf64b68,"I ordered a shirt in sales offer but I got a defective shirt i didn't expect from snitch and the service is very bad I have to communicate with service call to return or exchange it so make sure that provide return or exchange option, and the most worst thing is the shirt is delivered and in the order section it showing that it will arrive tommorow by this we can understand that how poor the service in snitch",1,0,2025-12-02 17:05:20
1600b257-fc31-4290-9202-a6ada54b6846,good experience,4,0,2025-12-02 14:01:01
113788ff-eece-4376-a3a1-85752ba778bb,"Worst return policy ever, bought 2 products for Rs1000 as i did not like the product and applied for return, Rs100 per product was charged. What a scam. The below provide link just takes to the help center and no option to procide the order id.",1,0,2025-12-02 11:42:20
496fcfd7-dc19-4f9b-8ba8-90c9957b6ef8,Too much of useless collection but the product that you actually want or is actually good will always be either out of stock or size not available.,1,0,2025-12-02 10:17:20
e6c02a95-4e75-403a-84a8-ba573a0b6afd,nice colour n combination outfit,5,0,2025-12-02 10:05:20
119d2d55-4ae4-48b8-a301-70047f13bef7,Genuine product,5,0,2025-12-02 08:29:06
12fde831-9689-44ab-96f2-11a587bfc53f,good product,5,0,2025-12-02 06:53:19
b66c4ff2-666b-4d61-965b-f7524efc8c73,superb,5,0,2025-12-02 01:58:23
6155bcc5-af47-4d02-b3da-2c4d2d1b12dc,"boring, slow irritating and not friendly",2,0,2025-12-02 00:35:49
f85ed84f-2e91-43e5-a5a5-0ea5024ebc1e,good 😊👍🏻,5,0,2025-12-02 00:03:10
1f2bc0f1-5aa3-4420-83ef-d6cd49b3d4a6,worst app experience ever unable to access wishlist and cart easily unable to view the sizes until payment. I'm unable to return my order as the orders section isn't displaying my order.Need to work more on the app development so that the user access it easily.,1,0,2025-12-01 23:20:03
74d67c35-353a-44e0-bfa6-c74c5fce863d,Fine stylish clothes.,5,0,2025-12-01 23:04:41
de09427f-41a3-494b-bdba-f3824e7f1842,"Thank u for giving ,Good products keep going 😀",5,0,2025-12-01 23:04:15
3dd7d9f7-6dd9-4064-8d38-0f6fe14cf1d3,"I had an extremely disappointing and frustrating experience with SNITCH. During the Black Friday sale, I ordered 6 shirts, carefully selecting the designs I wanted. To my shock, I received completely different products—none of them matched my order. This level of carelessness is unacceptable from any brand, especially one that claims to be trustworthy. What makes the situation even worse is that SNITCH expects me to pay extra money for an exchange, even though the mistake is 100% theirs. W",1,1,2025-12-01 21:44:01
16a10e93-3d16-48e3-9950-38347f5bb3eb,app interface is laggy,4,0,2025-12-01 21:07:49
28debc69-6e85-4963-81c0-6aeda5f699f9,0% service,1,1,2025-12-01 17:59:52
8d8ef826-2453-452d-9d29-d2b1f1d6bcfa,can't save my address,1,0,2025-12-01 17:42:47
35e63a86-903d-4721-9ddb-092ad9e7e327,🫶🏻❤️,5,0,2025-12-01 17:27:47
b39a5a42-795f-4f7c-989b-3b97e99703b6,very expensive stuff and even discounts are given only on left over stock of larger size.,1,0,2025-12-01 17:08:45
354e273b-7ac9-470e-9382-cb4f94dbbcfe,thanks for order pickup,5,0,2025-12-01 16:28:40
649e4ca3-61c2-411b-a2c0-b64327f7c4fe,"I really don't like Snitch Clothing's fabric for shirts, jeans, polos, etc.",2,0,2025-12-01 14:32:31
bc51416c-f47a-4c94-807e-1fe4b002a90a,good service easy checkout,5,0,2025-12-01 14:18:05
5ed4f1bf-9e57-483e-82ce-bc6538803be4,earlier good collection but now normal and app is disaster,1,0,2025-12-01 14:15:49
38181f20-fc5e-43c3-bdfe-aa90ff92216e,They are useless..I ordered 2-3 months back and my refund is still pending..their customer service sucks.. worst experience,1,0,2025-12-01 13:32:25
20bb25f5-0833-4636-841f-7eb70f0b9c51,products un available 🙆😞,2,0,2025-12-01 11:46:56
fbf1105b-d04f-4dca-9773-c72abeeefa7f,thnx snith,5,0,2025-12-01 09:03:10
fc7a8892-0e81-46c3-be4d-2138e486c3b5,superb aap for shopping,4,0,2025-12-01 08:06:35
9460e1ec-bfa2-40d9-9476-09ebe55f8679,good quality,5,0,2025-12-01 07:55:18
681e8bb8-adcf-4599-abdb-7e2dedb86b31,amazing,5,0,2025-12-01 02:32:45
2d6444e7-d6a3-4817-8af4-6b45420edccb,Good products,5,0,2025-12-01 00:53:02
ac17815c-42a4-4571-b53b-b95715176e90,"I'm unable to place order due to address issue even though the address is right ofcourse. Whenever I try to save address, it says ""State not found, please adjust pin and retry"". I'm from Arunachal Pradesh and this problem is showing for every location from Arunachal Pradesh. I tried different state address and it gets saved but whenever type address from Arunachal Pradesh it doesn't work. I don't know what's the real problem because almost a year back I've ordered multiple times and it worked.",1,1,2025-12-01 00:43:59
d128db26-084e-4d0d-81c0-ce00691ff45a,good experience,5,0,2025-11-30 23:24:33
a9b950d5-4151-4dea-a153-a3e29fe05598,The snitch is just a hype . The road side sellers have the best quality. But this snitch is full of waste of money and waste of money. Every time I order the sizes will be different. But this time in black friday sale i ordered baggy fit jeans and black polo tshirt. The polo tshirt is waste of money. I didn't think the official website will also give this type of product. I can't share the image here . See your official website I share there . Please don't buy anything from SNITCH.,1,0,2025-11-30 22:22:55
e546f034-3012-4701-9a15-1cdd8593660e,"On application and in website, it does not say return fees applicable until you goto returns faq page. On product page it simply says 7 days return. Damaged product received and now 50 - 100rs charged on each item return.",1,1,2025-11-30 21:31:54
bc46a2ae-2e48-4bf8-a6ce-51cf1c2bf5ff,"There seems to be a serious issue with this app. Whenever I try to add my address, it automatically fills in a random PIN code without my knowledge. I only realise later that the wrong PIN has been saved. Because of this, I’m unable to add the correct PIN code for my address, which eventually causes problems with deliveries. Please look into this issue and fix it at the earliest.",1,0,2025-11-30 21:20:39
989145bb-2668-4fe4-a388-92087d237c43,👍,5,0,2025-11-30 20:38:13
e9980da5-def8-49b4-8e8d-470a1e962242,good,5,0,2025-11-30 18:00:00
cae8d9f1-0c41-4f76-a105-60b0913a1cf6,pathetically slow app the order page takes like days to open cannot track orders one star just for the app snitch store and product experiance is very good pathetic app,1,0,2025-11-30 17:13:18
7e041834-1e3f-4a74-8b06-0ac6078f042d,Great option but do not have functionality of filtering out sizes like in myntra,5,0,2025-11-30 17:07:39
061a170e-fb53-4649-aa36-0fbd81f3e274,👍,5,0,2025-11-30 13:14:52
0a77135d-2355-4f04-847d-dc87618b617f,"Hi Snitch - I dont have any particular complaint about the quality of the products but quality of the app is very low especially when its available LIVE. Functionalities like Sorting, Filters, Search, Back redirections etc. are all defective. I suggest you to please make your Dev and Testing teams to focus on getting rid of these basic defects from application for much better user experience.",3,0,2025-11-30 12:37:35
16dfc158-55cc-46a0-b977-095be8a27510,nice cloths and coustomer service are vey good 👍😊,5,0,2025-11-30 12:23:51
be3adff3-d1c6-4c3e-bb59-bbe437e44ef7,"Disappointed. They barely have proper size options, and whatever is available is overpriced. Not worth the money.",1,0,2025-11-30 12:15:30
c25b5a97-ae47-4e41-a6f7-34e16fd79d47,very nice collection with bold and trendy outfits ❤️,5,1,2025-11-30 12:04:50
6c82ddfe-09c3-4623-9db5-52e4d1b97d8e,this aap really amazing,5,0,2025-11-30 10:44:47
ad0c9c4f-3c1d-4b82-a878-70cada4c7395,it was smooth experience till order placing after that when I try to check order status it just keep loading (lagging) for 2-3 minutes after that it's keep getting back to main page . but interesting part is home page for buying are working seamless. I think they are doing this purposely. bad pattern,2,0,2025-11-30 09:51:12
974b1a8d-2f82-467b-b28c-d68815a3c144,Good collections but some products is overpriced,4,0,2025-11-30 02:31:54
14676863-1820-459c-8027-cd463d52eb06,Products are very good but some products sizes are always sold out. Restore that Products,4,1,2025-11-30 01:06:53
c857f931-a70d-411f-a14d-102e1c8868e5,Call pe Okka Z jooth,5,0,2025-11-29 22:49:16
eb64ba41-e403-4b7b-866e-2dbe63b01b79,Worst refund related experience..worst customer service,1,0,2025-11-29 22:38:01
edcf7b20-877e-47ae-ace6-8f9a062df05e,"I am extremely disappointed with the app and the service experience. The customer support is unresponsive and there are very limited payment options available. The EMI option is shown during the sale, but it does not work at all. Due to this, I am unable to purchase anything from my cart, and now all the items are going out of stock. This is very frustrating, especially when the sale is live but there is no way to complete the purchase.",1,1,2025-11-29 20:54:34
9a29fc1d-2cbb-43c1-9c71-fad7209312fc,good things,5,0,2025-11-29 20:17:31
4acc96c0-3ee4-426b-9842-be588c055cdd,Don't by online... Refund pending from last 2 months and their customer care agents are useless and arrogant,1,0,2025-11-29 18:20:40
e75cf078-b856-4929-9e50-24852ad9d23e,nice,4,0,2025-11-29 15:59:44
cca4dd98-08f2-45dc-b13f-504d2ea5fbfb,thank you 😊,5,0,2025-11-29 11:54:01
f735641c-929c-4169-9e4d-96486a27990e,I am unable to make payment after the latest app update. it's not redirecting to any payment app and crashing down.,2,1,2025-11-29 11:29:33
96590c79-ad7f-4f47-990c-17960825c22a,best product snitch product,3,0,2025-11-29 11:17:53
147a0c02-eefb-4536-ad12-34df6c23830a,awesome,4,0,2025-11-29 11:00:45
4475a845-86cb-45da-bea7-d54380af5b3f,nice,4,0,2025-11-29 10:52:14
855a8449-43d1-4b75-b4d9-14001856fd5e,excellent,5,0,2025-11-29 09:58:09
9b8994d9-baff-41e7-94e0-31b74e309c06,full of glitches waste of time. while checking out not able to select coupons. worst experience with snitch,1,0,2025-11-29 07:34:05
911d0dde-6395-4682-b605-dddefdceddc1,app has lot of bug and needs optimization,2,0,2025-11-29 05:19:41
494114b4-fc1f-46bd-a40c-2b247cd58680,nice clothes collection,5,0,2025-11-29 00:12:38
51323384-d989-417b-831c-208c2e8d206d,purchasing in snitch through online is a crazy experience.,5,0,2025-11-29 00:12:02
457ec51d-5385-4458-b752-67836f1ead90,"firstly I was trying to buy under black friday sale, entire day payment gateway was down, tried all methods. as soon as sale ends at 12 night payment gateway activates. poor strategy.... don't consider indian consumer fool. brand lost the trust and customer... I ll make sure I ll pass this expirince to my fallow colleagues and family as well. uninstalling...",1,1,2025-11-28 23:52:25
e2557e8d-77b2-492c-b2dd-3a7ccee05fa7,I really like Snitch's shirts but i had a very poor experience with my delivery. There are third party delivery services used by you guys and their delivery fee is not paid by the store outlet. I had to pay extra than the billed amount to get my order. There is no on-call customer support I can avail to sort the situation out. Very disappointed in delivery.,1,2,2025-11-28 23:09:19
e06809b7-5bd9-45ff-bf95-93146e8e7a87,product good but app is too laggy and way too slow.,1,0,2025-11-28 22:59:16
44eb8b6c-8509-4cab-b95f-1e3730ba96a3,premium,5,0,2025-11-28 22:32:32
9219cd58-e982-4d0a-aba7-7cd54b8aafe2,whoever developed this app needs a hard lesson on state management,1,0,2025-11-28 21:31:39
c43e1bd1-3425-4606-b783-55fd46ffef95,"The products is good, but there’s no stock online. It looks like you’re only selling leftover items, not new ones. I checked and there are no sizes available — M, L, or XL. This isn’t acceptable. When I visited your store on Friday, all the products were available, so why can’t you provide the same availability online? It feels like you’re doing this just for show. If you actually care about customers, you should provide proper service both offline and online.",1,1,2025-11-28 21:21:35
cc2948d6-91a3-4ccf-b299-d0e962350647,Gf jam hatti ahe mhanun download kela nytr kela nasta,5,0,2025-11-28 21:15:05
facff3a5-d8bb-4c4d-816a-efff3f6ffc0f,awesome,5,0,2025-11-28 21:07:04
da4c1f14-fb1e-4e2c-814e-51b653861d22,"I placed an order on snitch which had 3 items and also included free gift for completing the streak of 3 orders. But after making payment, 2 of the items got automatically removed including the gift. I have still not received my refund. Their customer representative do not resolve the problem and hang up the phone. During my last purchase, when I returned an item, they did not refund the complete amount to my upi, instead converted some of it to snitch coins without my consent.",1,17,2025-11-28 20:22:08
7192ad1e-cfc2-45d3-9a8e-788aa0d5aed2,one of the best,5,0,2025-11-28 17:51:11
0b13f20a-1a51-443a-9e16-e66eab580b87,"I love the clothes. Somehow I am not able to make payments via upi. Additionally, the option of COD is not available either. I had thought of shopping during the black Friday sale but the payment is not going through.",2,0,2025-11-28 17:49:49
da8a9ba1-0108-4398-8d81-4c768bd4043d,all good but app running slow,2,0,2025-11-28 17:37:39
778af851-bb95-430a-9078-e18e1ff2ff02,The only bad thing about is they have very bad delivery system. delivery partner not contect every time. there is no way to connect costomer care. but cloth quality of snitch is outstanding ❤️.,2,1,2025-11-28 17:24:01
b3f1b58d-a474-4bd8-9a79-64255fde2fc2,very nice article 👍 I like all snich shopping best clothes always 👌,4,0,2025-11-28 16:59:45
939fd309-7402-42b7-a937-711d820dcac5,exllent,5,0,2025-11-28 16:42:57
018e0625-d834-4fad-bf8e-a44ed76f1418,this is what I call fashion,5,0,2025-11-28 13:51:07
7dd493bf-5a38-4ca7-88e5-6d8b5a5a2afe,What kind of service is this?? I purchased a product it was not of my size. So I decided to return it back. It is now 7 days still no one came for return of the item.There is no customer service contact number in application. Will my money will be returned or not. From where we can contact. you are using bots for customer service???Provide me customer care number now. My order id is 5848696,1,1,2025-11-28 12:05:53
329dc301-8d13-47f2-8735-5a178112e28b,very poor app I have paid for a shirt from this app but I have not received the confirmation nor is the order showing.I made the payment using my credit card. i have try to contact snitch officials but its very hard to connect with them after that i put a mail for refund but still they are not responding.,1,0,2025-11-28 11:22:46
8ae8402f-6977-4206-a358-ab34e1da2d5e,burst app.totaly hanging problem.,1,1,2025-11-28 10:48:42
c607354a-0f3e-427a-b11a-2b8cadc2aedb,good product,5,0,2025-11-28 10:40:53
a244afa2-023b-4b36-a9cd-39f8dc539a4d,nice shirt quality,5,0,2025-11-28 09:32:30
366d8a6f-df3e-4a6b-ba63-de47c8a9d34b,"Best Place to Buy Cloths in terms of Quality, style and Value for money",5,0,2025-11-28 08:57:22
d44117d5-3508-4f3e-a06d-86b22b4abe1d,Fake Application,1,0,2025-11-28 08:25:07
f0b9814c-2097-4c4a-be14-30769bcea209,"worst experience ever, I ordered some clothes and the order got cancelled and the price you see while ordering and the price after you place an order will be much higher.....",1,1,2025-11-28 08:04:07
31b7cce2-7c3a-4a8a-9910-8cc7723e39b5,good,5,0,2025-11-28 07:46:03
c7bd7338-72c9-49a3-85e2-926f839d3848,"The most frustrating thing about the app is that it won't follow the filters that you give, If you filter for M size you will get the whole other things but not M size😏",2,0,2025-11-28 06:01:17
b48822ac-26cb-4ff5-a871-d1bbdd4609a2,nice 👍👍👍👍👍👍👍👍,5,0,2025-11-28 01:51:52
76390a86-4aa4-4626-b695-8a4223430da0,Really good homegrown brand with Stellar quality. Uncompromising in style and substance .,4,0,2025-11-28 01:43:53
aed1895e-bd20-42bf-a35b-8426b0e86381,good product easy to shop..very good discount ..#black friday🔥,5,0,2025-11-28 01:41:41
3bfd451e-c243-470b-bd54-cab421cf19db,good,5,0,2025-11-28 00:49:09
43ae2330-32d4-41a4-b46c-e9b8ea80746c,awesome,5,0,2025-11-28 00:43:54
7e87950c-d923-4578-b01c-985fa937f49b,wonder ful,4,0,2025-11-28 00:11:56
762036a9-a081-414a-a8d8-c66633844f4f,7star aap,5,0,2025-11-27 23:59:31
a712d6db-1c62-418b-a614-b533ae2ad491,The payment keeps failing. Lost 2000 Rs. Worst app and when even website. Never loads.,1,0,2025-11-27 23:42:40
90c5ce60-98a5-42d9-a4d3-4d682348368f,everytime a sale comes there product for normal size all gets out of stock. totally disappointed,1,1,2025-11-27 22:07:32
2493cb35-f420-4462-95d6-ebbe1d8e124c,"Black Friday sale starts, but nothing is available, if we add items in the cart, the cart will still show empty. Very slow and non responsive app, and doesn't make sense to have a sale if nothing is available",1,1,2025-11-27 21:18:04
baa2b1c2-00e7-49fe-b3fe-3d62be0edd0d,"very bad, server is not good. change it.",2,0,2025-11-27 21:14:51
34ab4369-a29e-4693-b375-7070bf831f5b,"if I had an option for minus rating i would have given for the application the worst app, items do not get added to the cart how are the customer supposed to order the product",1,1,2025-11-27 21:00:58
e4f0643b-0984-40a2-9218-3d0dd7528435,App not working properly I can't add my selection to my bag... and I am not able to place order... needed urgent help Yogesh Bamnolkar,1,0,2025-11-27 20:41:13
7b123b5d-85aa-4540-8f2b-f74666401aa1,worst app to use. doesn't show the sizes available and is so slow. even after adding clothes to the bag you can't see anything in the bag. very disappointed.,1,0,2025-11-27 19:53:30
9c873a60-e5ca-4c09-8cc8-3175cf319e51,Bhai band kardo app chana becho tumhare bas ka ni hai,1,0,2025-11-27 19:49:41
e37bfdf5-b290-4345-ace7-8fe452c18be7,this app doesnt work properly,1,0,2025-11-27 19:48:13
86227099-c08e-4a68-9256-3a0e943db51e,"the review is solely based on the User Interface of the application as well as its website. Both are so annoying. Does not function properly at all. Click on ""add to bag"" and the ""selection of size"" dialogue box appears but with no options to select. Open the wishlist and it does not load. And I have fast wifi. All in all, the clothes might be of excellent quality but did not get a chance to experience them due to this low-grade website and application.",1,0,2025-11-27 19:40:56
dc5cdc4d-2eee-4a5e-84ef-cf77711f59a3,good quality,5,0,2025-11-27 19:12:55
6f209a5b-2106-45dd-ac7d-2dad182f53b9,Never seen more garbage shopping app than this. cant load anything just frozen screens. not even review page is loading.,1,0,2025-11-27 18:40:04
f495def4-ee07-4e04-9fa0-418968f33e78,Not working,1,0,2025-11-27 18:39:18
27be1bce-d08f-4c9b-a263-fa76173204db,Add to bag button not working in letest app,1,0,2025-11-27 18:31:06
7eba3c49-6809-40b5-adda-2d43a6a8ecd9,i am not able to place or select size only,1,0,2025-11-27 18:29:44
5a5a26df-16e7-40d7-8078-230314ec7d2b,stupid app so many bugs and network problem,1,0,2025-11-27 18:08:29
82e14703-255c-48ab-ba1d-0332eb3fbdf7,on 6 pm I am waiting for but at 6 pm I checked the cart it's empty I have cart 7 product but at sale moment it's shows nothing very bad experience with snitch first time ever buying the snitch and the first time I had lost the time,1,0,2025-11-27 18:08:20
19f058aa-6a89-4d20-8623-72db688cf659,app not working right now,2,0,2025-11-27 18:05:37
80764769-b8ef-4975-8235-b15ac6ad52ad,nice quality,5,0,2025-11-27 16:37:28
53a620fb-fa86-42b1-ac03-cdba71ab617c,do more veriety collection,4,0,2025-11-27 13:21:26
2f55e287-fbe2-452e-ac1f-e43a612589d9,excellent,5,0,2025-11-27 11:40:58
ea81deae-c861-4d75-af5c-da5101383b47,Best 👌 collection,4,0,2025-11-27 10:05:56
d3736cc3-9d5f-49b2-b334-3253945a3e33,quality products,4,0,2025-11-27 10:02:20
dad60ec3-d4b1-4964-a3e7-5053eda70a13,nice app for mens clothing,5,0,2025-11-27 05:27:46
c8181221-58fc-4b4b-9aa3-c53845bca417,"""Dear Snitch Support, I'm writing to report an issue with my order placed on 23 November 2025. Although the payment of 1346 rs was successfully deducted, I'm unable to track the order. I've tried reaching out to the AI chatbot, but it wasn't helpful. My order details are: - Order Date: 23 November 2025 - Amount: 1346 rs - Payment Mode: upi I request you to look into this matter urgently and initiate a refund. Please provide a resolution or an update on the status of my order. junaid khan",2,1,2025-11-27 03:58:36
fe4cc678-6bf2-4e08-9b0d-9e269cb238c6,quality topnotch. loved it.,5,0,2025-11-27 00:48:54
bbb682ce-368f-4a14-a1e7-f30d8630383f,"I'm posting here because I’m completely fed up. I ordered a product and it wasn’t delivered within the promised time. I complained—no response. Complained again after waiting, still nothing. My money is stuck, and the product is now useless due to the delay. What’s worse is this isn’t even the first time this has happened. I expect an urgent refund or delivery and proper communication from your support team—this level of service is unacceptable.",1,1,2025-11-26 22:28:12
47c64fd2-40a1-4ad4-85d5-64550d35da88,app crashes Sometimes I order one pant from App that pant don't have Zip Hook raised a query but no response from Snitch I never expect this from snitch,1,0,2025-11-26 20:40:56
5be85b41-f150-4695-a960-891316578f5f,excellent,5,0,2025-11-26 20:00:19
4137978e-5862-453e-a425-4b95664c4633,The quality of clothes and delivery services are good.,5,0,2025-11-26 19:27:59
c55c8649-c754-45f2-b772-b3b275ddc577,Best ever brand that provides good quality of fits that too in pocket friendly budget and moreover being 6ft it's having good length for tall guys 🔥🤙🏻,5,2,2025-11-26 19:08:40
b12878d6-b7c0-48fe-bc45-f7ceaec4aeaa,didnt delivered my product after 6 days of orders,1,0,2025-11-26 18:34:07
6daf66bc-8a1e-44ef-b271-9b7a63582038,Great online clothes shopping experience.,5,0,2025-11-26 17:00:16
db12bb0d-3eac-4052-94d2-26bd84582308,nice,4,0,2025-11-26 16:21:09
e6d74955-c0f6-40ba-8f93-4479956c9b13,super quality product,5,0,2025-11-26 15:38:53
5ee5e69a-e9f0-452f-9bd0-e6a084aee3c9,good,5,0,2025-11-25 22:43:55
706898e4-34ff-4a21-9cb4-2c224011bacb,"such a bad application. it lags everytime. if you apply filter, if you scroll down a bit more it lags. application hangs alot and after every second.",1,1,2025-11-25 21:06:42
7ce03c1b-1cc5-46df-9900-9da0cf0ba55c,new trend is here guy's 💀,5,0,2025-11-24 22:16:34
5ad2dd0f-eb13-4365-adc4-c38ac949a208,"App is bit glichy ig , and ig the best clothes are in here only after big brands",4,0,2025-11-24 11:04:09
bde3d069-ea8b-4021-82fd-9f0e99f3a0be,"worst ever there is never the size of M,L,XL available always out of stock and when you order it for example delivery date will be 3 and they will deliver it on 6 also the delivery guy neglect it so much.......I am editing my review again i bought another shirt from snitch the exact same thing happened again the delivery boy never called me and Mark as delivered failed i bought it after payment not COD still it's has been 4 days delayed worst carrier shadowfax ever neglecting all the time",1,1,2025-11-24 10:28:53
d43c0980-557c-4bab-8fb1-cdf331481009,good 👍😊😊😊😊,5,0,2025-11-23 22:19:23
7c546929-79a6-40a7-8808-9638b408b84f,"App is a bit slow, improve the performance, rest of the things are great.",4,0,2025-11-23 21:41:37
1284864d-ac53-4684-85b5-9532281eebc7,"Very Good quality product, thank you SNITCH.",5,0,2025-11-23 20:34:26
add42034-897d-4f34-8e8d-6d0e2ddd71d9,I order sunglasses but fitting quality issue and dissatisfied the product i known term and conditions but fitting issue is there what do i do now ?? 👎😓,1,0,2025-11-23 12:47:24
616a9c67-3468-430e-bcbe-c5efb492b179,jacket jens tshirt shirt nice 💯 size,5,0,2025-11-22 16:38:22
881c59fa-16e6-4496-94ec-53e519b4b4dd,good product in this apps,4,0,2025-11-21 23:23:17
4176d322-4420-4042-bcc8-798701e1eae2,product is best,3,0,2025-11-21 22:03:33
e51d9d1b-347a-432a-9994-bb2c38701f99,ok,4,0,2025-11-21 13:55:46
00db097a-4e53-464d-b68c-ec9ec759bbd6,"God Awful 60 min Delivery Hoax it took over 9 hours to get what I needed delivered urgently and paid ₹99 extra for... DO NOT DEPEND on this brand to deliver on its promise. Worse still, NO OPTION, to cancel or even speak to anyone. NO ACCURATE LIVE TRACKING. you will feel so abandoned and lost. their cheerful chat bot must be on something. It GASLIGHTS you that everything is in order. Leaving you HELPLESS. and stuck, waiting....waiting...waiting. Feeling miserably let down.",1,0,2025-11-20 22:51:33
4c0ee7ca-9e5b-4aa3-90e0-2a6b894b429c,They don't have any jeans of 32 size. Kya khatiya app h,1,0,2025-11-20 22:37:47
9ba6a54f-12dc-495c-956a-ce5280ef7a21,"Their customer service is miserable. They keep saying “we’re checking” for days and still do nothing. No urgency, no respect for customers, nothing. If this is their service, the app is not worth using. very unprofessional.",1,0,2025-11-20 18:42:05
101cbdde-114b-4a7b-b332-f042f61451ec,with huge respect for #chetansiyal whom i messaged on insta for the return service and he personally view the matter and resolve it within time.,5,0,2025-11-20 18:34:32
e6d6e91e-dbc0-479b-8124-13a1d229f7ad,awesome quality fast delivery easy returns snitch the brand 🫂,5,0,2025-11-20 17:18:41
50e21e90-3316-497c-b58c-21272bc9bceb,urange back hand team for customer care service,5,0,2025-11-20 16:35:08
9b337dc5-29e7-436c-b4fb-ab5f93326681,nice service,5,0,2025-11-20 14:29:41
1fdebb42-5841-409f-bad3-57399ce90ff2,super,4,0,2025-11-20 13:14:45
787798f6-c308-42eb-a717-4a91fca485be,stylish clothings and superfast delivery,5,0,2025-11-20 12:59:01
bfe1a74a-9cbb-4754-a719-1617a82cf684,best in fashion 💯✨️,5,0,2025-11-19 23:01:02
96dac4ec-a622-4565-8211-5e8d57fbf6d3,smooth interface,5,0,2025-11-19 22:03:44
2c727775-5980-4176-8a92-2038d411edb8,never use this app,1,0,2025-11-19 19:59:55
48cde537-70e3-4cd4-a2db-6a05036a8927,many of the Wishlisted Items are Out of Stock for months or more than that. Although The Outfit and fabrics are Classic and Exellent.,3,0,2025-11-19 15:00:26
742f4064-453c-43b0-b919-9302e4dc6d12,nice,5,0,2025-11-19 14:56:51
22f7db35-f4cb-4076-87f7-a6102f86c9b8,horrible app and no proper support on refunds,1,0,2025-11-19 05:48:26
d3876bee-2d7e-4751-8d81-1e036f67ad66,The reply to the feedback is just AI. There was no callback. The delivery experience has become worse than ever.. I'm getting delivered the wrong products and not even getting delivered some of the products. Their customer service is the worst too. Takes more than 1-2 months for a single refund. It almost feels like they're trying to increase their offline store visits by providing bad online customer satisfaction lol.,1,1,2025-11-19 03:28:27
f3264c99-ab75-42bb-b049-0b9023a26b02,super,5,0,2025-11-18 20:06:31
91dabffd-a18a-4494-a0ae-f49c7a9068eb,liking it 🙂,5,0,2025-11-18 14:28:39
e3b46f58-74f4-46b1-b62b-9c7e0c0df3d4,fantastic,4,0,2025-11-18 12:31:20
8668a4b0-0b42-4c6a-a54b-f75fecd4618f,"Frustrating customer service. In the app, for one of my order it is showing 'Return Approved' when I opted for return but since 2 weeks its in same status. Nk one came dor pickup and its aslo not showing any tracking. No email or real on call support to take this kind of unclassified issue. Too bad service, at least one option for contact with a real person should be open. Due to this mh refund has not happened and the product is not usable at all.",1,9,2025-11-18 01:06:01
90c833de-e88c-4e76-a808-755624447dc9,App is not working properly,3,0,2025-11-17 19:58:59
0213f846-6f18-455e-bd5f-6f063bc6443b,Very bad experience with the return and exchange process. Though the app shows pick up is scheduled but no one comes to pickup the item and the return is cancelled This has happened not just once but multiple times.,1,0,2025-11-17 19:14:52
57632002-95ce-4e80-a68e-d7a82a026371,App is very slow to use,3,0,2025-11-17 16:39:16
bb024228-c351-428d-90ba-d333d061c4b1,"no size acuuracy .. poor quality ..you will never able to return ... suggest everyone to trust some other app if you value your money , time and peace of mind",1,0,2025-11-16 17:22:51
36955135-ad43-421f-a294-47c2152079cc,best quality,5,0,2025-11-16 16:00:18
2b8d4360-ac9d-43c4-84de-91c510091e73,"Their fabric is one of the worst in the market. You may find their designs trendy but most of their shirts have high % of polyester which is completely unbreathable, itchy, causes skin rashes and hormonal imbalance. Before purchasing any of their clothes, check the fabric composition",1,0,2025-11-15 23:01:53
1163e941-c2ea-41bc-bffe-a4dc97de14a4,limited collections and over priced.. they charge 50rs for return even if it's a valid reason.,1,0,2025-11-15 20:00:27
d61c1835-e0b0-44f6-8999-45f0870d20d1,Awesome quality and fitting 😁😁,5,0,2025-11-15 18:57:25
fd8ae9ac-c517-482b-82a3-c59498d5b710,the worst customer service a person can get I ordered some trousers from there app but got some fitting issue from last 2 days I'm trying to contact customer support but no reply from there end it's a request from my end don't purchase anything from here worst customer service ever,1,1,2025-11-15 17:58:21
c20854ef-aa54-440a-953a-49fe0cf0ca77,You cannot get better styles than here!,5,0,2025-11-15 12:25:21
c546ea49-c6d1-4d81-a26a-31b65ebda56d,Stylish clothing and Beautiful Desingers Clothing,5,0,2025-11-15 09:11:46
98ef745e-0771-478a-8118-d0aa4f09a52a,"I ordered a jeans, but then i wanted to return it as I didn't like the fit. well it has been a week still they haven't taken the return. everyday a message comes that today they will do the pick up but never do I get the message at night that the pick couldn't happen. very bad service from snitch",1,0,2025-11-14 23:38:36
02b8bc57-3ee4-4d31-a1a0-c7b48159fe9b,🥰🥰👌,2,0,2025-11-14 21:32:32
19d2deed-89d8-4c08-a936-aa3166706952,"decent collection, and new styles, but their refund and return policies are 2/5 star",5,1,2025-11-14 20:20:04
cf0eb32c-f2cc-46bd-bc16-8297f2157d27,love the plus size category so many styles plz add more,5,0,2025-11-14 14:00:59
6e0eb455-f39f-42e1-a8a2-e89ec14c6a03,good,4,0,2025-11-14 07:47:38
02b037c9-9978-4bfc-abea-3e5cf1acbd87,"Worst experience with Snitch. The product looked nothing like what was shown online—cheap quality and poor fit. Tried returning it, but they kept cancelling my request. Their customer care is the worst—rude, unhelpful, and only send computer-generated replies. No real support, no accountability. Once they get your money, they stop caring. Never ordering from Snitch again. Totally disappointing and unprofessional brand.",1,1,2025-11-13 22:49:58
ae847da4-d56e-4b22-be3d-400c13ffc23b,My First Order I'll check it the experience for service.,5,0,2025-11-13 20:09:38
3b75897e-c32d-47d3-8aa8-79756c78d23c,They need to improve their customer support system.,2,0,2025-11-13 12:21:27
c3b50831-2c2c-4dd0-9f40-715707f8eff5,so beautiful 😍,5,0,2025-11-12 23:36:19
5295bba3-a8cd-4491-922d-fae326c0df57,everything is good except the app loading and takes a lot of time to load. asks to login every time I enter the app . Before it was good but now it seems the app doesn't work properly.,3,0,2025-11-12 23:02:37
073bcb4c-a07c-41b0-8017-14ddd7b9a44e,"I'm Very Disappointed With This app , I've Ordered one pant for 1349rs And Returned it in a day because of I don't like it , And they picked up return and they refunded my money in Snitch Wallet But I Clicked On Tranfer to bank And That Moment The wallet money is gone and got msg that we tranfer money in 24-48hrs But 4days has gone still money didn't came to my account It was a worst scenario I've experienced MY Order ID 5780072",1,0,2025-11-12 21:36:13
b7319c58-b7f5-4066-8223-17a65cbc9fa7,"Snitch’s delivery system is one of the worst I’ve experienced. They take a long time to deliver the product, and if by chance you request a return, no one ever comes to pick it up. After waiting for 7 days, they simply remove your order from the return category — leaving you helpless and watching your money go to waste. This is completely unprofessional and unacceptable for a brand that claims to care about customers. Very disappointed with Snitch’s service and support!",1,0,2025-11-12 21:11:33
b78334d7-04b0-4841-8fb2-270c814c6f5e,good 😊,5,0,2025-11-12 17:54:56
37f1b718-14d6-4a39-a9da-7eb36d079241,best app in fashion,5,0,2025-11-12 00:14:32
384a85a7-64ff-4fe1-aef4-6e5d2965e2b5,great,4,0,2025-11-11 11:08:11
72c7015d-363e-4995-81d8-c7d93884efec,very good place to buy plus size,5,0,2025-11-11 07:45:12
34c26dd6-f812-4342-a266-94be6494c6cc,"I am very disappointed that my return has not yet picked up, worst disappointed service.",1,0,2025-11-10 22:47:48
e392158e-0138-4142-9ab7-c53d43a42c2b,Cool Casual Wears.,5,0,2025-11-10 22:27:47
b38c4e40-1349-4fbc-87a7-0f42ef194a67,good,5,0,2025-11-10 17:01:51
3f63586c-276d-4b8e-abf1-2b8596a7dc94,the delivery system is very slow it is written that it will be delivered in 2 days but I have not received my parcel for more than 5 days you should improve your delivery system and make it faster,1,1,2025-11-10 17:00:28
d49bcbae-6cd6-431a-8da8-77b43cff5e57,"what kind of update this? for already saved address ask to re -enter always showing city not found please pin correctly , developers working for customer should not order using this app. please hire skilled developer and QA team for the app. (update on response )automatic response without understanding the context asking for order ID I'm saying unable to place order how I give order ID",1,0,2025-11-10 12:25:05
6346b6bd-19a0-4a0c-aedc-6d0df72e22d8,"premium brand, and premium products highly recommend",5,0,2025-11-10 09:37:42
8a62306c-f225-47d5-a2ac-b205fd73e88b,Worst service ever..I bought 3 products from snitch and one of them was a bit big in size so I applied for an exchange and someone came for pickup..but I still didn't get my product and Idk where to contact now..no one replied on Instagram and in the chat section there's nothing like the issue I have..first the products were too expensive and now they have a worst service I ever experienced.. please someone tell me where to contact them,1,0,2025-11-09 14:55:22
4c8cff79-fa4a-4451-8d2d-f6fd50e7fd65,🤗,5,0,2025-11-09 00:46:07
7a18169e-353f-4f76-932b-2b88a6b2414a,no stock available for most of products what's the use of this.,1,0,2025-11-08 23:42:46
50600abf-0340-4ad0-9adb-79d378aa17ff,"they have the worst quality products I purchased a T shirt from knot worth 1000 and it was looking good and after one wash it got weird worst quality also it becomes large and looks like brought 10 years ago, It was my first order from Snitch probably last order also.",1,1,2025-11-08 20:16:43
a8758558-0381-46ee-951a-107f7acfccaa,ordered through snitch app size is not correct so raised for return .but no body is coming for pickup and while trying to call delivery agent he also not responding..I don't recommend online shopping.. these guys doing fraud,1,0,2025-11-08 19:13:55
8a4721a8-3ba1-49ff-ba17-d575b22dc305,nice,5,0,2025-11-08 19:06:55
aece0a6c-2532-45c2-9ec0-fefc8875d9d6,"Its class style and UX I have, I will ever see",5,0,2025-11-08 15:06:38
0d89a2b2-a97f-440a-93aa-abd29a332cc2,I love the quality of the product it's match my expectations thanks for the quality,5,0,2025-11-07 19:58:30
3379a1ca-8611-4de0-8f4c-f9ffbf6a67a0,"50 rs Return fee , it's black fee not acceptable",1,0,2025-11-07 14:09:39
01662493-7359-4f0e-ab8d-cf3bab51384b,very bad sarvice Not pickup my Return product its totally froud,1,0,2025-11-07 00:27:57
a3893f12-e845-4160-adc8-4734b3c03db8,super app,5,0,2025-11-06 12:09:43
84463d4e-8d35-4fd5-82ff-41186db0e333,this app having many high severity bugs but still it is in live the worst app ever wishlist is not working each and every time it's asking for login though it is already login,1,0,2025-11-06 09:55:36
c633e172-4ebd-406c-bbf3-d5cc22b09b2d,Wife ordered a shirt for me but snitch delivered a tshirt. Such a disappointment.,1,0,2025-11-06 00:46:48
45ed4c81-a2a8-48fb-9ac3-7b6d8c3abcdc,"I would give 0 stars if I could. Delivery is bad, customer support is bad, return process is bad.",1,0,2025-11-05 19:06:47
4bcdd195-eb68-4b0e-8ff1-b02442800453,good,4,0,2025-11-05 11:48:06
562ee619-f4e2-44e4-861e-78f7bfc3374b,worst,1,0,2025-11-05 10:50:05
a54218a6-d3c7-444d-8d68-43d8cb84249f,"Most sizes are unavailable 99% of the time when I try to purchase. I added 14 shirts two months ago, and none of them are available yet.",1,0,2025-11-04 12:42:14
a2fff6b6-73ff-4845-8a9c-a73682f04a1a,very poor customer support,1,0,2025-11-04 10:51:11
a7879aae-056d-4f72-a465-014c9950791c,best Indian application to get awesome fashionable cloth,5,0,2025-11-03 22:28:55
de8b4cea-01b2-42fa-8eb5-96e8002c7e3c,"I have ordered an item on 1st Nov, they promised 60 mins delivery and charged 49rs extra from me, today date is 3rd still the item has not delivery, they charge the amount for quicker delivery and they dont deliver the item ordered. There customer service is pathetic. I would not recommend this fraud Company. pleas cancel my order and refund my money.",1,0,2025-11-03 21:07:08
675e71e0-ef75-46c8-8d66-1a866a143b77,"worst freaking app to ever exist!!! fills my inbox with spam messages and no way to stop them! I saw your messaging texts, no matter how many reports or block you get, your messages will be forwarded!!",1,0,2025-11-03 19:21:41
c6b1dd9a-e0c0-4899-9f26-457bc9d3a75f,nice clothing brand but it's a request to please open your Next showroom in Chandigarh pleaseeeeeeeeeeee,5,1,2025-11-03 19:11:30
b0a3620e-f44a-44de-8421-29a1c1dbe6f1,awesome,5,0,2025-11-03 01:43:46
53eaf61b-82a2-4788-9c2e-c33b92a0fcc6,"Quality issues or minor discrepancies can still be forgiven, but the attitude with which a business operates defines how far it can go — and this one clearly won’t go far. Their tactics are completely ridiculous. Experiences like this perfectly justify why people hesitate to trust new setups. I’ve been trying to schedule a return pickup for over a week, yet the executive falsely marked the status as “consignee not available,” and now the company has conveniently closed the return window today.",1,0,2025-11-02 19:37:40
b346d90d-d77d-4904-9939-caca3c313bca,outstanding,5,0,2025-11-01 19:20:29
a5c7669c-1675-4f5f-b325-8f927dcb51dc,Good 👍,5,0,2025-11-01 14:20:50
fb7af831-2a42-4985-8ef5-a093744a92a2,mast,5,0,2025-11-01 12:39:50
ca66c41f-8732-4b34-9cc5-6fe2b626b713,nice,5,0,2025-11-01 12:17:13
07bd06ca-4a66-4032-99c5-97ca02a7dce4,"delivery is very bad, no customer support on time.",1,0,2025-11-01 09:40:04
b660807e-0566-4632-94eb-dc196341be21,trash 🗑️,1,1,2025-11-01 06:46:08
825606d6-793b-4015-8d3b-138a948e2fbf,good quality,5,0,2025-10-31 20:37:10
e1e964e3-eb0f-4f33-a819-1b6a476e2e00,I ordered a shirt on 29/10/2025 but on the date of 31/10/2025 my order is not shipped and they show me that they deliver in 2 days wrost aap and there coustomer care system was terrible,1,0,2025-10-31 17:36:25
fd8dbed0-db9a-4fff-ad31-67754ec39c8d,extra ordinary,5,0,2025-10-31 15:56:34
321b6621-4fb5-498f-a282-020095824ccb,"I would say never purchase anything from this app,, this is full of fraud. I had ordered black pants since this item was not up to my expectation so I applied for the return, but the delivery agent came one day since I was not at my home I told him to come in the evening, He agreed to come but never came,, after that no delivery agent came for pickup,,, and finally cancelled my return item... Never buy from this site,, instead use different more reliable platfoms",1,2,2025-10-31 13:08:13
3f68256b-dceb-496d-a87e-bdada392dc8f,"I have ordered the product on 16oct2025 and till today( 31oct2025) I haven't received my product. I don't understand why your team is taking so much time to resolve the problem. your delivery partner agent has mentioned that I didn't mentioned correct address, wow that's great excuse to not deliver item on the address. I didn't have great experience to shopping online with you. hope you will look into this matter so that your customer didn't face such problems because of your courier partner.",1,0,2025-10-31 12:21:17
5528bffb-270d-4790-ac77-6bc0855a5c40,thank,5,0,2025-10-30 23:11:44
26bbf69f-2f26-430c-9702-0d16b8e02109,excellent nd durable clothes 💎,5,0,2025-10-30 22:30:13
0d7c1964-5a93-44fa-be9b-44595903084d,good,5,0,2025-10-30 22:19:32
019c3e56-1652-4230-86b9-2fa5d4c87e9d,delivery service to bed 😡👹,1,0,2025-10-30 21:39:14
1bd4c37c-4da7-4726-a20e-81af7fea828d,expected delivery date was 29th Oct but the shippyis not delivered yet. worst service,1,1,2025-10-30 20:35:37
ff030262-c440-49a9-9d3c-eacb809022b5,while the products are amazing ( 5 starts for those)you need to really improve the app. 1) when you click on the item you've purchased on my orders it should take you back to the product page but it doesnt so it's impossible to cross check your order received to the product listed 2) on my orders page please add the product id cause it was next to impossible to identity similar looking products when trying to exchange or return items. 3) older orders have dissappeared from my orders page.,3,3,2025-10-30 17:17:21
05e51cf3-ae07-4181-a2f1-7bc6762d3a30,all good,4,0,2025-10-30 12:43:01
010d19ff-8bbd-4994-be2d-d67311b27c73,good,5,0,2025-10-30 11:37:59
74e54308-64ca-4536-ba9b-f432d9afdf78,"very bad experience, Snitch created issue to return your producs, I ordered first time but they send wrong product and also not accepting the return, rejecting pickup again and again.",1,0,2025-10-30 10:42:40
9e0066da-3a33-45bd-97ef-eb65bb2eedfd,woww,5,0,2025-10-29 22:35:55
73ce8b0f-c08b-4ff0-832e-678676e22d5f,superb,5,0,2025-10-29 20:44:00
03beabe4-bb41-4e6f-b6ce-e94886e6674d,very bad costumer service,1,0,2025-10-29 19:25:12
325ceb44-2c4b-431a-a06b-50401e284774,very easy shop experience,5,0,2025-10-29 16:30:11
1ba5883a-be2d-4a9f-b955-b7aba93b06b7,"for developers: when you have such a massive amount of stocks, it is impossible to search for the product even after ordering it. I wanted to order the same product (a trouser in my case) again and in my orders section, it couldn't be opened in full screen. Then i searched for the exact name and the product still didn't show up. Now I love the product and I can't order it again nor can I recommend others from my order list.",4,0,2025-10-29 16:12:11
9b5663df-2f55-4dd3-a271-7ca018850cc8,"there is no exchange facility , your money will be trapped ,",1,0,2025-10-29 11:05:23
566a30fb-355d-4a2a-ad24-59bc7c2675f5,"Nice app.. but i am facing one issue that"" pincode is not serviceable "" ...is that any issue in app ..currently coimbatore pincode is not serviceable ..why",4,1,2025-10-29 08:57:26
f95bca82-8032-4b11-b99d-5fbd1c1eb351,good,4,0,2025-10-28 11:49:38
60196fa2-313d-4de4-a94a-3a85ed6abdfd,Products are good but one feedback which I feel is critical to trust the purchase is to have color accurate product images. The pair of denims I received was much different in the shade of color than the image displayed in the app.,4,2,2025-10-28 10:43:33
72ba9f3d-ff7d-4ee6-95a7-b470e3b874b5,worst experience app not returning the order available changing option in available I prefer don't clothes in this app,1,0,2025-10-26 12:19:24
8c4e2b44-00bd-4b08-b6fb-7d710cad05c3,I've placed the return request and it's been more than 1 week they haven't responded,2,0,2025-10-26 12:17:54
a6a299e7-6384-46c9-a366-b05756be63a0,good,5,0,2025-10-26 08:08:19
d0531068-0e2a-46af-ba60-b3046ad17f7c,Good Quality,4,0,2025-10-26 03:11:36
b13faa0e-283d-40ef-98ff-9cb4c6b126ef,good fabric and nice fitting clothes,5,1,2025-10-25 21:26:04
baaf24b7-da4a-4ef2-bc74-7f5e09900da8,love 😘,5,0,2025-10-25 21:15:47
d27efe80-0681-4e0e-b665-0e66216979f7,great ui and user experience,5,0,2025-10-25 14:58:04
9aa81e0d-985f-448f-a85e-a3feb6e74acc,Horrible after sale service. returns are not picked for months no response on open tickets. please avoid buying from them.,1,1,2025-10-25 14:21:19
43f50d69-591a-4586-99ee-ab043e7b40cc,Best service and Best quality.,5,0,2025-10-25 11:00:18
5a23af3d-b6ba-41a9-9716-0fac9df246dd,everyone can easy shopping here. because it's so cool,5,0,2025-10-25 09:50:51
abc7871d-40d1-4bf3-8ae1-12e9b1868004,"You guys delayed my order which was supposed to be delivered on 21St October and still I haven't received any,and there is No proper Customer care support and I had to wait for 58 minutes to connect with their live chat bot.(agent) and they say it will deliver my order within next 24-48 hrs and ends the chat ,that means it will reach me 3-4 days late already this is the worst online shopping app I have ever seen. I am Writing this again Today on the 25th Oct and still haven't received my order",1,0,2025-10-25 08:45:30
d33c35df-4a20-4c65-9938-d5d63d26f2a7,Awesome quality!!! Recommended especially for classy guys 💯,5,0,2025-10-25 06:22:36
9fc64a35-6284-46f2-83d5-7044a3cd451f,premium,5,0,2025-10-25 02:44:44
4413d37d-a003-4edf-ae86-0070ed3ecf20,The worst experience i ordered a dress for Diwali on the 15th Today is 24th no delivery till now no proper response from the customer care disappointment,1,0,2025-10-24 19:13:44
198e1484-7397-4176-a4fe-bdc9ce80f98b,cost of return is very high,3,0,2025-10-24 18:09:59
0eb6c507-8939-4781-ba54-7b2afe353648,AGHHH BEST FREAKING BRAND The quality is amazing and the comfort is great too They have like actually baggy pants not the ones that people say are baggy but are actually straight fit Order arrived a day before expected Would 100 per cent recommend,5,0,2025-10-24 12:38:54
7da664c0-dd38-4441-8455-95ddadb58410,"chor company h return ni leti ,customer service zero...never buy through this app.",1,0,2025-10-24 12:32:18
a166e959-5b20-4b9d-8600-4b9b1b26d0a9,quality of clothes are quite impressive,4,0,2025-10-23 19:15:22
7ceaccdc-8129-4765-8e29-54ff36357fa7,clothes are good but their delivery system is pathetic... I ordered on 16th for return for size issue on 16th still no one picked it up... order id 5672493,1,1,2025-10-23 18:21:17
3c36999b-b3ce-49bf-9df9-c374dd92504d,fraud app do not purchase any product you will get cheap quality clothes costly that not be return or exchange they says exchane after 7 days😡🤬 and there not showing proper guidance waste of money and time 🤬🤬🤬🤬🤬🤬🤬🤬🤬🤬🤬🤬🤬🤬🤬🤬🤬🤬🤬🤬🤬🤬🤬🤬🤬🤬🤬🤬,1,0,2025-10-23 16:44:00
70f2c0b4-af58-4281-9a47-128cc9643aeb,bahut bekar platform h..... koi kuch mt lena h... iska clothes se lekr courier service sb chij bekar h,1,0,2025-10-23 09:53:10
ef662af3-c88f-4128-bb6f-ca2d77bac2f1,Lovly collection,5,0,2025-10-23 04:16:05
fa54705e-a454-4519-bdfe-fc283051fd2a,When You will be asked to return a product you will face many issues & difficulties for return & Exchange after processed you will be charged return fees also. They do not have a customer service number.,1,0,2025-10-22 21:17:49
062fbb53-c0a4-4907-bf27-6b70749e5858,I have size issue so I optioned for return as there is small size available. After that I recieve a mail that your return will be done in 24 to 48 hrs. Now after 48hrs no pickup done they ask me to wait again for 24 to 48 hrs. They did the same thing till 7 days now they cancel my return.,1,0,2025-10-22 20:24:05
fcad0dae-54c3-421e-96a8-d692166b183c,"it's not a store, not a brand , just a kabadkhana, where they steal designes and make money",1,0,2025-10-22 18:39:32
cdb67f89-1744-42f0-ba75-4b8efca60a4e,worst customer support,1,0,2025-10-22 16:20:15
71d6b822-7944-4386-9b44-3999f80cc159,Bad experience only they want to deliver but if the product is not good they r not picking it up after cancellation very bad experience 🙏🙏🙏,1,0,2025-10-22 14:14:57
159ae211-b821-479d-8b40-87499cc7b0b9,worst delivery experience,1,0,2025-10-22 12:33:09
61019285-14c5-43a4-bca7-ab63d8796229,"I ordered my outfit well in advance, expecting it before my function, as Snitch promises fast delivery (3 days max). It’s been over a week and still no sign of it! The customer service has been completely unresponsive and unhelpful. What’s the point of offering “express” delivery if you can’t deliver even after 7 days? This was my first time ordering from Snitch and it’ll definitely be my last. Absolutely unreliable experience ruined my Diwali plans.",1,3,2025-10-22 08:04:10
30f977e7-603c-4339-ab9e-426f5c5cf45b,there should be one thing that snitch really need to add that you should provide a customer care number you people only provide us customer support on chat which is really frustating also you neend to really give priority to high priority tickets created by your app interface. overall clothing is fabulous. one thing more you should add a detailed tracking of delivery and when it's out for delivery on text or email you should share with us the delivery agent number so that in case we can contact.,4,0,2025-10-22 02:08:22
481d8e7d-4ea5-4960-8329-3469fae206a7,excellent product,5,0,2025-10-21 19:56:39
1e9f843e-9ca1-4c58-9659-7a3d7603d22d,bettr,5,0,2025-10-21 17:55:58
30132e0b-ddad-40f5-b5e9-e34892c41f8b,"I am quite disappointed with the exchange delivery process. For the past four days, the status has been showing “will be delivered tomorrow,” and each day it keeps getting postponed. Moreover, the tracking link currently shows that the item is not in shipping, which adds to the confusion. If the item cannot be delivered today, I kindly request you to cancel the order and initiate a refund at the earliest. My first experience with SNITCH become the worst.",1,69,2025-10-21 14:04:17
da4e1b75-8e34-4d77-934f-8d118f275438,"this application really makes me disappointed.... I ordered but my order has not delivered yet and I am trying for help their is no opt only automatically generated response is there , no Customer support available, also my money got debited from amount.. I am waiting for order other wise I wanted to cancel my order that option also not there....can you help me on this matter????",1,0,2025-10-21 12:25:35
5a3a60a3-2fd4-4647-bc3b-9cc942113a4c,good quality,4,0,2025-10-20 23:08:24
018428e2-3a45-4ea7-8ac2-b86751590a22,"Snitch? More like Glitch. I ordered jeans on 20th Oct, paid in full — and this useless app showed my order cancelled on 21st Oct, a day that hadn’t even arrived. Future cancellation? Really, Snitch? You “snitched” on my money before even delivering the product. No message, no refund, no explanation — just straight-up scam vibes. If you can’t handle basic orders, maybe stop pretending to be a fashion brand and fix your broken system first. Snitch just snitched on my trust.",1,0,2025-10-20 20:23:49
890c5001-cfe4-46da-a335-28115ee18a00,Very poor customer service order ID - 5580286 Ordered On - 06/10/2025 Exchange date - 06/10/2025 PickUp - 18/10/2025 (wow delay) Today Diwali - Still havent received my order ( people have planning and you guys are making us wait for more than a month) worst service will not order ever again thats my guraantee,1,1,2025-10-20 12:34:21
1ee2ae6b-112c-4b95-be8b-15259bf8ee71,good,5,0,2025-10-20 06:37:39
90afe858-4b28-44ce-9796-c6502050ffaf,whenever I check the influencer styles section the video does not get play and app get crashed saying snitch is not responding,2,0,2025-10-19 23:46:59
da56e4cc-1d7e-46b2-bf32-acd99d111a10,"Finally there is one brand, Snitch which prioritizes men's fashion for all body types. The Indian market is more focused on women's clothing completely ignoring the men's section. Just basic shirts and clothes. No new fashion. I came across snitch and realised Snitch clothes are very good. I am plus size I had to mostly tailor my shirts. Snitch is the only brand that has offered ready made shirts and with a lot of variety for plus size men. But the app needs improvement.",5,22,2025-10-19 21:34:06
33284b5d-dccc-4c08-9292-5cdfd65aa1dd,quality disappointment last buy,2,0,2025-10-19 14:50:08
9953c0eb-5e9d-4e07-a5d4-8e09b1c8cf46,"absolutely pathetic service, I am snitch x member and getting no benefits, local street vendors are infinity times better than this pathetic so called brand, I didn't even want to give 1 star, but I have to give this",1,1,2025-10-19 12:30:11
7d95edbe-36ff-4850-81dd-499cb7859280,no response from customer support. i have tried 6 to 7 times return request no one any solution. waste of my money and time also. I'll never shopping again from snitch and never refer to any one.I'll never shopping again from snitch and never refer to any one.,1,1,2025-10-19 12:20:35
79961926-1e4b-4ad4-9c90-c2c62ea86cc3,Clothes may be good. But overall experience not at all. The delivery experience is very bad. Doesn't deliver on time and customer support even worst. If you want to buy snitch clothes purchase it from Myntra not their official app/site.,2,0,2025-10-18 21:12:19
54c29f3b-52b4-486d-bb11-c73932747543,They don't delivered product in given time you order product after 1 month you recieved that so don't use online payment method .,1,0,2025-10-18 20:57:13
5a1b710a-22ac-442b-a093-56f0d841cdf7,great collection at best price,5,0,2025-10-18 20:36:09
6f19b1c2-1e5c-4514-adab-b08a65ff7b3d,App has some serious lagging issues. I couldn't order a tshirt despite multiple efforts,1,0,2025-10-18 20:23:46
5a2b0713-0c72-4289-a490-82bb558bfd96,proud,4,0,2025-10-18 09:42:26
ce29b237-1df1-4c3f-8bae-9ff7bffc8f8e,best sellers,5,0,2025-10-18 07:27:59
660a4509-2fca-460d-b0c9-0b3aa8d381a4,I love this products from snitch,5,0,2025-10-17 18:40:59
36ed0e16-0f05-46f3-b2a7-c818e29a5e1e,maind blowing,5,0,2025-10-17 17:45:09
25ee6b0f-4b3c-435d-b66e-b362c46be609,"One order, 15 days to deliver. Worst app, UI and customer service. they keep saying 24 to 48 hours. They refused to cancel the order. They refused to provide any solution. Order stays in transit forever even when delivering within the same city. Big mistake ordering something from Snitch. will never repeat this ever again.",1,1,2025-10-17 16:58:38
9050aa9e-18cb-494a-b742-ad0d2a7d67fa,stylish dress up 👀,5,0,2025-10-17 11:42:46
7f40ebdd-88f9-4db7-8c01-3cdd5ace2b73,"The support is really bad, as I created a ticket, it did not even care bout my issue and just closed the ticket, saying thank you ""Your Query has been solved"" Even being a SnitchX Member, the support is trash",1,0,2025-10-17 10:15:34
3fb155a9-e202-4883-960b-0b7464f43df0,good app,5,0,2025-10-17 07:22:12
48280309-d39a-4152-b7c8-926b6819c0cc,very nice,5,0,2025-10-17 05:51:31
91093faf-7b21-4935-9626-3278e4d59448,products are genuinely good but when I came from Instagram advertising reel to purchase products on snitch app this app didn't get me to direct that product. so I didn't get my desire product. please solve it,2,0,2025-10-17 00:10:30
0d0366c1-9970-46c7-8a1e-d1f80a071368,good service,5,0,2025-10-16 13:01:52
9a304a2e-e70b-4eda-a72f-e4d6cbc8927a,"Want to have the worst shopping experience? Download this magical Snitch App. The very first order you place will be gone into eternity, no offer will be given to you on your first order and on top of that the order will stay undelivered for more than 10 days. It does not matter whether you are living in a City like Greater Noida, Noida which comes under Delhi NCR. No contact to reach out to. No satisfying chat response. They keep on creating ticket while sitting on your order endlessly.",1,0,2025-10-16 09:27:15
b537653a-c7c6-4fd3-b864-65025f5b6c76,"not fair pricing, the price got increased the moment I clicked on buy button , whole day price of the shirt was 549 of any size, In evening I thought of buying and on payments page the price changed to 799 which is unfair , their pricing fluctuates a lot which is bad",2,1,2025-10-15 19:05:53
5a59b7d9-3715-438d-9ea5-542b8a7f48cf,size not available,1,0,2025-10-15 18:39:07
d2699bba-0592-483b-901f-4eb3b9cba8ef,its a scam,1,0,2025-10-15 18:25:13
2ff46937-68bf-4745-b478-b8764b082696,"I ordered clothes worth ₹5,000 from Snitch, but their delivery partner ShadowFX was very rude, unresponsive, and kept delaying delivery multiple times. Without even calling, they cancelled the order and kept marking reattempts. Snitch’s customer support also didn’t respond — they promised delivery on 15/10, but even today it’s delayed and cancelled again for tomorrow. Snitch is an Indian brand, yet they don’t even provide a good experience to Indian customers. Very disappointing don’t recommend",1,1,2025-10-15 14:28:43
1365cd49-ba53-41b6-a1c2-19a7b940fe6e,"indian clothing e commerce revolution, smoth interface and main clothing quality, price good compare current market",5,0,2025-10-15 12:15:13
9e6ffa0a-f06a-45ca-a1b5-d0809f53e5a0,"awesome app, mind blowing products",4,0,2025-10-14 19:41:18
3c103cb5-c207-422f-bfed-cfa69a97b55f,Pathetic service when the item was returned no one picked it up and marked the delivery as pick up failed. Even the customer support was not able to help. Will never ever shop or recommend this brand.It is pure Fraud,1,0,2025-10-14 18:29:10
1fedddd6-9240-4370-ad0a-11c4609683f1,this is the best clothing shopping experience I've ever seen on online there so much variety of shirt jeans and etc .. totally loved the app,5,0,2025-10-13 22:09:32
d40e3d59-5803-4176-b53e-a9b14cc20c75,very nice product,5,0,2025-10-13 18:29:20
5fd8cc7c-767e-4555-9dd7-e928bc65192e,Worst app they will scam us by sending torn clothes and after that bo one will respond for mails and messages. Better try other websites genuine websites like Amazon and myntra Dont fall for their trap by seeing too many ads,1,0,2025-10-13 17:25:41
b9fbd746-3236-4139-b4b0-3d494e0a5e9a,good,1,0,2025-10-13 14:44:14
c3be27a4-f90a-436d-82ce-b99eaad790f5,fantastic apparels app,5,0,2025-10-13 11:40:39
d45b4d46-9d9a-414e-b2e8-00b0596e7c49,"Very disappointed with Snitch service. Maine ek order return kiya tha aur ₹899 ka refund ab tak nahi mila. Customer support se baar-baar contact karne ke baad bhi koi proper response nahi aaya. Wallet me paisa atka hua hai, aur use nikal bhi nahi sakte. Snitch se umeed thi better service ki, lekin ab experience bilkul accha nahi raha. Please improve your refund process.",1,0,2025-10-13 11:21:37
4d551d9c-7ea3-4f26-83ef-3fa61c217b87,good,5,0,2025-10-13 07:26:26
a26b7a64-d8ff-48fc-8d28-ecc2aa6494dc,Pathetic Delivery Service. Ordered twice Didnt receive the order ended up cancelling after a week or so. They are just a marketing company and not a fashion company.,1,0,2025-10-13 00:09:33
eec41655-2acf-42f8-878b-cb4d33ca231e,"I just ordered a shirt, but compared to The Snitch company, its quality is very poor. The shirt I received is completely dirty and looks used. I requested a return, but they said ₹50 will be deducted for the return. I don’t understand how they can deduct ₹50 for a shirt that is in such bad condition. I expected a clean, good-quality product, not a dirty one. I request a full refund of the amount directly to my bank account, not as wallet balance.",1,0,2025-10-12 23:28:21
59b13e25-2096-4b78-98f4-cf55238f8095,"I have received dirty clothes in my past two orders, and you are asking for an additional ₹50 due to your mistake. Could you please explain how this is justified?",1,0,2025-10-12 23:11:33
4402c85e-96eb-431d-8939-3247f58441cc,Very good collections,5,0,2025-10-12 20:39:02
38d08b0f-12c8-4f45-b10e-aa031dd489e1,"Nice collections, please retain some previous shirt collections. Need more speed in ui interactions",5,0,2025-10-12 20:31:24
a373e73b-170c-4599-9123-1b24586032b1,No compromise in quality 🤟,4,0,2025-10-12 20:24:40
de784891-bb36-4c86-93bb-a5791c32b5ce,Good,5,0,2025-10-12 17:06:27
eafd4db5-edc4-4898-8937-9345af056e4b,worst customer support,1,0,2025-10-12 14:37:10
6babdc4b-bc86-40ce-86ea-928ba0e1eb99,"my dear snitch team this Diwali i shopping from offline outlet I feel you provide best and most stylish design over the trend i am very happy with overall collection, i just have one suggestion please provide your customer with year subscription or membership offers as other outlet brand are providing that's the suggestion",5,0,2025-10-12 12:03:54
c6e3d27a-9eb0-484f-a657-558b061c8f42,I love stuff quality,5,0,2025-10-12 11:52:47
6ab5c832-a702-4a79-96fb-5f09d0b5be01,"Very bad experience, everytime when open the app needs to login. No session management. Very annoying.",1,0,2025-10-12 10:54:56
d3180f21-c17f-41bb-b220-06173049505d,worst online franchise...show it in stock and take it order...after 4 and 5days they cancelled the order by saying out of stock..,1,1,2025-10-11 22:25:29
7044d1fd-8853-4ff7-b1d9-e8dd8fedf69c,my order has reached the nearest center but it has been a week and it is yet to be delivered the is no actual human customer support only ai chatbots my order number 5559272 is prepaid and i am really disappointed in the terribly poor customer support,1,0,2025-10-11 20:54:30
bb90f353-cf37-423a-8ae2-927bd009025a,Trendy plus size fashion,5,0,2025-10-11 20:53:16
061d0868-b73f-44fd-bf5e-520ed3942d74,good,5,0,2025-10-11 18:58:58
09fb6d79-57ad-4589-96b0-606a2e3ed9aa,The app asks to login everytime I open it. I cannot see my wishlisted items without giving an OTP. I love snitch products but at this point shopping from them feels like a headache just because of their app.,1,0,2025-10-11 17:16:29
4452ab90-4dd2-4907-ba4f-4573fbdf2b02,once they delivery and get money they will not exchange or return even within a same day order no 5543224 is not picked up till last 1 week,1,0,2025-10-11 16:02:17
c9cadb46-22c2-4c0d-9415-95c68d9b10d3,very bad experience with snitch because there is not possible to return your item and no chances to take your refund in my experience my two item was not returned and there side he cancelled to many times. at the last the return date was expired then no option to return your item. very bad 😞 😞 experience,1,1,2025-10-11 10:01:57
738769c3-dbdf-4052-921a-6562e453eb23,"Beware while ordering from Snitch! I had a terrible experience — placed an order for 3 shirts, payment failed on the app but money got deducted. Tried again, same issue, and both orders got processed. The app didn’t allow cancellation, and now while returning (without even opening the parcel) they’re charging ₹50 per order! Poor customer service and unreliable payment system. Be cautious before ordering.",1,0,2025-10-10 21:35:35
c437e941-bf57-41fb-8bd9-3b7256c3acf6,"👎👎👎👎 Very Disappointed with Return Policy and No Customer Support I purchased a T-shirt from SNITCH and received it on 9th October. Shockingly, on the same day of delivery, it already showed that the return date had expired! How can the return window close on the very day I received the product? To make things worse, I couldn't find any customer helpline number or proper support option to raise this issue. This is really disappointing and unprofessional. I expected a smoother return process",1,0,2025-10-10 14:28:20
04813f1c-2656-42a4-9d21-98971f6ff1eb,super,5,0,2025-10-10 12:16:03
ff476e72-1291-4977-9657-5961c1292152,nice shirt,5,0,2025-10-09 20:50:32
73c9445f-69b1-4689-b142-02364eaa215d,all good 👍,5,0,2025-10-09 20:33:09
2ef7e4a7-a00e-40d8-a449-ec2af3b4ab39,Third class customer service. using bots will always annoy the he'll out of customers. you need to invest in customer service. I bought 3 shirts and the app showed the payment status being updated with timer. nothing happened for a while and app crashed. then I checked my money was deducted and I can see my orders in orders page but it is still there in bag as well. so not sure if it's really confirmed or not. I have had very bad experiences before also with delivery getting delayed for days.,1,50,2025-10-09 19:26:08
20ed0439-4966-4342-9aaa-26b3d6640570,"the tshirt i am trying to order is still out of stock of that particular size S , its been 3 weeks ,they still have to work on restocking fast ,other than that the clothes are really good ,just the service is really down",2,0,2025-10-09 17:01:26
a75d971d-79d1-46e8-9a62-8368bdbcada6,Extremely poor experience. They are promissing to deliver the orders between 3-4 days it's been over a week my order is not even sheeped. there customer support is also slow. overall very poor experience and not recommending this app to anyone.,1,0,2025-10-09 09:16:05
779325fb-f78e-4b75-93c7-dfd03b5c4bbd,Very bad customer support i have received a defective product just wanted to exchange it but their is No proper option for putting it in exchange,1,1,2025-10-08 22:15:50
74b4a40c-150c-48ef-9513-dcce54a30a4e,its totally waste website i ordered a shirt from this website An when i receive the order on 30 sept it was not like I have seen in the website so I simply return it on 1 st oct And from the Website it was approved for return but No delivery agent came to pick up the order till today 8th October I have tried many of the time to contact them but no one answered any thing they just said that the delivery partner try to reach me an the pickup was failed but Till now I didn't receive any call,1,0,2025-10-08 20:27:41
f1671a4b-7303-42f8-9958-70afbd9f459e,Good But sometimes it have some technical error while I try to make a payment through UPI transaction it is failed but the amount is debited that amount is not reflected in the bank account..,5,3,2025-10-08 18:52:19
75752df2-2fa8-483d-89c1-3602ca902f9b,"I ordered a perfume around one and a half weeks ago, but I still haven’t received my order. Whenever I contact customer support, they keep saying it will be delivered tomorrow, but the delivery never happens. This repeated delay and false assurance are very disappointing and unprofessional. I expected much better service.",1,1,2025-10-08 18:45:59
ec5fed50-933c-49df-8f8b-d7a0c34e12a2,loved the products,5,0,2025-10-08 17:21:51
febd4692-b61d-463e-8276-727974d2318b,I ordered a product and it reached the delivery hub on 4th of October and i waited till 7th October then i reached out to customer care for help they said it will be delivered in 24hours after that my product was out for delivery on 7th of October and then again I Waited n today is 8th October and the order has not been delivered yet and customer support never resolves the issue very disappointed,1,0,2025-10-08 12:00:14
29a29a0b-e22f-47f8-93ee-016f6fd5264f,"when i ordered the product, i had added the correct location after the payment when i checked, taking the default location address and i cant change as well. i can track the order, and i could not find proper help for this sinario, because if I need to get that product, i need to guide the delivery person , because of this issue. so kindly resolve this kind of issue, so it will be helpful full for the user. so im worried that ill recieve the product or not.",2,0,2025-10-08 00:29:45
3945dff5-da7e-4a02-8c30-e9adf94bfdc4,Trending Collection,5,0,2025-10-07 20:01:50
5489abb1-ce1b-4904-9006-65ee6792fd46,"i didn't even recieved the call from agent and the order has been rescheduled for the second time again the same thing is repeated it tells that Hey Vineeth, Our courier partner has informed us that you were not available during the time of delivery they didn't even contact me",1,1,2025-10-07 16:56:31
115ee87c-cc6a-4bc5-b81a-449f5c3ec6dc,very nice product,5,0,2025-10-07 14:22:36
13ab9e35-c9d3-4d70-b40c-939255f88c97,service is fantastic like it came earlier than expected and also the product quality is so good,5,1,2025-10-07 12:44:19
f32c1db5-60f5-4995-bf05-d6cc37bb0927,worst app order cancelled but money not refund....,1,0,2025-10-07 12:10:26
b1e83c97-6c18-4d9f-a468-94d5cc187beb,extent dresses,4,0,2025-10-07 11:30:57
1583e4ed-139a-4e18-8b68-3a9aa57c0f2e,online store has been not maintained. very few stocks,1,0,2025-10-07 11:16:24
81b0365e-08da-4273-bdbd-c48165d8f23e,I had 600 X coins but now its showing 0 coins........its very frustrating will uninstall the app if I don't get my coins back.........,1,0,2025-10-07 06:28:56
ffe87f21-77f6-4385-a6f4-679b962b4721,bad app,1,0,2025-10-07 02:17:56
dd7a9d52-59d1-4a28-a0cc-fa0aa2183c07,zero stars for these mfs. customer support is pathetic..there is no number or email to contact. my product returned a month ago and its not even showing in this buggy app and when I reached out on the chat bot system they were beating around the bush..tried 5 times and there no accountability from the chating agent . I will never order from these frauds and going to file a complaint on consumer court,1,0,2025-10-06 21:26:20
6d2a2527-0798-4b1f-8e05-2e4f5086abee,worst app. Guys don't order anything from here. These people are scammers.,1,0,2025-10-06 21:24:06
920c8ec6-06c9-4781-8f9e-bae46191ab19,super,5,0,2025-10-06 20:49:53
c6a76a48-5b19-43d0-bb51-faa0d485186c,ऑर्डर देऊन सात दिवस झाले तारीख वार तारीख देतात व्हेरी बॅड या व्यतिरिक्त मेशो वर्ण ऑर्डर केले असते तर लवकर ऑर्डर मिळाली असती मी ऑनलाईन पेमेंट पण केले तरीही ऑर्डर काय आले नाही,1,0,2025-10-06 15:19:47
c7f76d73-0d4b-469d-9539-45443574e3cc,don't order from this app if any issue the customer care won't respond for your concern and refund process also totally it's a waste,1,1,2025-10-06 13:14:49
8beeb5c0-c89f-410a-9048-878d83fbf832,"bad experience, they are attracting customers by huge marketing and advertising but in reality quality can't be compared with foreign brands like even arrow , pepe, flying machine and all.",1,0,2025-10-06 11:55:45
76588f52-c685-4201-be09-3e58142905b2,awesome product,5,0,2025-10-06 10:29:39
f04f946d-8a64-47a7-aadc-0e79db8e761e,"this is the second time I've faced issues during placing an order. Yesterday, I initially purchased 3 main products and then a free product. Today I only received 3 out 4 products and in the app only 3 products are being displayed. it's very difficult getting in contact with your customer care and the app does not have an option of selecting missing products and furthermore I'm unable to raise any tickets as I constantly keep getting messages stating try again later",1,13,2025-10-06 10:03:17
dd1e72fa-2a48-48c0-b718-727ca26cf82b,Be very cautious while ordering from SNITCH. I was scammed by someone pretending to be their official — they had my exact order details and personal info. I lost money and SNITCH hasn’t responded to any of my complaints. This raises serious doubts about how securely they handle customer data. Very disappointing experience!,1,0,2025-10-05 16:42:24
dad209f4-fcfd-4da0-bd7f-1e116262473f,I think they are unable to provide quality service to the customer. Their products are good 👍 but costly as its Indian brand and they are D2C.,2,0,2025-10-05 07:55:39
81afe7db-303a-42f0-b2e4-040497e3dd56,good,5,0,2025-10-04 22:22:14
46b74804-0f3c-4537-b24e-6ad9aae6b453,"I am very disappointed with the Snitch app. The gift section keeps showing “when your previous gift is delivered” even though my previous gift has already been delivered. At one point, the gift section even disappeared completely, making it impossible to access. There’s no proper way to raise a support ticket for this problem, and the in-app chat gives only scripted responses with no real resolution. This is extremely frustrating, especially when you expect a smooth experience.",1,29,2025-10-04 19:00:52
4d5f60df-293f-473a-ae38-7c4e3e96c51f,very good,5,0,2025-10-04 15:10:04
381f7e8e-fa96-4d27-8c73-44379cff1fb9,order not even shipping from 5 days😑,1,0,2025-10-04 14:05:28
966a75d4-7f20-40da-ae4d-7cb20db446b5,"Pathetic Delivery service, the app is showing delivery failed as their delivery partner tried to deliver it but it was not there.... where as the reality is he haven't tried to call me, I haven't recieved any texts or calls from the delivery partner.... Very pathetic condition, didn't expect this from Snitch... Really Disappointing",1,0,2025-10-04 13:45:24
fff8b780-fd88-4a97-8e37-4217509e06fc,"Very Pathatic Service by SNITCH, I ordered a product tried it but didn't fit so I did return, but no one came to pickup the product even they send the message I shared the location, just did the notification that my phone was not able to reach but that was wrong data, in the end my return got cancelled and didn't get refund, by saving this money snitch just saved amount but lost his million customers. now I had deleted my snitch account never buy a product from them never suggest.",1,0,2025-10-04 13:04:01
20f956dd-db5c-4ddc-84ad-4b0820a0d188,really disappointed with delivery partner. no help offered by snitch and bluedart.,1,0,2025-10-04 12:12:21
5e7b3761-0030-476b-bb6f-c8ad6f073266,best,5,0,2025-10-03 21:17:22
c02aba13-eee5-4de8-aea5-480d3a4f3b13,Wrost app i ever seen on my life,1,0,2025-10-03 16:13:10
154f5226-addf-4a8c-90aa-369a93c30beb,"Extremely disappointed. I had ordered a shirt on 24.09.2025 where the expected date of delivery was 26.09.2025. Not having received it till 30.09.2025, I raised a complaint where I was assured delivery soon. My complaint was shown as resolved though my product was still not delivered. Its 03.10.2025 already and I am yet to receive my order. Extremely disappointing delivery experience",1,0,2025-10-03 14:37:47
4c088942-2b3d-4d31-afab-878002b8feb8,can't able to login for the last 2 days. when I try to login the OTP is not generating,1,0,2025-10-03 12:26:52
42279c0a-a24c-4959-83a1-ae14e89bf0fe,"zero star ... can't recieved otp, I have try multiple times.. no response ... worse",1,0,2025-10-03 09:30:21
3c3a398b-55d5-4b0d-be13-4c84709029fe,unable to login; no OTP being received,1,0,2025-10-02 23:28:01
81105374-f036-45dc-aba0-470285685d43,i have been asking for an exchange in size since last 15 days and everyday there a message of pick up and nobody turns up everyday they give a new code and no one is there to deliver the exchange product or to pick up the product pls pls pls help ! this needs to be done on urgent basis now ! it s very irritating and this specially happens when the payment is made in advance,1,1,2025-10-02 21:02:34
74cd44fa-fe0e-406b-8cb1-1ca3e67a9dbb,"This App has the worst Online customer care. We can't connect with live agent, we can't place an return order or exchange. Even after sending all the damaged products of product they don't reply . And the issue is resolved automatically with reply. This is worst online service ,like there is no accountability in online store. Even though you have sent a link to post our problem, I have posted it for almost 10 times. But no is responding and this shows the accountability of your online team.",1,0,2025-10-02 20:28:27
a7a55b30-1cb4-460c-b19e-18622e10d848,We are not happy with snitch company We went to the store & selected clothes Some clothes were not comfortable but we liked them We said get these clothes fitted & cut then from the store It was said that there is no company policy & we don't even have a tailor There is no such service for such a good & big company & customer so We kept coming without buying clothes.. We are not happy with such services,1,0,2025-10-02 14:47:13
b4365207-dad3-4235-936d-dbc4a48a6a86,nice shirt i ordered justified price,5,0,2025-10-02 13:46:16
ed4b1867-1e98-4bc9-b0c1-f4b45b198815,"I tried your collection but I didn't like it to be honest. The fabric quality is poor, the store experience was average and I received an expired perfume set as a free gift. No wonder why your products are cheap. Reputed clothing brands charge for a reason. I liked your trendy styles though but that's not enough I suppose.",1,0,2025-10-02 10:16:03
1c894644-1f44-427a-9e4e-df15f4b18a6f,top notch 💯👌🏻,5,0,2025-10-02 06:05:24
1bc89b11-3126-43aa-97dd-8145735d0c8e,one of the best fittings and verity in collection,5,0,2025-10-01 23:08:04
b2cedccb-d37e-4308-959b-eb772a1cbc50,credit card payment was giving me an error. had to switch to upi,4,0,2025-10-01 20:11:07
03651a2f-b706-48f8-ad5c-b1a4772f35ef,all is good and snitch is my favourite brand..but they removed the Emi option in the app itself...,4,0,2025-10-01 19:52:12
ea6bd0e9-ec95-4c12-9e0c-9cf084c3de45,Not able to log in for last 2 days,1,1,2025-10-01 10:53:23
3e205cf7-ccef-446e-b126-f7c4eb49c02f,unable to login. not receiving otp,1,2,2025-10-01 07:45:23
1b8fa996-5199-41c3-acf6-2ff6002b2d98,very good quality product and fabric,5,0,2025-09-30 12:51:31
8ede4366-94ef-4742-88cf-8c46d007be61,too large size and no option of return I think I lose of money I will go at higher level to get my money if my orders not return,1,0,2025-09-30 11:55:01
6cf99c2c-a613-4061-93f2-d53dab704016,My first experience is very bad with SNITCH ohh sorry this is not SNITCH this SNATCH. I was ordered and applied for return 2 times and both time getting cancelled and saying courier partner will pick parcel in 48 hour and i think SNATCH will try to pick after 7 days return policy over Great keep it up and lose customer trust,1,0,2025-09-30 11:35:27
6bbb7f02-1af2-485e-94f7-6ddfda592396,very bad experience with this app.There is no person when needed...Only chat is available.Very disgusting,1,0,2025-09-30 04:33:51
17dfcaf3-9c55-482e-a5d3-f2c73e66287c,links of Instagram ads does open on app,1,0,2025-09-30 02:45:00
f108fbc2-48a9-4382-81d6-1575b6cdea94,good,5,0,2025-09-30 01:32:04
be0b5308-80d6-4c51-8b02-82dd8930ec8b,good,5,0,2025-09-29 23:25:38
dc66aed6-708e-492f-8995-1f3fd12d67f0,"they will charge you for returning the product which doesn't fit you, because sizes are out of stock they don't allow to exchange for different product or at offline store. useless.",1,0,2025-09-29 23:02:16
5ef89936-1a94-4b3e-9651-ef0f5c8dba6c,shark tank wala video dekh kr man rone lag gya bhai ...to Download Kiya h ...abi dekha nhi h product kese h ...I wish badiya hi ho 🫡,5,0,2025-09-29 17:11:57
3ce0e096-fe6c-4c67-b7bd-7228f2409c11,"k hn YouTube yj tttttgtgguh, s m m rvv FF 4e s m m. rfcc cg frr4 mo mm present by mble me plljl to u ll no km bh biknnn p ll no uk ek e",5,0,2025-09-29 15:43:43
649bd350-7598-4973-a55c-0dab8689a030,I am in love with Snitch! I got my product very early within 2 days of ordering. And the products are definitely top notch! Thank you so much Snitch 💕,5,0,2025-09-29 13:34:05
c3c69f7e-3834-412f-824c-ea67812cb9a8,very slow refund process they ask UPI And taking more than 7 days to refund the amount and their customer care end the conversation by their own mood,1,0,2025-09-29 13:33:27
97243da6-dfa9-4a6a-a82b-a3ccb544e2c9,good,4,0,2025-09-29 13:32:01
56033541-3550-46a0-a63b-e52b327ee32e,"pure scammer , they leaked my address and then I got third party delivery and got scammed",1,0,2025-09-29 11:35:58
e764e9c5-1af1-4e94-b638-8f5be4fd9bab,"CRITICAL BLOCKER IN ""ADDING ADDRESS"" section. Only the current location address is being accepted for delivery. i wanted to order an item from Bangalore for my friend living in Udupi, and the app isn't letting me add the address of my friends location, as it only accepts my current location. . this is such a bad user experience! Your additional feature to reduce the burden of the users has turned out to be a critical blocker in real-world case scenarios.",2,0,2025-09-29 02:44:38
082ccf24-1be3-43a0-b1f5-98e1bab25a6d,Poor product quality and customer service. Just for exchange due to the size issue it took around one whole week and still I received a defective item.,1,0,2025-09-28 19:06:10
86dad3ba-e107-4769-8a9a-11f28eab5319,excellent,5,0,2025-09-28 17:02:36
34c6cf84-a77a-4107-aa42-6de7fd004ce5,😎,5,0,2025-09-28 16:53:50
9437b1c3-256d-414a-90ee-6e947b105c29,good quality product thank you Snitch ❤️,5,0,2025-09-28 16:30:21
61ed99cb-65e0-445d-ac1e-cf585ce27656,"app has so many bugs doesnt get open properly always gets stuck screen is frozen , options suddenly gets disabled really pathetic app delivery is scheduled but never received on time",1,1,2025-09-28 15:35:01
58a795e9-09bf-4fe2-805d-d8af71dc5314,good quality,5,0,2025-09-28 11:43:27
fd749cb7-8217-4f11-8466-2957ce66a255,"best fitting,great fabric.",5,0,2025-09-28 11:41:59
0d2def2e-df4b-46cb-85e1-f4d71d47e499,Order is not shipped in the said period. It's quite disappointing. Order ID 5541870.,1,1,2025-09-28 10:15:31
438edeba-a4c7-4ab5-90a5-e8caccc9e16a,pleasent,5,0,2025-09-27 23:56:52
f8d8aeff-fb3d-4cb5-827c-b496766fb894,I love this app and good collection,5,0,2025-09-27 22:10:15
7e62fa76-975d-4bea-a068-e785dfea5246,exceptional brand and wonderful quality i have never got the size that fit prefect more than this brand,5,0,2025-09-27 17:10:50
2e73b7c7-2577-43e5-b9c0-87a72da39025,best product,5,0,2025-09-27 15:37:36
d20fcca0-0bd9-4625-a5ce-47808bd31122,good styles,5,0,2025-09-27 11:47:55
62b5a162-6814-480a-8e9a-3f6f0bbf1c50,worst shopping experience i order tshirt but by mistake one plus size came and i request for return but no one came to take return please i req everyone don't but from here worst worst worst place for shopping,1,0,2025-09-26 17:46:42
aa1c9eca-5cc5-4028-aaa3-a74cbec747d7,shirt and tshirt are really amazing 🤩 But please make more product in 'xs' size ( specially shirt and tshirt length 26 in),4,0,2025-09-26 16:31:59
b7557992-e6cd-45d1-815a-fe8a1b4a6912,Zero Customer Support Loop. All good for as long as you keep buying. God forbid you have a complaint and need to get it solved.,1,0,2025-09-26 12:07:06
c766324c-3999-4b4d-825f-e003998cb42a,Outfits are wonderful to shop. But the app seems to be slow processing . Let the technical team takes this into their concern and work on updating the app for easier shopping will be needful for customers to shop more friendly.,4,0,2025-09-26 09:21:08
f7c0e7c9-e23f-4316-afe3-7012aec64922,"Best Indian Shopping App, Very well designed and easy to use application with decent cloth design and pattern.",5,1,2025-09-26 03:58:46
866afa09-b2a3-4312-816e-dababadb6e33,I never received any confirmation from you guys about the order I tried to place. Money was debited but I didn't get an email regarding it. Didn't get any payment confirmation from you,2,0,2025-09-25 21:45:35
959d12c4-f86c-4660-80ac-4c021b6e730c,don't use this app one of the worst experience with this guys,1,1,2025-09-25 16:56:35
c9e765a0-ae80-4c58-a60b-cbd5d05b2b8a,This is my first time using snitch application.They have a lot of issues in their payments process and the payment gets deducted and you will be prompted payment failed and the screen will remain frozen. I think they don't secure their customer data neither do they have certain firewalls in their application/website. I got in a small fraud which would have resulted in a major fraud. Somebody pretending to be executive from snitch had all the details and asked me to pay certain amount.,1,0,2025-09-25 14:19:09
